seller_id,orders_count,items_sold,gross_revenue,delivered_orders,on_time_deliveries,seller_id,avg_review_score
6560211a19b47992c3666cc44a7e94c0,1854,2033,123304.83,1996,1872,6560211a19b47992c3666cc44a7e94c0,3.91
4a3ca9315b744ce9f8e9374361493884,1806,1987,200472.92,1949,1735,4a3ca9315b744ce9f8e9374361493884,3.80
cc419e0650a3c5ba77189a1882b7556a,1706,1775,104288.42,1719,1616,cc419e0650a3c5ba77189a1882b7556a,4.07
1f50f920176fa81dab994f9023523100,1404,1931,106939.21,1926,1744,1f50f920176fa81dab994f9023523100,3.98
da8622b14eb17ae2831f4ac5b9dab84a,1314,1551,160236.57,1548,1435,da8622b14eb17ae2831f4ac5b9dab84a,4.07
955fee9216a65b617aa5c0531780ce60,1287,1499,135171.70,1472,1353,955fee9216a65b617aa5c0531780ce60,4.05
7a67c85e85bb2ce8582c35f2203ad736,1160,1171,141745.53,1155,1087,7a67c85e85bb2ce8582c35f2203ad736,4.23
ea8482cd71df3c1969d7b9473ff13abc,1146,1203,37177.52,1188,1065,ea8482cd71df3c1969d7b9473ff13abc,3.95
4869f7a5dfa277a7dca6462dcf3b52b2,1132,1156,229472.63,1148,1015,4869f7a5dfa277a7dca6462dcf3b52b2,4.12
3d871de0142ce09b7081e2b9d1733cb1,1080,1147,94914.20,1131,1064,3d871de0142ce09b7081e2b9d1733cb1,4.11
7c67e1448b00f6e969d365cea6b010ab,982,1364,187923.89,1355,1225,7c67e1448b00f6e969d365cea6b010ab,3.35
8b321bb669392f5163d04c59e235e066,943,1018,17535.69,1005,902,8b321bb669392f5163d04c59e235e066,4.00
1025f0e2d44d7041d6cf58b6550e0bfa,915,1428,138968.55,1420,1289,1025f0e2d44d7041d6cf58b6550e0bfa,3.85
620c87c171fb2a6dd6e8bb4dec959fc6,740,798,114774.50,778,704,620c87c171fb2a6dd6e8bb4dec959fc6,4.22
a1043bafd471dff536d0c462352beb48,718,770,101901.16,752,710,a1043bafd471dff536d0c462352beb48,4.19
cca3071e3e9bb7d12640c9fbe2301306,712,830,64009.89,817,773,cca3071e3e9bb7d12640c9fbe2301306,3.85
f8db351d8c4c4c22c6835c19a46f01b0,667,724,50525.60,714,672,f8db351d8c4c4c22c6835c19a46f01b0,4.22
e9779976487b77c6d4ac45f75ec7afe9,657,750,43162.95,738,683,e9779976487b77c6d4ac45f75ec7afe9,4.17
fa1c13f2614d7b5c4749cbc52fecda94,585,586,194042.03,579,520,fa1c13f2614d7b5c4749cbc52fecda94,4.34
7d13fca15225358621be4086e1eb0964,565,578,113628.97,571,503,7d13fca15225358621be4086e1eb0964,4.00
d91fb3b7d041e83b64a00a3edfb37e4f,535,536,40889.74,525,492,d91fb3b7d041e83b64a00a3edfb37e4f,4.10
128639473a139ac0f3e5f5ade55873a5,533,560,11908.85,554,519,128639473a139ac0f3e5f5ade55873a5,4.18
391fc6631aebcf3004804e51b40bcf1e,526,613,39951.95,605,547,391fc6631aebcf3004804e51b40bcf1e,3.95
d2374cbcbb3ca4ab1086534108cc3ab7,524,631,21223.92,620,587,d2374cbcbb3ca4ab1086534108cc3ab7,3.64
46dc3b2cc0980fb8ec44634e21d2718e,521,542,128111.19,523,490,46dc3b2cc0980fb8ec44634e21d2718e,4.18
85d9eb9ddc5d00ca9336a2219c97bb13,509,522,15415.24,512,494,85d9eb9ddc5d00ca9336a2219c97bb13,4.17
53e4c6e0f4312d4d2107a8c9cddf45cd,473,522,30148.95,512,485,53e4c6e0f4312d4d2107a8c9cddf45cd,4.05
1835b56ce799e6a4dc4eddc053f04066,423,558,33344.21,551,493,1835b56ce799e6a4dc4eddc053f04066,3.59
4e922959ae960d389249c378d1c939f5,420,454,46030.37,446,398,4e922959ae960d389249c378d1c939f5,3.90
1900267e848ceeba8fa32d80c1a5f5a8,411,529,24982.53,523,471,1900267e848ceeba8fa32d80c1a5f5a8,3.85
dbc22125167c298ef99da25668e1011f,406,429,33776.78,417,407,dbc22125167c298ef99da25668e1011f,4.23
16090f2ca825584b5a147ab24aa30c86,402,410,25716.44,406,362,16090f2ca825584b5a147ab24aa30c86,4.04
9f505651f4a6abe901a56cdc21508025,397,430,26361.82,426,406,9f505651f4a6abe901a56cdc21508025,4.28
2138ccb85b11a4ec1e37afbd1c8eda1f,396,429,12357.03,419,396,2138ccb85b11a4ec1e37afbd1c8eda1f,3.90
06a2c3af7b3aee5d69171b0e14f0ee87,392,405,36408.95,402,307,06a2c3af7b3aee5d69171b0e14f0ee87,4.00
218d46b86c1881d022bce9c68a7d4b15,388,427,55093.28,420,382,218d46b86c1881d022bce9c68a7d4b15,4.14
8581055ce74af1daba164fdbd55a40de,387,435,64925.30,427,384,8581055ce74af1daba164fdbd55a40de,4.23
8160255418d5aaa7dbdc9f4c64ebda44,385,431,47017.69,424,348,8160255418d5aaa7dbdc9f4c64ebda44,3.84
4d6d651bd7684af3fffabd5f08d12e5a,369,395,43587.40,389,371,4d6d651bd7684af3fffabd5f08d12e5a,4.18
53243585a1d6dc2643021fd1853d8905,358,410,222776.05,400,384,53243585a1d6dc2643021fd1853d8905,4.08
c826c40d7b19f62a09e2d7c5e7295ee2,354,373,45643.74,365,332,c826c40d7b19f62a09e2d7c5e7295ee2,4.04
92eb0f42c21942b6552362b9b114707d,341,365,6548.63,358,331,92eb0f42c21942b6552362b9b114707d,3.93
de722cd6dad950a92b7d4f82673f8833,339,379,55426.10,377,362,de722cd6dad950a92b7d4f82673f8833,4.16
7299e27ed73d2ad986de7f7c77d919fa,338,361,34725.43,358,341,7299e27ed73d2ad986de7f7c77d919fa,4.42
b2ba3715d723d245138f291a6fe42594,337,363,51676.88,350,320,b2ba3715d723d245138f291a6fe42594,4.11
7e93a43ef30c4f03f38b393420bc753a,336,340,176431.87,322,304,7e93a43ef30c4f03f38b393420bc753a,4.21
7ddcbb64b5bc1ef36ca8c151f6ec77df,334,343,55578.57,334,306,7ddcbb64b5bc1ef36ca8c151f6ec77df,3.90
5dceca129747e92ff8ef7a997dc4f8ca,325,346,112155.53,343,323,5dceca129747e92ff8ef7a997dc4f8ca,3.99
ef506c96320abeedfb894c34db06f478,324,340,9771.43,332,303,ef506c96320abeedfb894c34db06f478,3.90
77530e9772f57a62c906e1c21538ab82,320,389,46610.40,381,337,77530e9772f57a62c906e1c21538ab82,4.05
7142540dd4c91e2237acb7e911c4eba2,319,331,37373.56,328,302,7142540dd4c91e2237acb7e911c4eba2,4.04
897060da8b9a21f655304d50fd935913,317,430,23023.92,413,363,897060da8b9a21f655304d50fd935913,3.40
70a12e78e608ac31179aea7f8422044b,315,328,30858.53,323,288,70a12e78e608ac31179aea7f8422044b,3.77
855668e0971d4dfd7bef1b6a4133b41b,312,327,32208.16,311,268,855668e0971d4dfd7bef1b6a4133b41b,3.73
fa40cc5b934574b62717c68f3d678b6d,307,340,16055.87,337,317,fa40cc5b934574b62717c68f3d678b6d,4.43
87142160b41353c4e5fca2360caf6f92,305,339,31095.98,339,320,87142160b41353c4e5fca2360caf6f92,4.37
fe2032dab1a61af8794248c8196565c9,294,306,65959.61,305,279,fe2032dab1a61af8794248c8196565c9,4.38
c3cfdc648177fdbbbb35635a37472c53,278,307,43048.18,307,300,c3cfdc648177fdbbbb35635a37472c53,4.45
37be5a7c751166fbc5f8ccba4119e043,272,281,55350.55,278,271,37be5a7c751166fbc5f8ccba4119e043,4.30
634964b17796e64304cadf1ad3050fb7,268,326,39465.10,323,292,634964b17796e64304cadf1ad3050fb7,3.86
1da3aeb70d7989d1e6d9b0e887f97c23,265,328,8823.52,324,308,1da3aeb70d7989d1e6d9b0e887f97c23,4.07
4c2b230173bb36f9b240f2b8ac11786e,261,346,14592.27,343,312,4c2b230173bb36f9b240f2b8ac11786e,3.76
c70c1b0d8ca86052f45a432a38b73958,261,338,36537.37,336,309,c70c1b0d8ca86052f45a432a38b73958,4.30
562fc2f2c2863ab7e79a9e4388a58a14,260,270,8814.20,265,256,562fc2f2c2863ab7e79a9e4388a58a14,4.24
17e34d8224d27a541263c4c64b11a56b,255,268,56363.24,260,239,17e34d8224d27a541263c4c64b11a56b,4.14
a3a38f4affed601eb87a97788c949667,254,263,26533.32,260,248,a3a38f4affed601eb87a97788c949667,4.39
88460e8ebdecbfecb5f9601833981930,248,302,31546.55,300,241,88460e8ebdecbfecb5f9601833981930,3.35
1554a68530182680ad5c8b042c3ab563,247,269,29052.53,267,248,1554a68530182680ad5c8b042c3ab563,4.25
c3867b4666c7d76867627c2f7fb22e21,245,259,37153.40,241,214,c3867b4666c7d76867627c2f7fb22e21,3.85
0241d4d5d36f10f80c644447315af0bd,238,246,31397.70,246,232,0241d4d5d36f10f80c644447315af0bd,4.28
0ea22c1cfbdc755f86b9b54b39c16043,237,269,10711.70,265,261,0ea22c1cfbdc755f86b9b54b39c16043,4.33
dc4a0fc896dc34b0d5bfec8438291c80,231,249,24180.77,242,226,dc4a0fc896dc34b0d5bfec8438291c80,3.74
37515688008a7a40ac93e3b2e4ab203f,228,240,5986.60,239,215,37515688008a7a40ac93e3b2e4ab203f,4.08
e5a3438891c0bfdb9394643f95273d8e,224,255,7738.35,247,202,e5a3438891c0bfdb9394643f95273d8e,3.81
f7ba60f8c3f99e7ee4042fdef03b70c4,219,230,68395.00,229,191,f7ba60f8c3f99e7ee4042fdef03b70c4,4.21
4b9750c8ad28220fe6702d4ecb7c898f,218,222,15915.30,221,204,4b9750c8ad28220fe6702d4ecb7c898f,4.35
7aa4334be125fcdd2ba64b3180029f14,217,240,16234.81,237,205,7aa4334be125fcdd2ba64b3180029f14,4.05
e9bc59e7b60fc3063eb2290deda4cced,216,269,34343.06,260,227,e9bc59e7b60fc3063eb2290deda4cced,3.94
d1c281d3ae149232351cd8c8cc885f0d,215,240,26942.60,239,218,d1c281d3ae149232351cd8c8cc885f0d,3.81
7040e82f899a04d1b434b795a43b4617,212,228,9738.20,223,203,7040e82f899a04d1b434b795a43b4617,3.53
8d956fec2e4337affcb520f56fd8cbfd,211,228,11015.19,227,205,8d956fec2e4337affcb520f56fd8cbfd,4.19
4830e40640734fc1c52cd21127c341d4,210,219,9843.47,212,198,4830e40640734fc1c52cd21127c341d4,4.10
6edacfd9f9074789dad6d62ba7950b9c,208,219,13147.10,216,204,6edacfd9f9074789dad6d62ba7950b9c,4.36
cab85505710c7cb9b720bceb52b01cee,206,209,11389.10,204,199,cab85505710c7cb9b720bceb52b01cee,4.29
7178f9f4dd81dcef02f62acdf8151e01,203,216,37070.40,215,205,7178f9f4dd81dcef02f62acdf8151e01,4.03
ceaec5548eefc6e23e6607c5435102e7,203,211,52917.18,206,194,ceaec5548eefc6e23e6607c5435102e7,4.15
e26901d5ab434ce92fd9b5c256820a4e,202,221,11990.90,215,210,e26901d5ab434ce92fd9b5c256820a4e,4.06
2eb70248d66e0e3ef83659f71b244378,202,212,42628.61,197,169,2eb70248d66e0e3ef83659f71b244378,2.71
1c129092bf23f28a5930387c980c0dfc,201,220,9553.62,219,208,1c129092bf23f28a5930387c980c0dfc,4.17
001cca7ae9ae17fb1caed9dfb1094831,200,239,25080.03,234,221,001cca7ae9ae17fb1caed9dfb1094831,3.90
54a1852d1b8f10312c55e906355666ee,200,204,17226.44,202,182,54a1852d1b8f10312c55e906355666ee,4.34
f457c46070d02cadd8a68551231220dd,199,234,19093.00,230,215,f457c46070d02cadd8a68551231220dd,3.79
c003204e1ab016dfa150abc119207b24,197,202,25108.09,200,187,c003204e1ab016dfa150abc119207b24,4.42
41b39e28db005d9731d9d485a83b4c38,195,231,17112.55,223,210,41b39e28db005d9731d9d485a83b4c38,4.13
f262cbc1c910c83959f849465454ddd3,192,207,10482.83,204,185,f262cbc1c910c83959f849465454ddd3,4.09
ccc4bbb5f32a6ab2b7066a4130f114e3,187,192,74004.62,189,175,ccc4bbb5f32a6ab2b7066a4130f114e3,4.28
f45122a9ab94eb4f3f8953578bc0c560,187,200,22078.29,197,183,f45122a9ab94eb4f3f8953578bc0c560,3.91
850f4f8af5ea87287ac68de36e29107f,187,192,45355.36,191,179,850f4f8af5ea87287ac68de36e29107f,4.29
0c8380b62e38e8a1e6adbeba7eb9688c,182,220,17348.79,218,207,0c8380b62e38e8a1e6adbeba7eb9688c,4.04
86ccac0b835037332a596a33b6949ee1,180,210,16619.93,208,202,86ccac0b835037332a596a33b6949ee1,4.00
813348c996469b40f2e028d5429d3495,179,202,11205.83,195,186,813348c996469b40f2e028d5429d3495,4.00
7d76b645482be4a332374e8223836592,176,187,3843.93,183,163,7d76b645482be4a332374e8223836592,3.93
95e03ca3d4146e4011985981aeb959b9,175,193,11009.96,190,184,95e03ca3d4146e4011985981aeb959b9,3.99
522620dcb18a6b31cd7bdf73665113a9,174,180,57168.49,178,160,522620dcb18a6b31cd7bdf73665113a9,3.90
5656537e588803a555b8eb41f07a944b,174,188,8065.93,185,171,5656537e588803a555b8eb41f07a944b,3.80
9b013e03b2ab786505a1d3b5c0756754,174,225,9027.40,220,208,9b013e03b2ab786505a1d3b5c0756754,4.00
d98eec89afa3380e14463da2aabaea72,168,183,6968.53,183,179,d98eec89afa3380e14463da2aabaea72,4.29
1a3df491d1c4f1589fc2b934ada68bf2,167,178,23302.70,171,162,1a3df491d1c4f1589fc2b934ada68bf2,4.16
2e1c9f22be269ef4643f826c9e650a52,167,173,12687.68,167,156,2e1c9f22be269ef4643f826c9e650a52,4.16
6d66611d7c44cc30ce351abc49a68421,166,176,13593.40,174,162,6d66611d7c44cc30ce351abc49a68421,3.91
edb1ef5e36e0c8cd84eb3c9b003e486d,166,175,79284.55,174,161,edb1ef5e36e0c8cd84eb3c9b003e486d,4.43
cbd996ad3c1b7dc71fd0e5f5df9087e2,165,196,8411.04,189,173,cbd996ad3c1b7dc71fd0e5f5df9087e2,4.08
0b90b6df587eb83608a64ea8b390cf07,164,210,28592.32,209,202,0b90b6df587eb83608a64ea8b390cf07,4.00
2a84855fd20af891be03bc5924d2b453,164,168,15819.10,159,154,2a84855fd20af891be03bc5924d2b453,4.23
de23c3b98a88888289c6f5cc1209054a,164,181,26399.67,178,162,de23c3b98a88888289c6f5cc1209054a,4.28
669ae81880e08f269a64487cfb287169,162,186,13248.87,185,178,669ae81880e08f269a64487cfb287169,4.10
a416b6a846a11724393025641d4edd5e,162,181,25670.72,176,154,a416b6a846a11724393025641d4edd5e,4.16
0be8ff43f22e456b4e0371b2245e4d01,161,180,11805.50,175,164,0be8ff43f22e456b4e0371b2245e4d01,3.89
0dd184061fb0eaa7ca37932c68ab91c5,161,193,18446.92,193,174,0dd184061fb0eaa7ca37932c68ab91c5,3.95
2528513dd95219a6013d4d05176e391a,161,167,32689.10,166,157,2528513dd95219a6013d4d05176e391a,3.95
537eb890efff034a88679788b647c564,160,173,4679.70,171,161,537eb890efff034a88679788b647c564,4.17
7e1fb0a3ebfb01ffb3a7dae98bf3238d,159,174,27349.53,169,146,7e1fb0a3ebfb01ffb3a7dae98bf3238d,4.13
b76dba6c951ab00dc4edf0a1aa88037e,159,169,2574.78,167,162,b76dba6c951ab00dc4edf0a1aa88037e,4.15
004c9cd9d87a3c30c522c48c4fc07416,158,170,19712.71,168,155,004c9cd9d87a3c30c522c48c4fc07416,4.13
25c5c91f63607446a97b143d2d535d31,158,269,54679.22,266,250,25c5c91f63607446a97b143d2d535d31,3.70
9c0e69c7bf2619675bbadf47b43f655a,157,206,33702.78,200,181,9c0e69c7bf2619675bbadf47b43f655a,4.00
213b25e6f54661939f11710a6fddb871,155,194,15379.50,190,169,213b25e6f54661939f11710a6fddb871,3.79
36a968b544695394e4e9d7572688598f,154,162,9482.87,156,149,36a968b544695394e4e9d7572688598f,3.64
8f2ce03f928b567e3d56181ae20ae952,153,175,21712.90,172,147,8f2ce03f928b567e3d56181ae20ae952,4.06
b33e7c55446eabf8fe1a42d037ac7d6d,152,155,44985.17,152,132,b33e7c55446eabf8fe1a42d037ac7d6d,4.15
b499c00f28f4b7069ff6550af8c1348a,152,187,10327.13,182,162,b499c00f28f4b7069ff6550af8c1348a,4.14
66922902710d126a0e7d26b0e3805106,151,156,14362.30,155,144,66922902710d126a0e7d26b0e3805106,4.45
7ad32824caee82087b3e2e5f33b1bf32,151,184,22505.10,180,157,7ad32824caee82087b3e2e5f33b1bf32,3.77
5cf13accae3222c70a9cac40818ae839,149,156,14383.20,155,150,5cf13accae3222c70a9cac40818ae839,4.44
6cd68b3ed6d59aaa9fece558ad360c0a,149,157,11188.57,157,154,6cd68b3ed6d59aaa9fece558ad360c0a,4.45
cfb1a033743668a192316f3c6d1d2671,147,184,12803.64,179,160,cfb1a033743668a192316f3c6d1d2671,3.93
44073f8b7e41514de3b7815dd0237f4f,144,153,18729.64,151,144,44073f8b7e41514de3b7815dd0237f4f,3.76
b4ffb71f0cb1b1c3d63fad021ecf93e1,144,165,6656.09,164,160,b4ffb71f0cb1b1c3d63fad021ecf93e1,4.02
8b28d096634035667e8263d57ba3368c,143,155,9375.70,151,131,8b28d096634035667e8263d57ba3368c,3.86
1c68394e931a64f90ea236c5ea590300,142,171,24832.75,171,165,1c68394e931a64f90ea236c5ea590300,3.94
3c7c4a49ec3c6550809089c6a2ca9370,141,160,4033.64,158,145,3c7c4a49ec3c6550809089c6a2ca9370,3.69
5a8e7d5003a1f221f9e1d6e411de7c23,139,181,11171.90,179,168,5a8e7d5003a1f221f9e1d6e411de7c23,4.17
259f7b5e6e482c230e5bfaa670b6bb8f,138,165,8526.04,162,159,259f7b5e6e482c230e5bfaa670b6bb8f,4.21
48436dade18ac8b2bce089ec2a041202,138,151,12271.71,147,137,48436dade18ac8b2bce089ec2a041202,4.05
0bae85eb84b9fb3bd773911e89288d54,137,146,7482.21,145,144,0bae85eb84b9fb3bd773911e89288d54,4.21
db4350fd57ae30082dec7acbaacc17f9,137,146,3331.31,145,139,db4350fd57ae30082dec7acbaacc17f9,4.12
710e3548e02bc1d2831dfc4f1b5b14d4,136,142,23979.11,137,131,710e3548e02bc1d2831dfc4f1b5b14d4,3.40
79ebd9a61bac3eaf882805ed4ecfa12a,136,143,15092.79,140,132,79ebd9a61bac3eaf882805ed4ecfa12a,4.01
00ee68308b45bc5e2660cd833c3f81cc,135,172,20260.00,172,158,00ee68308b45bc5e2660cd833c3f81cc,4.33
12b9676b00f60f3b700e83af21824c0e,135,135,26774.00,133,131,12b9676b00f60f3b700e83af21824c0e,4.51
ce27a3cc3c8cc1ea79d11e561e9bebb6,135,164,10682.65,151,148,ce27a3cc3c8cc1ea79d11e561e9bebb6,3.87
7722b1df1b0e383e000397b2c11e3e19,134,145,7094.09,144,140,7722b1df1b0e383e000397b2c11e3e19,4.22
0db783cfcd3b73998abc6e10e59a102f,132,137,9077.40,137,132,0db783cfcd3b73998abc6e10e59a102f,4.21
8a32e327fe2c1b3511609d81aaf9f042,132,180,6429.01,169,159,8a32e327fe2c1b3511609d81aaf9f042,3.78
76d5af76d0271110f9af36c92573f765,131,159,33461.60,155,142,76d5af76d0271110f9af36c92573f765,4.08
a3e9a2c700480d9bb01fba070ba80a0e,130,144,13440.80,143,129,a3e9a2c700480d9bb01fba070ba80a0e,4.01
e9d99831abad74458942f21e16f33f92,130,149,4922.48,149,134,e9d99831abad74458942f21e16f33f92,3.91
ef0ace09169ac090589d85746e3e036f,129,140,16223.30,139,128,ef0ace09169ac090589d85746e3e036f,4.34
01fdefa7697d26ad920e9e0346d4bd1b,129,131,14921.43,130,122,01fdefa7697d26ad920e9e0346d4bd1b,4.35
a673821011d0cec28146ea42f5ab767f,129,146,13863.69,141,125,a673821011d0cec28146ea42f5ab767f,3.89
aafe36600ce604f205b86b5084d3d767,129,131,9251.40,131,125,aafe36600ce604f205b86b5084d3d767,4.38
2e90cb1677d35cfe24eef47d441b7c87,127,137,13894.71,137,120,2e90cb1677d35cfe24eef47d441b7c87,4.04
6a8b085f816a1f75f92dbac6eb545f8f,127,135,6018.97,133,121,6a8b085f816a1f75f92dbac6eb545f8f,4.12
7008613ea464bad5cb9b83456e1e6a8f,127,156,7777.00,152,146,7008613ea464bad5cb9b83456e1e6a8f,4.28
c9c7905cffc4ef9ff9f113554423e671,127,139,10657.18,139,123,c9c7905cffc4ef9ff9f113554423e671,4.16
2c9e548be18521d1c43cde1c582c6de8,126,174,6109.44,171,142,2c9e548be18521d1c43cde1c582c6de8,3.92
59fb871bf6f4522a87ba567b42dafecf,126,128,21708.57,125,117,59fb871bf6f4522a87ba567b42dafecf,4.22
17a053fcb14bd219540cbde0df490be0,125,149,40703.14,148,136,17a053fcb14bd219540cbde0df490be0,4.21
59b22a78efb79a4797979612b885db36,125,133,27184.50,133,116,59b22a78efb79a4797979612b885db36,3.97
cd68562d3f44870c08922d380acae552,125,132,18569.70,129,103,cd68562d3f44870c08922d380acae552,3.84
080102cd0a76b09e0dcf55fcacc60e05,124,130,5716.78,128,123,080102cd0a76b09e0dcf55fcacc60e05,4.49
1e8b33f18b4f7598d87f5cbee2282cc2,123,140,17309.06,139,133,1e8b33f18b4f7598d87f5cbee2282cc2,4.28
c31eff8334d6b3047ed34bebd4d62c36,122,123,13191.50,121,104,c31eff8334d6b3047ed34bebd4d62c36,3.85
dd7ddc04e1b6c2c614352b383efe2d36,122,143,9178.51,142,121,dd7ddc04e1b6c2c614352b383efe2d36,3.76
e5a38146df062edaf55c38afa99e42dc,121,125,15360.07,124,113,e5a38146df062edaf55c38afa99e42dc,3.95
18a349e75d307f4b4cc646a691ed4216,121,148,8711.53,128,121,18a349e75d307f4b4cc646a691ed4216,3.39
229c3efbfb0ea2058de4ccdfbc3d784a,121,148,15744.00,145,142,229c3efbfb0ea2058de4ccdfbc3d784a,3.64
f80edd2c5aaa505cc4b0a3b219abf4b8,119,128,9108.20,125,117,f80edd2c5aaa505cc4b0a3b219abf4b8,4.08
f5a590cf36251cf1162ea35bef76fe84,117,122,53201.78,118,106,f5a590cf36251cf1162ea35bef76fe84,4.24
431af27f296bc6519d890aa5a05fdb11,117,125,13109.50,124,105,431af27f296bc6519d890aa5a05fdb11,3.78
bfd27a966d91cfaafdb25d076585f0da,117,118,19921.00,115,109,bfd27a966d91cfaafdb25d076585f0da,4.28
17ca9b9e9b9ef8fdb529001b49ebb50f,116,129,9754.83,128,125,17ca9b9e9b9ef8fdb529001b49ebb50f,4.02
640e21a7d01df7614a3b4923e990d40c,116,137,7598.88,136,127,640e21a7d01df7614a3b4923e990d40c,4.26
1ca7077d890b907f89be8c954a02686a,115,137,13341.57,127,102,1ca7077d890b907f89be8c954a02686a,2.20
1127b7f2594683f2510f1c2c834a486b,114,132,6851.33,128,120,1127b7f2594683f2510f1c2c834a486b,4.10
6c7d50c24b3ccd2fd83b44d8bb34e073,114,128,8699.34,126,124,6c7d50c24b3ccd2fd83b44d8bb34e073,4.39
c33847515fa6305ce6feb1e818569f13,114,128,15519.85,128,122,c33847515fa6305ce6feb1e818569f13,3.72
fc906263ca5083d09dce42fe02247800,114,119,4497.70,117,117,fc906263ca5083d09dce42fe02247800,4.36
1b4c3a6f53068f0b6944d2d005c9fc89,113,117,14760.30,115,108,1b4c3a6f53068f0b6944d2d005c9fc89,4.11
0adac9fbd9a2b63cccaac4f8756c1ca8,110,142,15960.95,134,127,0adac9fbd9a2b63cccaac4f8756c1ca8,3.89
289cdb325fb7e7f891c38608bf9e0962,110,126,13544.95,125,123,289cdb325fb7e7f891c38608bf9e0962,4.58
f4aba7c0bca51484c30ab7bdc34bcdd1,110,117,3009.79,115,107,f4aba7c0bca51484c30ab7bdc34bcdd1,3.90
febab0275244b9a49a623f0bd613ca2f,109,129,7272.42,126,121,febab0275244b9a49a623f0bd613ca2f,4.26
dbb9b48c841a0e39e21f98e1a6b2ec3e,108,118,7186.85,118,113,dbb9b48c841a0e39e21f98e1a6b2ec3e,4.20
dd2bdf855a9172734fbc3744021ae9b9,108,113,10816.70,110,104,dd2bdf855a9172734fbc3744021ae9b9,3.80
25e6ffe976bd75618accfe16cefcbd0d,108,117,11691.61,115,109,25e6ffe976bd75618accfe16cefcbd0d,4.38
70eea00b476a314817cefde4aad4f89a,108,114,31994.65,112,104,70eea00b476a314817cefde4aad4f89a,4.35
8c16d1f32a54d92897cc437244442e1b,108,118,5642.60,118,116,8c16d1f32a54d92897cc437244442e1b,4.33
612170e34b97004b3ba37eae81836b4c,107,110,23065.02,110,108,612170e34b97004b3ba37eae81836b4c,4.43
b1fc4f64df5a0e8b6913ab38803c57a9,107,121,7994.74,121,107,b1fc4f64df5a0e8b6913ab38803c57a9,3.78
8e6cc767478edae941d9bd9eb778d77a,106,114,6830.58,108,100,8e6cc767478edae941d9bd9eb778d77a,3.90
33a6f4b1e7cdc205511e76ba1b6e0186,105,126,10295.01,126,124,33a6f4b1e7cdc205511e76ba1b6e0186,4.36
aaed1309374718fdd995ee4c58c9dfcd,105,112,9376.95,111,108,aaed1309374718fdd995ee4c58c9dfcd,4.05
3b15288545f8928d3e65a8f949a28291,104,121,14061.79,118,110,3b15288545f8928d3e65a8f949a28291,3.85
42b729f859728f5079499127a9c2ef37,104,132,4118.86,131,118,42b729f859728f5079499127a9c2ef37,4.35
00fc707aaaad2d31347cf883cd2dfe10,103,135,12684.90,135,129,00fc707aaaad2d31347cf883cd2dfe10,3.74
ac3508719a1d8f5b7614b798f70af136,103,104,12775.84,101,98,ac3508719a1d8f5b7614b798f70af136,4.57
b2479f944e1b90cf8a5de1bbfde284d6,103,131,4752.51,129,110,b2479f944e1b90cf8a5de1bbfde284d6,3.29
4371b634e0efc0e22b09b52907d9d469,102,112,8194.00,111,103,4371b634e0efc0e22b09b52907d9d469,4.41
d94a40fd42351c259927028d163af842,101,110,13823.80,109,105,d94a40fd42351c259927028d163af842,4.10
282f23a9769b2690c5dda22e316f9941,99,110,6505.08,109,104,282f23a9769b2690c5dda22e316f9941,4.30
8444e55c1f13cd5c179851e5ca5ebd00,99,109,22873.21,102,91,8444e55c1f13cd5c179851e5ca5ebd00,3.07
5c243662ce92d84573bfaff24c3e3700,98,100,32862.02,100,97,5c243662ce92d84573bfaff24c3e3700,4.13
7ea5bfa6c340f58f8e71fc1f0412b0d6,98,104,11002.89,102,95,7ea5bfa6c340f58f8e71fc1f0412b0d6,4.08
80e6699fe29150b372a0c8a1ebf7dcc8,98,100,11441.56,98,94,80e6699fe29150b372a0c8a1ebf7dcc8,4.29
9d4db00d65d7760644ac0c14edb5fd86,98,100,9979.70,99,95,9d4db00d65d7760644ac0c14edb5fd86,4.52
a49928bcdf77c55c6d6e05e09a9b4ca5,98,106,8816.70,104,78,a49928bcdf77c55c6d6e05e09a9b4ca5,2.95
aac29b1b99776be73c3049939652091d,98,138,6755.91,131,119,aac29b1b99776be73c3049939652091d,3.94
ececbfcff9804a2d6b40f589df8eef2b,98,104,6792.40,103,93,ececbfcff9804a2d6b40f589df8eef2b,4.12
530ec6109d11eaaf87999465c6afee01,97,104,12983.81,101,100,530ec6109d11eaaf87999465c6afee01,4.22
729f06993dac8e860d4f02d7088ca48a,96,115,20485.08,113,102,729f06993dac8e860d4f02d7088ca48a,4.29
6973a06f484aacf400ece213dbf3d946,95,115,11011.05,108,90,6973a06f484aacf400ece213dbf3d946,3.53
8648b1e89e9b349e32d3741b30ec737e,95,103,7442.55,100,90,8648b1e89e9b349e32d3741b30ec737e,4.04
8a432f4e5b471f8da497d7dc517666e2,95,106,7555.00,106,99,8a432f4e5b471f8da497d7dc517666e2,4.20
04308b1ee57b6625f47df1d56f00eedf,94,94,60130.60,92,81,04308b1ee57b6625f47df1d56f00eedf,3.88
3db66a856d18a9cba7c9241fc5221c50,94,97,9478.30,97,86,3db66a856d18a9cba7c9241fc5221c50,4.17
440dd6ab244315c632130ecfb63827b1,94,95,13696.90,92,80,440dd6ab244315c632130ecfb63827b1,3.85
5d0363b33554b373851fc1622e4d5f3c,94,95,6610.79,94,86,5d0363b33554b373851fc1622e4d5f3c,4.05
ff063b022a9a0aab91bad2c9088760b7,94,96,12076.50,96,93,ff063b022a9a0aab91bad2c9088760b7,4.28
dee656f0f566ed1aa85bd137c943f08f,93,95,6271.98,94,89,dee656f0f566ed1aa85bd137c943f08f,4.38
f27e33c6d29b5138fa9967bcd445b6d5,93,98,8888.30,98,88,f27e33c6d29b5138fa9967bcd445b6d5,4.09
7b07b3c7487f0ea825fc6df75abd658b,93,98,9731.85,96,92,7b07b3c7487f0ea825fc6df75abd658b,4.34
06e5eefc71ec47ae763c5c6f8db7064f,92,95,22188.56,93,91,06e5eefc71ec47ae763c5c6f8db7064f,3.90
1d8dbc4f32378d715c717c1c1fc57bae,92,98,11315.89,97,88,1d8dbc4f32378d715c717c1c1fc57bae,3.90
7e3f87d16fb353f408d467e74fbd8014,92,94,4754.99,93,82,7e3f87d16fb353f408d467e74fbd8014,4.13
891071be6ba827b591264c90c2ae8a63,92,98,4177.28,90,75,891071be6ba827b591264c90c2ae8a63,3.72
9616352088dcf83a7c06637f4ebf1c80,92,98,5703.00,97,97,9616352088dcf83a7c06637f4ebf1c80,4.24
d6b1ce66b035a475f00c017792ff9769,92,108,12277.40,108,100,d6b1ce66b035a475f00c017792ff9769,4.17
f84fa566034f5e8e880a07ec624c56af,91,102,5093.79,100,88,f84fa566034f5e8e880a07ec624c56af,4.27
827f8f69dfa529c561901c4f2e0f332f,91,104,3408.39,104,95,827f8f69dfa529c561901c4f2e0f332f,4.25
98dac6635aee4995d501a3972e047414,91,195,4235.85,190,181,98dac6635aee4995d501a3972e047414,3.88
527801b552d0077ffd170872eb49683b,90,92,17942.80,92,83,527801b552d0077ffd170872eb49683b,4.48
d20b021d3efdf267a402c402a48ea64b,90,106,4140.17,102,84,d20b021d3efdf267a402c402a48ea64b,3.65
f84a00e60c73a49e7e851c9bdca3a5bb,90,99,5949.94,97,87,f84a00e60c73a49e7e851c9bdca3a5bb,3.67
0509040ea3fe50071181bbc359eb7738,89,98,3737.95,96,90,0509040ea3fe50071181bbc359eb7738,4.50
2ff97219cb8622eaf3cd89b7d9c09824,89,96,4476.90,94,88,2ff97219cb8622eaf3cd89b7d9c09824,4.54
725c32fa80c2faacc4fc88450d27314e,89,93,7838.88,93,92,725c32fa80c2faacc4fc88450d27314e,4.54
bd23da7354813347129d751591d1a6e2,89,90,10544.30,87,83,bd23da7354813347129d751591d1a6e2,4.03
900ba814c251a692506d7834c1218441,88,88,29099.69,86,74,900ba814c251a692506d7834c1218441,4.19
adbc26658d6c7b4b6219f9d934598091,88,92,11806.40,92,78,adbc26658d6c7b4b6219f9d934598091,4.05
0df3984f9dfb3d49ac6366acbd3bbb85,87,89,10021.49,88,87,0df3984f9dfb3d49ac6366acbd3bbb85,4.30
609e1a9a6c2539919b8205cf7c4e6ff0,87,130,6595.23,130,127,609e1a9a6c2539919b8205cf7c4e6ff0,3.60
bd0389da23d89b726abf911cccc54596,87,90,7472.16,90,83,bd0389da23d89b726abf911cccc54596,4.20
e8b3a3a38279a82f0e5d006d5e5b7d2c,87,92,13154.70,85,81,e8b3a3a38279a82f0e5d006d5e5b7d2c,3.74
f3b80352b986ab4d1057a4b724be19d0,87,92,10505.10,91,91,f3b80352b986ab4d1057a4b724be19d0,4.13
9674754b5a0cb32b638cec001178f799,86,97,5069.92,95,92,9674754b5a0cb32b638cec001178f799,4.03
0432ead42b6c8a0bdf68154add917fdf,85,90,7792.10,87,84,0432ead42b6c8a0bdf68154add917fdf,4.48
8e6d7754bc7e0f22c96d255ebda59eba,85,130,14497.27,129,113,8e6d7754bc7e0f22c96d255ebda59eba,3.02
b561927807645834b59ef0d16ba55a24,85,95,4501.99,95,81,b561927807645834b59ef0d16ba55a24,4.34
ba143b05f0110f0dc71ad71b4466ce92,85,86,6110.58,84,71,ba143b05f0110f0dc71ad71b4466ce92,4.42
dbd66278cbfe1aa1000f90a217ca4695,85,99,4928.90,99,93,dbd66278cbfe1aa1000f90a217ca4695,4.45
ebd2d60905fb58271facef5596b620d3,84,88,7941.72,85,82,ebd2d60905fb58271facef5596b620d3,4.13
c8b0e2b0a7095e5d8219575d5e7e1181,84,85,12170.21,85,79,c8b0e2b0a7095e5d8219575d5e7e1181,4.05
3be634553519fb6536a03e1358e9fdc7,83,99,5370.95,95,87,3be634553519fb6536a03e1358e9fdc7,3.92
688756f717c462a206ad854c5027a64a,83,101,5966.54,99,90,688756f717c462a206ad854c5027a64a,3.77
972d0f9cf61b499a4812cf0bfa3ad3c4,83,88,8089.29,86,76,972d0f9cf61b499a4812cf0bfa3ad3c4,2.96
aba1721a889e04decc910aa13b768ef4,83,92,14103.30,92,82,aba1721a889e04decc910aa13b768ef4,4.46
b14db04aa7881970e83ffa9426897925,83,111,5898.60,105,93,b14db04aa7881970e83ffa9426897925,3.76
eeb6de78f79159600292e314a77cbd18,83,84,43739.84,83,80,eeb6de78f79159600292e314a77cbd18,4.43
f46490624488d3ff7ce78613913a7711,83,91,5802.85,87,77,f46490624488d3ff7ce78613913a7711,3.46
4e7c18b98d84e05cbae3ff0ff03846c2,82,89,9177.90,88,84,4e7c18b98d84e05cbae3ff0ff03846c2,4.14
8bb48dc19fccaa8613b6229bf7f452a2,82,95,4190.72,95,93,8bb48dc19fccaa8613b6229bf7f452a2,4.34
1bb2bdb95f4841f1bba2c0d2cd83d3c9,81,85,5002.71,83,77,1bb2bdb95f4841f1bba2c0d2cd83d3c9,4.59
080199a181c46c657dc5aa235411be3b,79,83,14504.20,83,81,080199a181c46c657dc5aa235411be3b,4.61
6b243f80ed07b10f0e8aa0f21a205f3c,79,89,6260.10,89,86,6b243f80ed07b10f0e8aa0f21a205f3c,4.02
712e6ed8aa4aa1fa65dab41fed5737e4,79,87,39815.00,85,67,712e6ed8aa4aa1fa65dab41fed5737e4,3.46
744dac408745240a2c2528fb1b6028f3,79,84,22490.60,83,82,744dac408745240a2c2528fb1b6028f3,4.55
d673a59aac7a70d8b01e6902bf090a11,79,84,3908.94,84,76,d673a59aac7a70d8b01e6902bf090a11,3.98
f3da5b2ff499efb8d4a6d371d175d7dd,79,84,3702.29,82,71,f3da5b2ff499efb8d4a6d371d175d7dd,3.83
ce7d1888639e6fb06b2749cbfdac1ff7,78,84,11793.89,84,77,ce7d1888639e6fb06b2749cbfdac1ff7,4.11
d05ae8f7a5bd1d2a690a44cd079e4e27,78,81,13436.00,80,73,d05ae8f7a5bd1d2a690a44cd079e4e27,3.79
d12c926d74ceff0a90a21184466ce161,78,99,3944.18,97,96,d12c926d74ceff0a90a21184466ce161,4.09
1f9ab4708f3056ede07124aad39a2554,78,79,13602.73,77,73,1f9ab4708f3056ede07124aad39a2554,4.09
34056b8b55c1775a22af2331670a799c,78,78,6455.40,77,68,34056b8b55c1775a22af2331670a799c,4.00
54965bbe3e4f07ae045b90b0b8541f52,78,86,10961.30,81,55,54965bbe3e4f07ae045b90b0b8541f52,2.94
670c26e0f1bf8d0576271d5cfaec6d2b,78,87,6341.60,86,82,670c26e0f1bf8d0576271d5cfaec6d2b,4.31
70c27847eca8195c983ed7e798c56743,77,98,12077.52,98,89,70c27847eca8195c983ed7e798c56743,4.20
8f119a0aee85c0c8fc534629734e94fd,77,83,3733.68,81,76,8f119a0aee85c0c8fc534629734e94fd,4.22
d921b68bf747894be13a97ae52b0f386,77,77,15645.80,77,76,d921b68bf747894be13a97ae52b0f386,4.56
dfa0c4c6229ab200a4a1336b4d7128ff,77,86,4777.10,86,83,dfa0c4c6229ab200a4a1336b4d7128ff,4.01
11bfa66332777660bd0640ee84d47006,76,102,3925.87,102,84,11bfa66332777660bd0640ee84d47006,3.78
516e7738bd8f735ac19a010ee5450d8d,76,84,6643.09,82,78,516e7738bd8f735ac19a010ee5450d8d,4.55
701938c450705b8ae65fc923b70f35c7,75,112,11983.28,111,105,701938c450705b8ae65fc923b70f35c7,3.77
966cb4760537b1404caedd472cc610a5,75,75,51286.05,67,65,966cb4760537b1404caedd472cc610a5,3.85
a7f13822ceb966b076af67121f87b063,75,86,12477.64,84,79,a7f13822ceb966b076af67121f87b063,3.44
cac4c8e7b1ca6252d8f20b2fc1a2e4af,75,83,4168.18,82,63,cac4c8e7b1ca6252d8f20b2fc1a2e4af,3.52
08633c14ef2db992c11f840f04fad4cd,74,97,7644.30,97,91,08633c14ef2db992c11f840f04fad4cd,4.24
1336efc61c316ddf92c899eb817f7cae,74,85,4837.31,85,77,1336efc61c316ddf92c899eb817f7cae,3.94
6860153b69cc696d5dcfe1cdaaafcf62,74,84,3827.63,84,77,6860153b69cc696d5dcfe1cdaaafcf62,4.16
9e6229250fedbe05838fef417b74e7fb,74,78,13132.20,77,74,9e6229250fedbe05838fef417b74e7fb,3.90
81a1104df0f08b59c68aa5b03cfe398e,73,73,9420.88,72,68,81a1104df0f08b59c68aa5b03cfe398e,4.27
9de4643a8dbde634fe55621059d92273,72,81,17560.34,81,76,9de4643a8dbde634fe55621059d92273,4.53
30a2f535bb48308f991d0b9ad4a8c4bb,71,87,4731.30,87,84,30a2f535bb48308f991d0b9ad4a8c4bb,4.26
5343d0649eca2a983820bfe93fc4d17e,71,111,10000.64,110,100,5343d0649eca2a983820bfe93fc4d17e,3.61
9646c3513289980f17226a2fc4720dbd,71,78,3039.30,76,70,9646c3513289980f17226a2fc4720dbd,4.26
ca3bd7cd9f149df75950150d010fe4a2,71,138,9731.85,135,132,ca3bd7cd9f149df75950150d010fe4a2,3.72
23613d49c3ac2bd302259e55c06c050c,70,80,4293.00,79,68,23613d49c3ac2bd302259e55c06c050c,3.66
d50d79cb34e38265a8649c383dcffd48,70,70,13012.42,70,65,d50d79cb34e38265a8649c383dcffd48,4.25
e59aa562b9f8076dd550fcddf0e73491,70,84,31574.30,82,75,e59aa562b9f8076dd550fcddf0e73491,4.25
f7ccf836d21b2fb1de37564105216cc1,70,74,2787.40,73,66,f7ccf836d21b2fb1de37564105216cc1,3.82
fd386aa7bed2af3c7035c65506c9b4a3,69,76,2304.15,76,68,fd386aa7bed2af3c7035c65506c9b4a3,4.36
822166ed1e47908f7cfb49946d03c726,69,108,3714.83,108,107,822166ed1e47908f7cfb49946d03c726,3.94
bbad7e518d7af88a0897397ffdca1979,69,85,4462.22,84,65,bbad7e518d7af88a0897397ffdca1979,3.04
066a6914e1ebf3ea95a216c73a986b91,68,74,9410.38,72,69,066a6914e1ebf3ea95a216c73a986b91,3.97
48162d548f5b1b11b9d29d1e01f75a61,68,91,20510.14,89,87,48162d548f5b1b11b9d29d1e01f75a61,3.76
5f2684dab12e59f83bef73ae57724e45,68,74,9000.87,73,69,5f2684dab12e59f83bef73ae57724e45,3.77
94144541854e298c2d976cb893b81343,68,76,17286.28,76,73,94144541854e298c2d976cb893b81343,4.29
cb8bcce248bb1fb274ba762d8b971456,68,69,9402.20,67,66,cb8bcce248bb1fb274ba762d8b971456,4.26
e333046ce6517bd8bb510291d44f0130,68,74,7268.00,74,70,e333046ce6517bd8bb510291d44f0130,4.39
f0b47fbbc6dee9aafe415a6e33051b3f,68,86,3795.91,85,77,f0b47fbbc6dee9aafe415a6e33051b3f,4.23
d13e50eaa47b4cbe9eb81465865d8cfc,67,69,7155.05,68,54,d13e50eaa47b4cbe9eb81465865d8cfc,4.81
6fd52c528dcb38be2eea044946b811f8,67,84,7743.02,84,75,6fd52c528dcb38be2eea044946b811f8,3.50
8cbac7e12637ed9cffa18c7875207478,67,82,2990.98,81,77,8cbac7e12637ed9cffa18c7875207478,4.15
9d5a9018aee56acb367ba9c3f05d1d6a,67,79,10292.31,78,77,9d5a9018aee56acb367ba9c3f05d1d6a,4.41
a420f60ff1aa9acc80d0e42959f2b313,67,69,7443.30,69,63,a420f60ff1aa9acc80d0e42959f2b313,3.93
4a3ccda38b2129705f3fb522db62ca31,66,78,17062.59,73,66,4a3ccda38b2129705f3fb522db62ca31,3.73
643214e62b870443ccbe55ab29a4dccf,66,68,3270.13,66,57,643214e62b870443ccbe55ab29a4dccf,4.43
834f3294fba9f932f56edc879193f925,66,66,39907.50,66,62,834f3294fba9f932f56edc879193f925,4.55
99eaacc9e6046db1c82b163c5f84869f,66,70,13139.17,67,60,99eaacc9e6046db1c82b163c5f84869f,3.90
056b4ada5bbc2c50cc7842547dda6b51,65,66,12333.39,65,58,056b4ada5bbc2c50cc7842547dda6b51,4.12
8ae520247981aa06bc94abddf5f46d34,65,65,16320.99,65,64,8ae520247981aa06bc94abddf5f46d34,4.45
8e8a7ce9f2f970dc00e2acf6f6e199f6,65,66,9101.00,64,58,8e8a7ce9f2f970dc00e2acf6f6e199f6,4.00
a17f621c590ea0fab3d5d883e1630ec6,65,80,2778.58,78,73,a17f621c590ea0fab3d5d883e1630ec6,4.09
ce248b21cb2adc36282ede306b7660e5,65,66,15230.06,65,58,ce248b21cb2adc36282ede306b7660e5,4.21
d566c37fa119d5e66c4e9052e83ee4ea,65,73,5145.70,73,70,d566c37fa119d5e66c4e9052e83ee4ea,4.72
1838dd9b8977065acf51d95e0053ea7a,64,67,2820.30,65,62,1838dd9b8977065acf51d95e0053ea7a,4.24
6039e27294dc75811c0d8a39069f52c0,64,75,13670.70,74,55,6039e27294dc75811c0d8a39069f52c0,3.84
76d64c4aca3a7baf218bf93ef7fa768d,64,69,16911.80,69,67,76d64c4aca3a7baf218bf93ef7fa768d,4.13
951e8cef368f09bb3f3d03c00ca4702c,64,71,4092.29,69,63,951e8cef368f09bb3f3d03c00ca4702c,4.12
beadbee30901a7f61d031b6b686095ad,64,68,4373.98,68,52,beadbee30901a7f61d031b6b686095ad,3.94
4c18691b6037662be2df78a765d98ab5,63,67,3195.52,67,62,4c18691b6037662be2df78a765d98ab5,3.84
5058e8c1e82653974541e83690655b4a,63,78,10022.82,77,67,5058e8c1e82653974541e83690655b4a,3.08
520b493b57809f446cb0a233bb3e25c7,63,73,3698.90,73,71,520b493b57809f446cb0a233bb3e25c7,4.38
5b925e1d006e9476d738aa200751b73b,63,63,7748.50,63,59,5b925e1d006e9476d738aa200751b73b,4.61
91f848e9f4be368f4318775aac733370,63,73,5932.60,70,68,91f848e9f4be368f4318775aac733370,4.28
96493fab2fbb13a14d0c0e8772eef5c3,63,64,18969.00,64,60,96493fab2fbb13a14d0c0e8772eef5c3,4.03
b372ee768ed69e46ca8cdbd267aa7a38,63,69,12630.00,69,69,b372ee768ed69e46ca8cdbd267aa7a38,4.40
cce6ab8d1682639fe45ab70234f1665f,63,66,2522.70,64,61,cce6ab8d1682639fe45ab70234f1665f,4.44
e62b2d6ac10570a035a30bafcf01d263,62,71,5340.39,71,60,e62b2d6ac10570a035a30bafcf01d263,3.83
fcb5ace8bcc92f75707dc0f01a27d269,62,73,8318.63,70,68,fcb5ace8bcc92f75707dc0f01a27d269,3.81
05d2173d43ea568aa0540eba70d2ca76,62,66,5759.66,66,62,05d2173d43ea568aa0540eba70d2ca76,4.00
06579cb253ecd5a3a12a9e6eb6bf8f47,62,72,4727.20,70,59,06579cb253ecd5a3a12a9e6eb6bf8f47,3.76
57e632711dec9ec14ca7546769483e7e,62,65,6350.06,65,65,57e632711dec9ec14ca7546769483e7e,4.42
5f1dc28029d2c244352a68107ec2b542,62,78,2807.30,78,72,5f1dc28029d2c244352a68107ec2b542,4.43
715bbd5ba4e6b74cb0d2f29eb45058b0,62,64,4043.30,64,59,715bbd5ba4e6b74cb0d2f29eb45058b0,4.47
75d34ebb1bd0bd7dde40dd507b8169c3,62,72,15048.28,67,57,75d34ebb1bd0bd7dde40dd507b8169c3,3.82
7a241947449cc45dbfda4f9d0798d9d0,62,72,8027.63,66,62,7a241947449cc45dbfda4f9d0798d9d0,3.58
b6d44737c043328708f6749c2dbe50bd,62,80,5369.60,79,75,b6d44737c043328708f6749c2dbe50bd,4.53
b92e3c8f9738272ff7c59e111e108d7c,62,70,8231.09,70,68,b92e3c8f9738272ff7c59e111e108d7c,4.07
01cf7e3d21494c41fb86034f2e714fa1,61,67,9729.36,65,62,01cf7e3d21494c41fb86034f2e714fa1,4.21
058fd0aa2bfdb2274e05e1ae971dabb6,61,64,7667.90,63,58,058fd0aa2bfdb2274e05e1ae971dabb6,4.38
0c7533c71df861ec58ad7ff999ed0e8d,61,73,2989.30,73,70,0c7533c71df861ec58ad7ff999ed0e8d,4.04
116ccb1a1604bc88e4d234a8c23f33de,61,73,2004.89,73,69,116ccb1a1604bc88e4d234a8c23f33de,4.60
4e17c65a516f69d023a2ae78b84f28d6,61,74,7639.26,74,66,4e17c65a516f69d023a2ae78b84f28d6,4.08
aced59e9b31ef866a94f9e7f29d8d418,61,67,7268.50,67,62,aced59e9b31ef866a94f9e7f29d8d418,4.43
d57e18d5f73c7ccb7f7339b61166898d,61,63,3187.70,63,61,d57e18d5f73c7ccb7f7339b61166898d,4.44
d650b663c3b5f6fb392b6326366efa9a,60,60,19242.90,57,53,d650b663c3b5f6fb392b6326366efa9a,4.20
f7720c4fa8e3aba4546301ab80ea1f1b,60,78,2083.45,77,74,f7720c4fa8e3aba4546301ab80ea1f1b,4.19
fffd5413c0700ac820c7069d66d98c89,60,61,9062.30,58,50,fffd5413c0700ac820c7069d66d98c89,3.87
05f51e13da97139648b8125c31e5f51b,60,63,13769.01,60,51,05f51e13da97139648b8125c31e5f51b,4.10
709e16e2b25c7474d980076c6bfc4806,60,80,5151.90,80,78,709e16e2b25c7474d980076c6bfc4806,4.53
05ff92fedb5be47920fea08e501238b9,59,62,21992.78,60,57,05ff92fedb5be47920fea08e501238b9,4.17
3078096983cf766a32a06257648502d1,59,64,8285.42,61,58,3078096983cf766a32a06257648502d1,4.20
3bdff180c7e1f6551a643b99c265a120,59,61,3114.90,58,54,3bdff180c7e1f6551a643b99c265a120,4.02
45d33f715e24d15a6ccf5c17b3a23e3c,59,61,4838.23,58,54,45d33f715e24d15a6ccf5c17b3a23e3c,4.05
582d4f8675b945722eda7c0cb61ba4c7,59,71,4702.96,71,70,582d4f8675b945722eda7c0cb61ba4c7,4.11
7681ef142fd2c19048da7430856b5588,59,77,31941.81,76,67,7681ef142fd2c19048da7430856b5588,4.13
c6bda72e4dbf5c5866b13cb1810c6d03,59,59,14059.38,59,57,c6bda72e4dbf5c5866b13cb1810c6d03,4.38
1eade46fba20122dc4aefb379f8c636b,58,75,3635.37,75,65,1eade46fba20122dc4aefb379f8c636b,4.31
6d803cb79cc31c41c4c789a75933b3c7,58,66,8711.40,66,62,6d803cb79cc31c41c4c789a75933b3c7,4.28
c864036feaab8c1659f65ea4faebe1da,58,58,10454.20,58,56,c864036feaab8c1659f65ea4faebe1da,4.57
376a891762bbdecbc02b4b6adec3fdda,57,58,6406.23,58,56,376a891762bbdecbc02b4b6adec3fdda,4.67
4992e76a42cb3aad7a7047e0d3d7e729,57,74,2211.10,73,68,4992e76a42cb3aad7a7047e0d3d7e729,3.84
e882b2a25a10b9c057cc49695f222c19,57,58,51057.54,58,58,e882b2a25a10b9c057cc49695f222c19,4.60
17f51e7198701186712e53a39c564617,56,61,48019.00,61,56,17f51e7198701186712e53a39c564617,4.34
1b8356dabde1d35e17cef975c3f82730,56,61,3426.39,60,59,1b8356dabde1d35e17cef975c3f82730,4.08
7d456afc660226829370f3173d14520c,56,91,8338.25,89,84,7d456afc660226829370f3173d14520c,4.29
8a130737016f838139d31878787a39c9,56,62,4222.03,62,58,8a130737016f838139d31878787a39c9,4.35
062ce95fa2ad4dfaedfc79260130565f,55,60,7521.00,59,57,062ce95fa2ad4dfaedfc79260130565f,3.97
3df020b72d3d44b3af9d110fa3940b65,55,101,5039.90,101,89,3df020b72d3d44b3af9d110fa3940b65,3.95
6c177e38df6d3f34182b1f1d427231bf,55,56,8341.89,54,52,6c177e38df6d3f34182b1f1d427231bf,4.04
b17b679f4f5ce2e03ce6968c62648246,55,57,4084.75,51,42,b17b679f4f5ce2e03ce6968c62648246,3.61
cc63f0dd2acba93ffed4fe9f8e0321fa,55,63,7096.71,63,63,cc63f0dd2acba93ffed4fe9f8e0321fa,4.05
dc317f341ab0e22f39acbd9dbf9b4a1f,55,58,18988.40,58,55,dc317f341ab0e22f39acbd9dbf9b4a1f,4.12
fa1a9dec3a9940c072684a46728bf1fc,55,60,6674.00,60,60,fa1a9dec3a9940c072684a46728bf1fc,3.98
d9a84e1403de8da0c3aa531d6d108ba6,54,59,1425.20,58,55,d9a84e1403de8da0c3aa531d6d108ba6,4.56
d9bd94811c3338dceb4181f3dbc0c73e,54,61,6911.02,61,54,d9bd94811c3338dceb4181f3dbc0c73e,4.82
e067ad2c1c0b48758eb1b5228bcf7a68,54,61,5042.55,61,56,e067ad2c1c0b48758eb1b5228bcf7a68,4.13
f214d28e8d8e3ef068748498ccc2f813,54,59,2212.41,57,53,f214d28e8d8e3ef068748498ccc2f813,4.02
2dee2ce60de9709b1a24083217181a1f,54,55,7784.50,55,53,2dee2ce60de9709b1a24083217181a1f,4.36
750303a20e9c56b2a6bc45cdce0b897d,54,57,8085.00,56,54,750303a20e9c56b2a6bc45cdce0b897d,4.28
751bdc4d83a466c7206cd42e8f426b03,54,71,6648.93,68,67,751bdc4d83a466c7206cd42e8f426b03,3.55
a5cba26a62b8b4d0145b68b841e62e7f,54,55,14737.84,54,53,a5cba26a62b8b4d0145b68b841e62e7f,4.53
a888faf2d1baececa6baf9c3d603ee1f,54,55,17765.80,54,46,a888faf2d1baececa6baf9c3d603ee1f,4.05
23d7c96d4a1160db1c726b248601b25a,53,55,11766.94,52,46,23d7c96d4a1160db1c726b248601b25a,3.81
3504c0cb71d7fa48d967e0e4c94d59d9,53,53,2349.94,53,53,3504c0cb71d7fa48d967e0e4c94d59d9,4.42
624f4ece8da4aafb77699233d480f8ef,53,55,9205.00,54,50,624f4ece8da4aafb77699233d480f8ef,4.19
7202e2ba20579a9bd1acb29e61fe71f6,53,55,12750.50,53,50,7202e2ba20579a9bd1acb29e61fe71f6,3.83
2a1348e9addc1af5aaa619b1a3679d6b,52,55,2843.00,51,36,2a1348e9addc1af5aaa619b1a3679d6b,3.00
2a7dc43cecabf23403078e2188437d1d,52,54,4795.91,54,50,2a7dc43cecabf23403078e2188437d1d,4.09
2b3e4a2a3ea8e01938cabda2a3e5cc79,52,54,23629.15,54,54,2b3e4a2a3ea8e01938cabda2a3e5cc79,4.39
318f287a62ab7ac10b703ac37435a231,52,62,2517.48,61,54,318f287a62ab7ac10b703ac37435a231,3.87
95f83f51203c626648c875dd41874c7f,52,67,3217.46,65,62,95f83f51203c626648c875dd41874c7f,3.18
e24fc9fcd865784fb25705606fe3dfe7,52,56,12936.00,55,51,e24fc9fcd865784fb25705606fe3dfe7,4.20
002100f778ceb8431b7a1020ff7ab48f,51,55,1234.50,54,45,002100f778ceb8431b7a1020ff7ab48f,3.98
048c2757535328e0d7dac690ad3c0aae,51,51,9264.78,50,43,048c2757535328e0d7dac690ad3c0aae,4.18
0b35c634521043bf4b47e21547b99ab5,51,78,13533.65,77,68,0b35c634521043bf4b47e21547b99ab5,3.49
0d85bbda9889ce1f7e63778d24f346eb,51,58,4845.20,58,47,0d85bbda9889ce1f7e63778d24f346eb,4.21
2a261b5b644fa05f4f2700eb93544f2c,51,82,5355.00,82,64,2a261b5b644fa05f4f2700eb93544f2c,3.34
a6fe7de3d16f6149ffe280349a8535a0,51,52,2904.80,51,43,a6fe7de3d16f6149ffe280349a8535a0,4.00
b1a81260566c1bac3114a6d124413f27,51,54,8684.69,54,53,b1a81260566c1bac3114a6d124413f27,4.22
09f952a5f58d2285b0372551ae8f9b01,50,56,11821.50,56,53,09f952a5f58d2285b0372551ae8f9b01,3.88
165fc07beebdcb6190fba8a06db2a449,50,64,17481.40,64,56,165fc07beebdcb6190fba8a06db2a449,3.69
25cf099de44674fde97473224f9d59ab,50,50,1654.36,50,48,25cf099de44674fde97473224f9d59ab,4.33
50c9975695009e5e6473912e83a6d1da,50,68,3964.40,68,61,50c9975695009e5e6473912e83a6d1da,3.99
602044f2c16190c2c6e45eb35c2e21cb,50,57,3739.16,55,42,602044f2c16190c2c6e45eb35c2e21cb,2.93
abe42c5d03695b4257b5c6cbf4e6784e,50,50,17159.00,49,41,abe42c5d03695b4257b5c6cbf4e6784e,3.92
cb3dd9ce66268c7a3ca7241ac70ab58c,50,52,2879.76,50,47,cb3dd9ce66268c7a3ca7241ac70ab58c,4.20
ea566164622c6b439516ab18062c42cd,50,52,10309.42,52,40,ea566164622c6b439516ab18062c42cd,3.75
138dbe45fc62f1e244378131a6801526,49,58,1125.56,58,56,138dbe45fc62f1e244378131a6801526,3.98
2a5b78b41cd05baeac8df54c6606b92c,49,60,19025.36,56,55,2a5b78b41cd05baeac8df54c6606b92c,4.08
729b2d09b2a0bdab221076327f13d050,49,61,1822.11,60,56,729b2d09b2a0bdab221076327f13d050,4.52
8b9d6eec4a7eb7d0f9d579ce0b38324d,49,53,4232.54,52,44,8b9d6eec4a7eb7d0f9d579ce0b38324d,4.06
994f04b3718c2bab35c2adfa8afecd2a,49,57,3445.70,55,51,994f04b3718c2bab35c2adfa8afecd2a,4.28
0ef83d7d83ed97cd2a0049ac8be5f88a,48,55,4421.01,55,54,0ef83d7d83ed97cd2a0049ac8be5f88a,4.25
4c03b9dd4c11ee2cb35c96c49efc9420,48,48,6458.60,48,47,4c03b9dd4c11ee2cb35c96c49efc9420,4.11
4c498c7345e89aebad651544829beca0,48,48,4819.76,47,41,4c498c7345e89aebad651544829beca0,4.29
56642bcb79900e777d68e91915cb4267,48,56,3657.64,56,47,56642bcb79900e777d68e91915cb4267,3.77
aae3bfea055532c57fb453ed3ec80b30,48,50,3057.92,50,50,aae3bfea055532c57fb453ed3ec80b30,3.55
0691148aee60ca47977c187804f935ae,47,53,5868.51,53,51,0691148aee60ca47977c187804f935ae,4.00
83e197e95a1bbabc8c75e883ed016c47,47,55,6693.69,54,53,83e197e95a1bbabc8c75e883ed016c47,4.75
9b00ed88b7fdb95d6ff76e27c1b52d16,47,51,1627.88,50,47,9b00ed88b7fdb95d6ff76e27c1b52d16,4.51
db2956745b3a8e9f3785c99f34b5d25e,47,48,8599.00,46,41,db2956745b3a8e9f3785c99f34b5d25e,3.73
efcd8d2104f1a05d028af7bad20d974b,47,51,2424.78,50,49,efcd8d2104f1a05d028af7bad20d974b,4.19
ede0c03645598cdfc63ca8237acbe73d,46,50,2518.37,47,31,ede0c03645598cdfc63ca8237acbe73d,3.62
fdb9095204a334cd8872252ffec6f2db,46,61,8156.00,61,58,fdb9095204a334cd8872252ffec6f2db,4.13
ff1fb4c404b2efe68b03350a8dc24122,46,49,6771.00,49,42,ff1fb4c404b2efe68b03350a8dc24122,4.06
381c83fdca332ea6afd896da20bf6e4a,46,46,7355.80,46,44,381c83fdca332ea6afd896da20bf6e4a,4.39
382229d1e840115ffe3dbf5ff460e417,46,49,4096.96,48,43,382229d1e840115ffe3dbf5ff460e417,4.27
3bb548e3cb7f70f28e3f11ee9dce0e59,46,53,7690.02,53,53,3bb548e3cb7f70f28e3f11ee9dce0e59,3.98
432c37c9dfba871172ec162e20118b8c,46,57,2968.87,55,47,432c37c9dfba871172ec162e20118b8c,4.18
81f89e42267213cb94da7ddc301651da,46,52,3955.00,52,52,81f89e42267213cb94da7ddc301651da,3.54
afe0067131b73e40875c9b6c10bd2e21,46,46,5130.40,45,43,afe0067131b73e40875c9b6c10bd2e21,4.20
406822777a0b9eb5c50e442dd4cd3ec5,45,47,3648.08,46,40,406822777a0b9eb5c50e442dd4cd3ec5,4.33
6b90f847357d8981edd79a1eb1bf0acb,45,47,3322.08,47,45,6b90f847357d8981edd79a1eb1bf0acb,4.38
870d0118f7a9d85960f29ad89d5d989a,45,61,3157.20,61,58,870d0118f7a9d85960f29ad89d5d989a,4.06
903037660cf848a717166eb7a06d616e,45,60,7991.51,59,50,903037660cf848a717166eb7a06d616e,3.77
99a54764c341d5dc80b4a8fac4eba3fb,45,67,3708.76,66,51,99a54764c341d5dc80b4a8fac4eba3fb,3.47
abcd2cb37d46c2c8fb1bf071c859fc5b,45,52,4880.22,51,49,abcd2cb37d46c2c8fb1bf071c859fc5b,4.25
b32be1695eb7ec5f10f72d9610a12527,45,46,26874.00,45,43,b32be1695eb7ec5f10f72d9610a12527,4.09
b8bc237ba3788b23da09c0f1f3a3288c,45,47,13685.71,47,46,b8bc237ba3788b23da09c0f1f3a3288c,4.35
bccf933e006e9b94a6184af782963e77,45,46,4162.74,46,45,bccf933e006e9b94a6184af782963e77,4.53
c66dccfb3f109511246da627dd5a2498,45,45,12708.55,44,42,c66dccfb3f109511246da627dd5a2498,4.49
c68fb906c8f4b4b946d8386bfa6e5467,45,48,4541.16,48,47,c68fb906c8f4b4b946d8386bfa6e5467,4.51
f680f85bee2d253556ac91be391d2c82,45,54,5183.92,54,53,f680f85bee2d253556ac91be391d2c82,4.30
cd06602b43d8800bd0afad514919d35c,44,53,2588.07,52,50,cd06602b43d8800bd0afad514919d35c,3.68
f789d2c4f2c2eb38fc4373e7a4b35264,44,49,4864.24,49,47,f789d2c4f2c2eb38fc4373e7a4b35264,4.18
02f623a8eb246f3c5f7c2f96462654e6,44,44,6378.00,44,40,02f623a8eb246f3c5f7c2f96462654e6,4.56
2089a6d640999f9b9141ac719b2af596,44,44,8830.82,41,35,2089a6d640999f9b9141ac719b2af596,3.73
2d50d6282f8aa2257819a77bfaa0efe0,44,45,3353.48,43,37,2d50d6282f8aa2257819a77bfaa0efe0,3.64
4da0e408c99d2fdc2126dc9fce518060,44,54,3026.00,54,54,4da0e408c99d2fdc2126dc9fce518060,4.50
58f1a6197ed863543e0136bdedb3fce2,44,45,6833.00,45,42,58f1a6197ed863543e0136bdedb3fce2,4.16
6f892e20a171e98efe17fdb971ff319b,44,53,6438.70,50,46,6f892e20a171e98efe17fdb971ff319b,3.73
835f0f7810c76831d6c7d24c7a646d4d,44,50,5130.00,48,33,835f0f7810c76831d6c7d24c7a646d4d,3.30
a2e874074c877c5a05abae80ad6e488f,44,46,8071.98,42,40,a2e874074c877c5a05abae80ad6e488f,3.91
acce39e832338debb07b02385cde5967,44,44,4748.10,44,44,acce39e832338debb07b02385cde5967,4.48
ad781527c93d00d89a11eecd9dcad7c1,44,44,6899.57,38,26,ad781527c93d00d89a11eecd9dcad7c1,3.07
b18dc380845b24038cfc48006478f099,44,54,8353.30,48,41,b18dc380845b24038cfc48006478f099,3.92
b39d7fe263ef469605dbb32608aee0af,44,49,5193.10,48,46,b39d7fe263ef469605dbb32608aee0af,3.75
b410bdd36d5db7a65dcd42b7ead933b8,44,44,7726.90,42,41,b410bdd36d5db7a65dcd42b7ead933b8,4.66
c9aafcd0621b2207c10e32c649cada4d,44,52,2997.25,47,43,c9aafcd0621b2207c10e32c649cada4d,4.02
0ed6ce5d87fd9c69eaacaeb778d67235,43,43,2141.42,42,36,0ed6ce5d87fd9c69eaacaeb778d67235,4.40
1da366cade6d8276e7d8beea7af5d4bf,43,49,6917.59,48,42,1da366cade6d8276e7d8beea7af5d4bf,3.94
31344c16881c08a8a72c6d2eb29918c1,43,43,9615.70,42,40,31344c16881c08a8a72c6d2eb29918c1,4.35
33a17d60c64393351ebf1ef860f4e0f2,43,47,8152.48,47,46,33a17d60c64393351ebf1ef860f4e0f2,4.62
3d8fa2f5b647373c8620330c4e077a9f,43,48,3571.73,47,46,3d8fa2f5b647373c8620330c4e077a9f,4.04
3f995f07c49d0d55a99d5c54957f7d81,43,43,3955.70,43,42,3f995f07c49d0d55a99d5c54957f7d81,4.21
5f3ae9136c875522250f8184f253413a,43,46,1158.00,45,42,5f3ae9136c875522250f8184f253413a,4.58
834f8533b2ecb6598dd004ff3de7203a,43,47,4538.29,45,37,834f8533b2ecb6598dd004ff3de7203a,3.76
9add47bf45ce8e8c7db6b9cf670b1e09,43,45,4829.24,43,42,9add47bf45ce8e8c7db6b9cf670b1e09,4.20
e0a366315b1b726b6c7832d664c0f530,43,51,7400.09,51,49,e0a366315b1b726b6c7832d664c0f530,4.33
ef990a83bbea832f36ebe81376335aa8,43,44,4642.59,44,33,ef990a83bbea832f36ebe81376335aa8,3.66
e63e8bfa530fb16910dd6956e592bb81,42,43,1311.70,42,40,e63e8bfa530fb16910dd6956e592bb81,4.27
1d4587203296c8f4ad134dc286fa6db0,42,43,2323.30,41,39,1d4587203296c8f4ad134dc286fa6db0,4.30
4559697a8f7e637227c2eeaed843baff,42,42,3696.00,39,36,4559697a8f7e637227c2eeaed843baff,4.07
82e0a475a88cc9595229d8029273f045,42,80,10930.02,79,74,82e0a475a88cc9595229d8029273f045,3.32
ad420dd0c4f92f8af951ac24b86d0cf5,42,46,4705.29,46,43,ad420dd0c4f92f8af951ac24b86d0cf5,4.16
bacb1f0ed56ad24198f5810d2b3fe9a5,42,42,6940.45,38,37,bacb1f0ed56ad24198f5810d2b3fe9a5,4.08
c013e57c075a06e5b5c48ee03c525719,42,45,1971.55,45,41,c013e57c075a06e5b5c48ee03c525719,4.16
c847e075301870dd144a116762eaff9a,42,43,15348.70,42,38,c847e075301870dd144a116762eaff9a,4.17
23c38debaffe4a25a30fdbd9b586a13f,41,46,5382.18,46,39,23c38debaffe4a25a30fdbd9b586a13f,4.30
43f8c9950d11ecd03a0304a49e010da6,41,41,4249.59,41,38,43f8c9950d11ecd03a0304a49e010da6,4.56
7dc8c42cc750eeafea6c85712ffee9bf,41,50,6409.68,50,48,7dc8c42cc750eeafea6c85712ffee9bf,4.26
c60b801f2d52c7f7f91de00870882a75,41,41,12913.50,39,31,c60b801f2d52c7f7f91de00870882a75,3.32
d66c305afaec317ebee552073a674429,41,47,4886.46,44,43,d66c305afaec317ebee552073a674429,4.40
dc8798cbf453b7e0f98745e396cc5616,41,51,2056.30,43,40,dc8798cbf453b7e0f98745e396cc5616,3.13
dd533b429f380718b70ad9922c294bae,41,45,2819.77,43,38,dd533b429f380718b70ad9922c294bae,3.73
d1b65fc7debc3361ea86b5f14c68d2e2,40,41,11703.07,40,38,d1b65fc7debc3361ea86b5f14c68d2e2,4.56
daeb5653dd96c1b11860f72209795012,40,41,2305.90,39,36,daeb5653dd96c1b11860f72209795012,4.07
1ce3ae5a399804d1a87e706f8a813c3e,40,44,2563.00,44,40,1ce3ae5a399804d1a87e706f8a813c3e,3.73
20d83f3ef0e6925fd74bfd59170babf7,40,54,2903.60,54,52,20d83f3ef0e6925fd74bfd59170babf7,4.35
34d1ca11b242c0fee2c834ae8d788566,40,41,13422.24,41,41,34d1ca11b242c0fee2c834ae8d788566,4.30
3f3486b61f45078d4f31ee5e43d8c5bb,40,40,3829.73,39,33,3f3486b61f45078d4f31ee5e43d8c5bb,4.33
6df688df543f90e9b38f4319e75a9d88,40,56,1949.96,55,55,6df688df543f90e9b38f4319e75a9d88,4.52
75fbb52eda0cbc24f479d3b2fbfa8d3e,40,43,1130.99,41,39,75fbb52eda0cbc24f479d3b2fbfa8d3e,4.40
83deb69e889cf80f82be1dc6d5f2d486,40,42,5363.01,42,40,83deb69e889cf80f82be1dc6d5f2d486,4.36
b1ac6ea7895bc3dd6f0f6f4abbdd2821,40,41,3139.00,38,38,b1ac6ea7895bc3dd6f0f6f4abbdd2821,4.27
b56906f7fd1696e043f1bcce164c487b,40,42,2148.49,42,40,b56906f7fd1696e043f1bcce164c487b,3.95
0bf0150d5b9d60d9cd2906003332f085,39,62,5774.60,62,50,0bf0150d5b9d60d9cd2906003332f085,3.71
0cbcee27c791afa0cdcb08587a2013a8,39,41,5324.15,39,35,0cbcee27c791afa0cdcb08587a2013a8,3.85
113e3a788b935f48aad63e1c41dac1bd,39,48,847.35,48,46,113e3a788b935f48aad63e1c41dac1bd,4.40
55a5b51f93f2b70ea513f5a047b0262a,39,41,4002.30,41,38,55a5b51f93f2b70ea513f5a047b0262a,4.49
5a93f3ab0ef4c84ed5e1b5dbf23978bc,39,44,2338.25,43,42,5a93f3ab0ef4c84ed5e1b5dbf23978bc,4.73
b94cc9f10ddc85e4ba73a6f7974e7101,39,39,25346.10,39,36,b94cc9f10ddc85e4ba73a6f7974e7101,4.30
cee48807215b30a12ca2ca10ffb5f250,39,40,7212.23,40,34,cee48807215b30a12ca2ca10ffb5f250,3.70
d23019c84ffae2d5ef2270367b8605fc,39,39,29205.10,39,38,d23019c84ffae2d5ef2270367b8605fc,4.41
e2aee0892199b1d92530e371abd825bf,38,41,5662.57,39,34,e2aee0892199b1d92530e371abd825bf,3.80
0176f73cc1195f367f7b32db1e5b3aa8,38,39,4733.10,38,34,0176f73cc1195f367f7b32db1e5b3aa8,4.03
45ba18c210d42734ec52c0c1c574e9ee,38,41,5589.13,38,36,45ba18c210d42734ec52c0c1c574e9ee,3.83
5b8154610ebb21fb90eb587365e673df,38,41,9397.54,40,34,5b8154610ebb21fb90eb587365e673df,4.20
7f7b8245c336066a1f9933c359f11d77,38,43,2094.36,43,42,7f7b8245c336066a1f9933c359f11d77,4.56
96804ea39d96eb908e7c3afdb671bb9e,38,40,3610.70,39,38,96804ea39d96eb908e7c3afdb671bb9e,3.90
ba90964cff9b9e0e6f32b23b82465f7b,38,38,44212.50,38,36,ba90964cff9b9e0e6f32b23b82465f7b,4.42
14d7985702e72162bbf13b6beb74ab2b,37,38,3887.00,38,33,14d7985702e72162bbf13b6beb74ab2b,4.34
3c03b12bab54d8b37d79d914bfdb1aa0,37,43,4236.34,43,36,3c03b12bab54d8b37d79d914bfdb1aa0,3.88
3fd1e727ba94cfe122d165e176ce7967,37,38,2805.20,36,29,3fd1e727ba94cfe122d165e176ce7967,3.82
594f9aaa48e5bf431f011ddc5669b0d5,37,38,3248.80,38,37,594f9aaa48e5bf431f011ddc5669b0d5,4.58
6338ea67c41078a46ad99cc009654956,37,44,2286.09,44,44,6338ea67c41078a46ad99cc009654956,4.61
63b464dbf392c7b80d12d932fa7cafed,37,39,6781.00,38,36,63b464dbf392c7b80d12d932fa7cafed,3.69
66dc1b1632bd6a3e508510c5b3492107,37,42,3721.39,41,40,66dc1b1632bd6a3e508510c5b3492107,3.43
718539d38d07dd351c76db862760e2e2,37,45,1318.90,43,43,718539d38d07dd351c76db862760e2e2,4.33
240b9776d844d37535668549a396af32,36,36,13592.08,35,33,240b9776d844d37535668549a396af32,4.28
26d8a1c7c75d513045798992ead43aa2,36,38,8244.12,36,33,26d8a1c7c75d513045798992ead43aa2,4.24
31561f325664a8a7aba4c8d0c3a9b3db,36,38,2702.19,38,37,31561f325664a8a7aba4c8d0c3a9b3db,4.58
325f3178fb58e2a9778334621eecdbf9,36,46,981.70,46,46,325f3178fb58e2a9778334621eecdbf9,4.46
32b8764b4ef628b53608fc34011fcc13,36,38,8884.00,38,35,32b8764b4ef628b53608fc34011fcc13,4.24
3586b8580d9c917874e053a1bb37b5ff,36,43,1524.70,43,41,3586b8580d9c917874e053a1bb37b5ff,4.44
3ab971ce71839580d2ae5b4e40fe8044,36,38,5002.90,37,34,3ab971ce71839580d2ae5b4e40fe8044,3.89
5cbbd5a299cab112b7bf23862255e43e,36,38,2726.06,38,38,5cbbd5a299cab112b7bf23862255e43e,4.32
6b3bd31ad8fcda4b2635ec9f3ff2ecdf,36,43,4198.90,42,38,6b3bd31ad8fcda4b2635ec9f3ff2ecdf,3.86
99002261c568a84cce14d43fcffb43ea,36,36,4088.00,36,33,99002261c568a84cce14d43fcffb43ea,3.72
bba74270a87732727b5a3b4fd9ac1c39,36,41,6001.59,40,40,bba74270a87732727b5a3b4fd9ac1c39,3.80
bd4889b5e9133b35b66e42a8665cea5c,36,42,6271.90,42,42,bd4889b5e9133b35b66e42a8665cea5c,4.46
bf84056e679dbe9c69929847a40e338f,36,40,2024.04,38,35,bf84056e679dbe9c69929847a40e338f,3.73
e8f6dc8e6a1dcde89d20e3995c8d90b3,36,48,2256.34,44,41,e8f6dc8e6a1dcde89d20e3995c8d90b3,3.35
ec8879960bd2221d5c32f8e12f7da711,36,36,4062.40,35,29,ec8879960bd2221d5c32f8e12f7da711,4.31
f181738b150df1f37cb0bd72e705b193,36,37,5529.70,37,33,f181738b150df1f37cb0bd72e705b193,4.49
dd55f1bb788714a40e7954c3be6df745,35,37,7041.76,37,31,dd55f1bb788714a40e7954c3be6df745,3.81
e49c26c3edfa46d227d5121a6b6e4d37,35,36,3654.25,35,35,e49c26c3edfa46d227d5121a6b6e4d37,4.42
fde0cc9ea29c8ccfc0a2c22256a58c71,35,35,3922.00,35,34,fde0cc9ea29c8ccfc0a2c22256a58c71,4.49
11305281b50fff20ae8bb473f8e11876,35,40,6528.70,40,35,11305281b50fff20ae8bb473f8e11876,4.35
42bde9fef835393bb8a8849cb6b7f245,35,40,7703.00,39,38,42bde9fef835393bb8a8849cb6b7f245,4.20
65febd49fd28ec955651299159b1f527,35,40,4319.70,38,36,65febd49fd28ec955651299159b1f527,4.23
6a0cbc8af2e8abd1bdfb777943d174c6,35,35,3894.05,34,31,6a0cbc8af2e8abd1bdfb777943d174c6,4.06
6fc26fe110feebd80a433e1f012a84f9,35,72,4150.87,72,67,6fc26fe110feebd80a433e1f012a84f9,4.01
71039d19d4303bf9054d69e9a9236699,35,38,3537.20,38,28,71039d19d4303bf9054d69e9a9236699,3.68
93dc87703c046b603023e75222018b45,35,36,8517.35,34,31,93dc87703c046b603023e75222018b45,4.00
bf3c6d2a28b2b5501e6c15448982dcc9,35,43,3956.50,43,42,bf3c6d2a28b2b5501e6c15448982dcc9,4.42
33ac3e28642ab8bda860a2f693000e78,34,35,3661.03,35,35,33ac3e28642ab8bda860a2f693000e78,4.23
5160d23075764e18e07c1f4a87fad743,34,39,2429.00,38,37,5160d23075764e18e07c1f4a87fad743,4.46
5b179e9e8cc7ab6fd113a46ca584da81,34,36,5173.50,36,33,5b179e9e8cc7ab6fd113a46ca584da81,3.51
a3dd39f583bc80bd8c5901c95878921e,34,37,4607.81,37,36,a3dd39f583bc80bd8c5901c95878921e,4.61
b90e891671cffd9557f33a97dc523645,34,39,4449.00,39,39,b90e891671cffd9557f33a97dc523645,4.13
d3f39f05462b79a4562d35893a28f159,34,38,2411.30,37,32,d3f39f05462b79a4562d35893a28f159,3.37
d5ba419e26d246a0719437cf37d9b46d,34,35,4061.40,34,30,d5ba419e26d246a0719437cf37d9b46d,3.82
e96498ed8daaa3e9c23f7a62da76591c,34,34,9619.09,34,29,e96498ed8daaa3e9c23f7a62da76591c,3.94
cc5a78bbad32776dc4e3af205218368c,33,38,4269.18,38,37,cc5a78bbad32776dc4e3af205218368c,4.47
d93919c944be9cff128f6c9cb899eacb,33,33,2666.70,33,27,d93919c944be9cff128f6c9cb899eacb,4.00
dfc5fb7259bb2b599ca565e6e9448f0f,33,34,6124.63,34,32,dfc5fb7259bb2b599ca565e6e9448f0f,4.12
0ffa40d54288e4f3499b8780dd0f144f,33,35,2162.80,35,30,0ffa40d54288e4f3499b8780dd0f144f,4.40
1caf283236cd69af44cbc09a0a1e7d32,33,37,917.60,37,33,1caf283236cd69af44cbc09a0a1e7d32,4.54
232a6014e7b10cba61c6c2b2ea6bb4b0,33,36,3919.87,35,33,232a6014e7b10cba61c6c2b2ea6bb4b0,4.09
276677b5d08786d5dce7c2149dcce48b,33,47,3522.00,45,42,276677b5d08786d5dce7c2149dcce48b,3.81
48efc9d94a9834137efd9ea76b065a38,33,34,345.60,34,34,48efc9d94a9834137efd9ea76b065a38,5.00
4917cee8d902e13428c3ec4b1ca6f315,33,33,5421.90,31,30,4917cee8d902e13428c3ec4b1ca6f315,4.16
8bd0f31cf0a614c658f6763bd02dea69,33,35,4455.34,35,34,8bd0f31cf0a614c658f6763bd02dea69,4.21
974cf2cb8f4b7add98709c30df02fe10,33,33,2982.67,30,29,974cf2cb8f4b7add98709c30df02fe10,4.06
b335c59ab742f751a85db9c411a86739,33,35,2873.34,31,29,b335c59ab742f751a85db9c411a86739,3.69
b4a476fbd28de64b1e347abf9089366a,33,38,5724.04,35,32,b4a476fbd28de64b1e347abf9089366a,3.76
b839e41795b7f3ad94cc2014a52f6796,33,36,42829.00,36,35,b839e41795b7f3ad94cc2014a52f6796,4.03
070d165398b553f3b4b851c216b8a358,32,39,3393.16,38,33,070d165398b553f3b4b851c216b8a358,3.50
20cb7c2fde3e5bf10f0bbe7394e1c6a9,32,51,861.90,50,45,20cb7c2fde3e5bf10f0bbe7394e1c6a9,3.84
2745f798279e0ed033addcc1474776d7,32,32,3668.53,32,29,2745f798279e0ed033addcc1474776d7,3.97
3340ef1913fb70d28420f6ceb685c339,32,42,6731.15,42,38,3340ef1913fb70d28420f6ceb685c339,4.33
3c4e0452bff7a2a788179488d3d77032,32,36,3746.40,36,35,3c4e0452bff7a2a788179488d3d77032,3.74
5c6d4016c2a288f074fa0848a2b653d2,32,35,3159.00,34,31,5c6d4016c2a288f074fa0848a2b653d2,4.11
6481e96574816ead57975da2c0f6d80d,32,43,3324.90,43,42,6481e96574816ead57975da2c0f6d80d,4.14
7b0df942f46435babab05d49b744b2c4,32,32,22600.63,32,29,7b0df942f46435babab05d49b744b2c4,4.39
850913d59ce317156b00f3705f1c3edb,32,34,2690.00,30,25,850913d59ce317156b00f3705f1c3edb,3.35
9baf5cb77970f539089d09a38bcec5c3,32,33,6129.67,32,32,9baf5cb77970f539089d09a38bcec5c3,4.33
ea67327e24487bdfac5fbfa37ea124df,32,34,6250.18,34,33,ea67327e24487bdfac5fbfa37ea124df,3.56
ed4acab38528488b65a9a9c603ff024a,32,40,12759.45,40,38,ed4acab38528488b65a9a9c603ff024a,3.73
f62d7bb4a613ec758a03342d46b580b2,32,32,24665.00,32,28,f62d7bb4a613ec758a03342d46b580b2,4.38
fad44952713764836814be105382aee5,32,32,5129.00,32,31,fad44952713764836814be105382aee5,4.28
cd6efc47efaabf134f8bdb654e10b4f1,31,32,4158.55,32,29,cd6efc47efaabf134f8bdb654e10b4f1,4.50
e8b4225284fbb02d16f200513f1f395d,31,31,5788.52,30,27,e8b4225284fbb02d16f200513f1f395d,4.19
f00e21b1e91a79653163b7fd8f293ff1,31,31,3900.09,31,30,f00e21b1e91a79653163b7fd8f293ff1,4.10
f67efa3f0b6761102a7f8c6b7b571f5d,31,32,5188.68,32,32,f67efa3f0b6761102a7f8c6b7b571f5d,4.44
01fd077212124329bac32490e8ef80d9,31,39,1208.00,39,38,01fd077212124329bac32490e8ef80d9,4.31
0ebd97a106433a45a4aebe57c1799778,31,32,3046.80,32,32,0ebd97a106433a45a4aebe57c1799778,4.50
18e694e0e48ed6f7aa3f24aade5fd697,31,34,701.54,34,33,18e694e0e48ed6f7aa3f24aade5fd697,4.68
33576ec5412fb5905d876f12f33bfde6,31,32,2718.00,32,31,33576ec5412fb5905d876f12f33bfde6,4.12
4e06067cc08b3f41d837768d392c3ee3,31,46,941.72,46,44,4e06067cc08b3f41d837768d392c3ee3,4.17
5d3bb11474a06bdc23fb9e89f1164ee0,31,32,3654.60,32,31,5d3bb11474a06bdc23fb9e89f1164ee0,3.94
66e0557ecc2b4dbea057e93f215f68d8,31,31,12480.00,30,22,66e0557ecc2b4dbea057e93f215f68d8,3.94
6ec1a01e866584bb679eb9b098345919,31,32,4248.91,31,24,6ec1a01e866584bb679eb9b098345919,4.13
72c5da29406b4234927b81855e7b64f6,31,31,11798.69,31,30,72c5da29406b4234927b81855e7b64f6,4.13
78c99c6dff4eeae5be99bf635ed21e3f,31,39,2030.88,39,34,78c99c6dff4eeae5be99bf635ed21e3f,4.33
b74d1c09cb380e1d03a6f859c6f4224b,31,39,2221.60,38,32,b74d1c09cb380e1d03a6f859c6f4224b,4.21
02f5837340d7eb4f653d676c7256523a,30,30,3883.05,30,29,02f5837340d7eb4f653d676c7256523a,4.83
0bb738e4d789e63e2267697c42d35a2d,30,31,2388.30,30,28,0bb738e4d789e63e2267697c42d35a2d,4.58
1b938a7ec6ac5061a66a3766e0e75f90,30,33,3987.60,31,30,1b938a7ec6ac5061a66a3766e0e75f90,4.24
2a6fbeaa7ab9e5d59a35841a8da71ce4,30,30,1632.79,30,28,2a6fbeaa7ab9e5d59a35841a8da71ce4,3.93
2bf6a2c1e71bbd29a4ad64e6d3c3629f,30,31,50628.90,31,28,2bf6a2c1e71bbd29a4ad64e6d3c3629f,4.19
323ce52b5b81df2cd804b017b7f09aa7,30,30,2554.20,29,24,323ce52b5b81df2cd804b017b7f09aa7,4.31
3ade81dab5a172b88e1871c28ae05260,30,32,5751.60,30,26,3ade81dab5a172b88e1871c28ae05260,4.06
3c487ae8f8d7542beff5788e2e0aea83,30,33,9385.70,33,32,3c487ae8f8d7542beff5788e2e0aea83,3.91
40d54b51e962dbe09cabbcfd33298dee,30,31,6785.56,31,31,40d54b51e962dbe09cabbcfd33298dee,3.90
6e386f64c84e482f0b9abf960797ee1b,30,30,12938.30,29,26,6e386f64c84e482f0b9abf960797ee1b,4.61
94e93ce877be27a515118dbfd2c2be41,30,35,5674.57,34,34,94e93ce877be27a515118dbfd2c2be41,3.94
b2ac621f0d0322434d04a12b078b9369,30,30,9575.50,30,27,b2ac621f0d0322434d04a12b078b9369,4.40
c8467937e403e76a8ee9f0ab13f6f5ef,30,33,1853.79,33,29,c8467937e403e76a8ee9f0ab13f6f5ef,4.13
c8b3445d737de6befde0c88ede534a5e,30,36,3149.04,36,35,c8b3445d737de6befde0c88ede534a5e,3.97
e38db885400cd35c71dfd162f2c1dbcf,30,32,2066.80,32,28,e38db885400cd35c71dfd162f2c1dbcf,4.50
d1ef48b38baca7e831711c4a0aeb398f,29,35,1469.12,34,30,d1ef48b38baca7e831711c4a0aeb398f,4.43
d4e12e7884759a14fa0f5f896c791cae,29,32,1400.00,32,30,d4e12e7884759a14fa0f5f896c791cae,4.63
d71d863e5ef30d94e440c11be17dcd8f,29,36,11900.90,30,27,d71d863e5ef30d94e440c11be17dcd8f,3.24
d97df38225e5abadaff1e72cb72b823c,29,29,1846.00,28,23,d97df38225e5abadaff1e72cb72b823c,3.93
e06f09ec0a4aca210779cf1cfc63cf19,29,31,5279.49,31,29,e06f09ec0a4aca210779cf1cfc63cf19,4.03
f12ff17ad8bbf01ec5c33b17e506649b,29,29,6241.00,28,25,f12ff17ad8bbf01ec5c33b17e506649b,3.83
1464afc72f696af775557a821c2e253f,29,30,1059.36,30,29,1464afc72f696af775557a821c2e253f,4.17
17306570e772e7718c92a562d33f5f1d,29,32,9669.80,30,28,17306570e772e7718c92a562d33f5f1d,3.63
238fac594e170b59c6d228f5a4f4f1d9,29,30,3126.00,30,26,238fac594e170b59c6d228f5a4f4f1d9,3.97
271c58a1d139c45eaf3316107c6d3a3b,29,29,3897.52,27,25,271c58a1d139c45eaf3316107c6d3a3b,4.07
31da954dc0855f2495c6310f70a2f931,29,30,4583.00,30,27,31da954dc0855f2495c6310f70a2f931,4.23
3361277dc30b7cccdb0c286b24219756,29,42,3905.05,42,37,3361277dc30b7cccdb0c286b24219756,4.21
4aba391bc3b88717ce08eb11e44937b2,29,30,7595.87,28,24,4aba391bc3b88717ce08eb11e44937b2,3.90
4bf2f4ee540798a61f9636d12cd9cc80,29,30,4995.56,30,29,4bf2f4ee540798a61f9636d12cd9cc80,4.17
4ebdc7e6cd6102a022dadc49156d4ea8,29,32,928.70,32,31,4ebdc7e6cd6102a022dadc49156d4ea8,3.79
57c764b4a836300be881e2ff86e449f9,29,30,1211.00,29,25,57c764b4a836300be881e2ff86e449f9,4.17
73a63f72308aa20a46f4b1632018f196,29,41,9606.80,35,35,73a63f72308aa20a46f4b1632018f196,4.05
817245bcc3badd82bbd222e0366951a6,29,45,5580.50,44,43,817245bcc3badd82bbd222e0366951a6,4.07
8931a84a914b3fe9b1ddaa4d704947ca,29,32,4668.30,32,27,8931a84a914b3fe9b1ddaa4d704947ca,3.77
8b2492b7ff4468839593fafeed55bad9,29,45,3660.08,45,40,8b2492b7ff4468839593fafeed55bad9,3.89
bf00385a5f7fc1ef39a13c2e9ee50a5f,29,29,870.30,28,28,bf00385a5f7fc1ef39a13c2e9ee50a5f,4.31
0885aaf116795758dfeb5f1032487bcd,28,30,2648.00,29,28,0885aaf116795758dfeb5f1032487bcd,4.20
14a08204d03bb6b6bde8029f801ae0eb,28,38,2185.40,38,38,14a08204d03bb6b6bde8029f801ae0eb,3.82
1771297ac436903d1dd6b0e9279aa505,28,36,2881.27,36,35,1771297ac436903d1dd6b0e9279aa505,4.63
28f10b1c5e5abb9d4857745bede6147c,28,28,835.00,28,22,28f10b1c5e5abb9d4857745bede6147c,4.00
38e679b9e0064cd94c6f035707344dae,28,30,3694.51,28,27,38e679b9e0064cd94c6f035707344dae,3.93
6061155addc1e54b4cfb51c1c2a32ad8,28,33,15633.40,33,32,6061155addc1e54b4cfb51c1c2a32ad8,4.71
821fb029fc6e495ca4f08a35d51e53a5,28,29,19187.42,25,16,821fb029fc6e495ca4f08a35d51e53a5,3.43
960945e1a9535cbc0cd6ddd35fbe7ae8,28,29,3381.73,29,29,960945e1a9535cbc0cd6ddd35fbe7ae8,4.66
c0563dd588b775f2e37747ef6ad6c92c,28,28,3697.20,28,25,c0563dd588b775f2e37747ef6ad6c92c,4.36
d379f449f2a3b271bc01c0782020f705,28,29,4423.06,29,28,d379f449f2a3b271bc01c0782020f705,3.93
df560393f3a51e74553ab94004ba5c87,28,29,3661.18,27,25,df560393f3a51e74553ab94004ba5c87,3.72
e5e33c0d8e7e002f398f5dc4cbbb338f,28,29,6698.70,27,24,e5e33c0d8e7e002f398f5dc4cbbb338f,4.34
e7d5b006eb624f13074497221eb37807,28,63,3478.93,63,61,e7d5b006eb624f13074497221eb37807,3.11
ffc470761de7d0232558ba5e786e57b7,28,31,1649.01,30,28,ffc470761de7d0232558ba5e786e57b7,4.30
e0878efa0e0b7e5313ac0b43bc04c081,27,29,5065.30,28,23,e0878efa0e0b7e5313ac0b43bc04c081,3.47
f41ce2e25237f9092cd8e6e7516c7a2f,27,28,2030.90,27,27,f41ce2e25237f9092cd8e6e7516c7a2f,4.32
1f1bb1f0859883505541bdd6606193e5,27,29,16040.84,29,26,1f1bb1f0859883505541bdd6606193e5,4.31
575df70bde3f9f2b30bf8d2e9910d725,27,34,5410.05,34,32,575df70bde3f9f2b30bf8d2e9910d725,4.12
5b67882648febfb6e1225e6ad7164f6b,27,30,6813.48,30,29,5b67882648febfb6e1225e6ad7164f6b,4.03
5f5b43b2bffa8656e4bc6efeb13cc649,27,29,3677.20,29,28,5f5b43b2bffa8656e4bc6efeb13cc649,4.45
671585f5a2af58b6e276bc01003c0d2b,27,27,1244.00,27,27,671585f5a2af58b6e276bc01003c0d2b,4.70
7ade73f1b9b4e965f9009a4c3a7e2c15,27,28,1880.30,27,27,7ade73f1b9b4e965f9009a4c3a7e2c15,4.78
8d79c8a04e42d722a75097ce5cbcf2ef,27,28,2777.72,27,23,8d79c8a04e42d722a75097ce5cbcf2ef,4.46
95ec4458365c4d11f452ccf538377619,27,31,1866.76,31,30,95ec4458365c4d11f452ccf538377619,4.27
cac876b37d3abcd6bd76caca30277996,27,33,2229.77,33,28,cac876b37d3abcd6bd76caca30277996,4.56
cc3d14116804f7209f3884f6367f1152,27,30,5477.80,30,29,cc3d14116804f7209f3884f6367f1152,4.67
06df0c10d34e459d9672bc77388742eb,26,30,9070.00,30,27,06df0c10d34e459d9672bc77388742eb,4.37
2709af9587499e95e803a6498a5a56e9,26,47,1279.56,46,23,2709af9587499e95e803a6498a5a56e9,2.57
272f092de69afedd4d2969440b37f18f,26,40,1935.33,39,39,272f092de69afedd4d2969440b37f18f,3.92
3771c85bac139d2344864ede5d9341e3,26,30,1433.30,30,25,3771c85bac139d2344864ede5d9341e3,3.57
4bfc7a4a1cf8d4d2121c27422d9e50b5,26,40,8124.40,40,39,4bfc7a4a1cf8d4d2121c27422d9e50b5,4.23
6a51fc556dab5f766ced6fbc860bc613,26,33,7577.67,31,29,6a51fc556dab5f766ced6fbc860bc613,3.94
6a8a889bde935bafa76d7848782dfaf9,26,30,860.82,30,28,6a8a889bde935bafa76d7848782dfaf9,3.93
77a515caa36327151d1cc6c32a9f00e1,26,26,2217.39,26,23,77a515caa36327151d1cc6c32a9f00e1,4.42
8090490573c6c0aa343a7231ebcb8c86,26,26,3871.12,26,24,8090490573c6c0aa343a7231ebcb8c86,4.19
b8555308bfdb4ca1ed54325a58da9a97,26,28,3047.20,28,26,b8555308bfdb4ca1ed54325a58da9a97,4.07
c8417879a15366a17c30af34c798c332,26,36,1767.90,35,32,c8417879a15366a17c30af34c798c332,4.03
ccf8813e5a7d6c84d865cd38bfc2b130,26,26,2635.50,26,24,ccf8813e5a7d6c84d865cd38bfc2b130,4.38
e883aa812c37a7413226856f4579fe91,26,29,4097.10,29,28,e883aa812c37a7413226856f4579fe91,3.90
f61c63d13f7cd800549d5acdd390ae72,26,26,3072.30,26,24,f61c63d13f7cd800549d5acdd390ae72,4.00
f7496d659ca9fdaf323c0aae84176632,26,27,5087.57,26,24,f7496d659ca9fdaf323c0aae84176632,4.59
e48b04bf1aa1ef711caebeb7aede6180,25,25,3187.10,25,25,e48b04bf1aa1ef711caebeb7aede6180,4.48
ed4311e67debd72b8610a5347a743087,25,26,3636.00,26,24,ed4311e67debd72b8610a5347a743087,4.48
edf96ef93ed595084bbcbd9224bd2894,25,28,3757.00,28,25,edf96ef93ed595084bbcbd9224bd2894,3.79
0afccdb8a34ee5c79f7c06faf2b4d56e,25,25,1225.50,24,22,0afccdb8a34ee5c79f7c06faf2b4d56e,4.04
15aac934c58d886785ac1b17953ea898,25,26,4353.90,26,22,15aac934c58d886785ac1b17953ea898,4.12
198c7ea11960a9844b544d9bcdca860c,25,25,1733.75,25,22,198c7ea11960a9844b544d9bcdca860c,3.88
1dc2de47ee26a0a5b12dc14fd6dc0dea,25,27,1670.30,27,24,1dc2de47ee26a0a5b12dc14fd6dc0dea,4.52
2199e7fe213c16213bf5d6a7eadc9a5d,25,31,4078.29,30,29,2199e7fe213c16213bf5d6a7eadc9a5d,4.29
3481aa57cd91f9f9d3fa1fa12d9a3bf7,25,25,1773.03,25,25,3481aa57cd91f9f9d3fa1fa12d9a3bf7,3.88
3b872fd4747f01cc56206f2934198618,25,27,2726.74,27,23,3b872fd4747f01cc56206f2934198618,3.89
5debea795b07621e1f90532e18f96145,25,33,1883.78,33,33,5debea795b07621e1f90532e18f96145,4.27
916748bc99315c2d202898ae58b1617e,25,32,369.40,32,32,916748bc99315c2d202898ae58b1617e,4.34
b2a6d334e2833acea353624840e25a0e,25,26,1650.98,26,26,b2a6d334e2833acea353624840e25a0e,4.50
2e13c71026e1a39ba5cc1b86dcb679aa,24,28,3793.00,28,26,2e13c71026e1a39ba5cc1b86dcb679aa,4.25
7ecd59e5e20407131822c1a68ac59c1f,24,29,1466.71,29,25,7ecd59e5e20407131822c1a68ac59c1f,4.48
8cc6a0e5738e61a87b03c78b2ba9db4b,24,26,13312.40,24,22,8cc6a0e5738e61a87b03c78b2ba9db4b,4.15
977f9f63dd360c2a32ece2f93ad6d306,24,25,2858.87,24,21,977f9f63dd360c2a32ece2f93ad6d306,3.80
a36b125ac6d5fdbc7f50de85c9157bdc,24,26,1843.64,25,22,a36b125ac6d5fdbc7f50de85c9157bdc,4.04
a3f0b55de503387383c7b1de3ad7f678,24,26,4348.40,26,25,a3f0b55de503387383c7b1de3ad7f678,4.38
a938325a4b357fd23a6a4d5bb126408e,24,25,3231.00,25,24,a938325a4b357fd23a6a4d5bb126408e,3.88
b19f3ca2ea475913750f25a5c37c8d8f,24,24,6202.91,19,13,b19f3ca2ea475913750f25a5c37c8d8f,2.79
b83cedfb587e7911540e3f576d6917ce,24,25,2224.95,25,23,b83cedfb587e7911540e3f576d6917ce,4.24
bc47d5d1490df2b36add65d733eafaba,24,25,1004.80,22,20,bc47d5d1490df2b36add65d733eafaba,3.28
c731d18cea9bf687ffee82a241c25b11,24,26,3662.00,26,26,c731d18cea9bf687ffee82a241c25b11,3.96
cea729054f157f5870bdd321a958d994,24,26,2482.10,26,25,cea729054f157f5870bdd321a958d994,4.19
e6a69c4a27dfdd98ffe5aa757ad744bc,24,29,2076.20,23,23,e6a69c4a27dfdd98ffe5aa757ad744bc,3.62
e89c4adbe7b1d0819dbb636e16461cf1,24,25,3181.30,25,22,e89c4adbe7b1d0819dbb636e16461cf1,3.88
f76a3b1349b6df1ee875d1f3fa4340f0,24,24,4160.79,24,15,f76a3b1349b6df1ee875d1f3fa4340f0,3.46
d624126b9206f595fb3fbb6ba03b28a8,23,28,7198.80,28,27,d624126b9206f595fb3fbb6ba03b28a8,4.33
e7df4cd29ab5abab70fb0783ddb53987,23,24,9608.70,24,20,e7df4cd29ab5abab70fb0783ddb53987,4.29
f615fe7efbef0f4f08fd3086bc7a3e60,23,24,2359.27,23,21,f615fe7efbef0f4f08fd3086bc7a3e60,4.38
013900e863eace745d3ec7614cab5b1a,23,26,1619.70,26,26,013900e863eace745d3ec7614cab5b1a,4.73
04e38a233f726ef161074ab1c9b0399a,23,28,1352.20,24,21,04e38a233f726ef161074ab1c9b0399a,3.79
10076e5788b8ee532724bcd460baf762,23,26,821.48,26,25,10076e5788b8ee532724bcd460baf762,4.62
13d058e4eeac2ce8217660b2f8a05812,23,23,3829.77,22,19,13d058e4eeac2ce8217660b2f8a05812,4.22
157c3e4b42f81ac4a44e8b1ca2fe9876,23,31,2548.50,31,29,157c3e4b42f81ac4a44e8b1ca2fe9876,3.97
23a0ffca143a15b9b5bbdb7d552f626a,23,24,3718.51,24,21,23a0ffca143a15b9b5bbdb7d552f626a,3.96
244c2f1bff6afe1f2eaf9bfe9b2aed38,23,27,2580.00,27,23,244c2f1bff6afe1f2eaf9bfe9b2aed38,3.70
2b1a40c1daabc6ca280c4b815c101841,23,35,12732.60,33,32,2b1a40c1daabc6ca280c4b815c101841,3.63
39d54ff918774174706fb065d7f9dc07,23,25,1593.59,24,21,39d54ff918774174706fb065d7f9dc07,3.80
3d5d0dc7073a299e31fa718ce1bc00b6,23,24,790.70,22,19,3d5d0dc7073a299e31fa718ce1bc00b6,4.17
42ef3192a9ff87a22d1867b74b3ee205,23,23,1354.09,23,23,42ef3192a9ff87a22d1867b74b3ee205,4.65
4b5f66b7adcf57f1ecc0d3c07dd6b177,23,38,6381.78,38,37,4b5f66b7adcf57f1ecc0d3c07dd6b177,4.08
4c8b8048e33af2bf94f2eb547746a916,23,27,2020.73,23,20,4c8b8048e33af2bf94f2eb547746a916,3.11
5c853bb56f70f4d14218944bae111d7a,23,24,263.13,24,24,5c853bb56f70f4d14218944bae111d7a,4.04
6426d21aca402a131fc0a5d0960a3c90,23,23,1209.64,23,22,6426d21aca402a131fc0a5d0960a3c90,4.17
681fce914360217db47784ae28905a96,23,24,4127.33,24,21,681fce914360217db47784ae28905a96,3.87
79ed755314cfe6df0daef2c6cd3022cd,23,25,3907.50,25,25,79ed755314cfe6df0daef2c6cd3022cd,4.70
7e26c750b4cb9f6766f58265ff9ebe95,23,27,1344.30,27,27,7e26c750b4cb9f6766f58265ff9ebe95,4.41
916c9de0b5ad957346eeeb12f332687e,23,28,5480.25,27,27,916c9de0b5ad957346eeeb12f332687e,4.39
093805f8f2aeb63881444571e1f48f30,22,27,1215.79,27,26,093805f8f2aeb63881444571e1f48f30,3.81
0d33a55da925bbf1ff02af5f6059fc7f,22,24,547.30,24,23,0d33a55da925bbf1ff02af5f6059fc7f,4.52
2156f2671501a81034d7d07f217609d0,22,22,2981.50,21,18,2156f2671501a81034d7d07f217609d0,3.86
4200ddf1967c5e41e48db62bc6d4b5ac,22,42,734.80,42,41,4200ddf1967c5e41e48db62bc6d4b5ac,4.24
42fa4ee7240e9b8eb4576358ec142ba7,22,22,3845.70,22,22,42fa4ee7240e9b8eb4576358ec142ba7,4.81
4e5725ba188db8252977a4f0227bd462,22,25,1930.59,24,17,4e5725ba188db8252977a4f0227bd462,3.44
503c1de08ae81a2d86f17951b204db55,22,22,4906.99,22,20,503c1de08ae81a2d86f17951b204db55,4.41
52f9db5cfb423382a2fa5c9e39303202,22,23,1269.77,22,22,52f9db5cfb423382a2fa5c9e39303202,4.17
55f7a3319d80f7fdf078b8f03e6725fe,22,22,3013.78,22,20,55f7a3319d80f7fdf078b8f03e6725fe,3.77
5670f4db5b62c43d542e1b2d56b0cf7c,22,22,6630.09,22,21,5670f4db5b62c43d542e1b2d56b0cf7c,4.41
6288c69c4ce638e59925e59193f98b16,22,22,4506.28,20,19,6288c69c4ce638e59925e59193f98b16,3.95
7139dc5186aa238b006e066d8fbab2e4,22,24,1712.00,24,21,7139dc5186aa238b006e066d8fbab2e4,4.09
730937bf88cb151eb2eb849f642fc213,22,26,2821.20,26,25,730937bf88cb151eb2eb849f642fc213,4.42
7901646fdd36a55f564ffaf2dbccaaf7,22,27,11857.08,27,23,7901646fdd36a55f564ffaf2dbccaaf7,4.44
7b1222c3624aa89b9558b50a2594188c,22,22,10103.52,22,19,7b1222c3624aa89b9558b50a2594188c,4.45
7c5b05cbdb5542049f38d90d7815b97d,22,24,1038.96,23,22,7c5b05cbdb5542049f38d90d7815b97d,4.42
7f2617c58d5d06806987308b45654351,22,23,3656.80,23,21,7f2617c58d5d06806987308b45654351,3.87
8fdca8e349553f99bc738833a62c8802,22,29,989.34,29,28,8fdca8e349553f99bc738833a62c8802,4.36
9596c870880d900012f2e8e6e30d06d7,22,24,8606.25,23,22,9596c870880d900012f2e8e6e30d06d7,4.04
bd697db56ff8e7c9cd1abeb7f72029b2,22,22,3069.78,21,21,bd697db56ff8e7c9cd1abeb7f72029b2,4.18
d8c7ba53e7e38711eaef8c2849d6d2e1,22,22,1190.87,22,22,d8c7ba53e7e38711eaef8c2849d6d2e1,4.50
df56d7b40d437f88407c5f78b63bc328,22,25,2791.28,25,24,df56d7b40d437f88407c5f78b63bc328,3.88
e9511df20ccd82658a30c37b7fb343af,22,30,2096.60,30,30,e9511df20ccd82658a30c37b7fb343af,4.47
e99e927c81e3f51739c94fcdfca9f10f,22,25,2702.83,24,20,e99e927c81e3f51739c94fcdfca9f10f,3.56
eed78ac17f7f795a19a709745f00cd4e,22,56,4349.50,56,56,eed78ac17f7f795a19a709745f00cd4e,3.41
f0837c8d71434931d9e38e7b79234797,22,23,3446.90,23,22,f0837c8d71434931d9e38e7b79234797,4.63
f08c008c8a8d31417763738a1788a2a8,22,23,1291.72,21,18,f08c008c8a8d31417763738a1788a2a8,3.09
fb89df7f89fd1b8f03fa2acca1ba7364,22,25,2220.00,25,23,fb89df7f89fd1b8f03fa2acca1ba7364,3.84
e21a1e8be4715b0fcfd5385643bc49c4,21,24,703.60,23,23,e21a1e8be4715b0fcfd5385643bc49c4,3.67
f4db9b37944bcb8873e6b456ee190bbf,21,22,3409.78,22,20,f4db9b37944bcb8873e6b456ee190bbf,4.55
f9244d45189d3a3605499abddeade7d5,21,21,15731.43,20,20,f9244d45189d3a3605499abddeade7d5,4.29
02ecc2a19303f05e59ce133fd923fff7,21,24,5264.19,24,24,02ecc2a19303f05e59ce133fd923fff7,4.54
054694fa03fe82cec4b7551487331d74,21,22,9983.10,21,15,054694fa03fe82cec4b7551487331d74,3.36
1c40343cc5d18c2d8248ac2f3366de34,21,22,2461.41,22,20,1c40343cc5d18c2d8248ac2f3366de34,4.55
1dfe5347016252a7884b694d4f10f5c4,21,27,1693.50,26,20,1dfe5347016252a7884b694d4f10f5c4,3.19
3785b653b1b82de85ab47dd139938091,21,24,1552.00,24,24,3785b653b1b82de85ab47dd139938091,4.76
411f3b52d857390502ee4e4d5ceabc2d,21,30,1804.01,30,24,411f3b52d857390502ee4e4d5ceabc2d,4.26
412a4720f3e9431b4afa1476a1acddbe,21,22,2058.10,22,21,412a4720f3e9431b4afa1476a1acddbe,4.27
52f0fe436a347ddad7ed5f9aa4e27eaa,21,23,1484.37,21,18,52f0fe436a347ddad7ed5f9aa4e27eaa,3.30
55d3daac7c404d59e51c2aa2f4dc5a23,21,28,4480.60,28,28,55d3daac7c404d59e51c2aa2f4dc5a23,3.93
5bffbafbb22daf6d3bfc216a46db8708,21,23,5239.70,23,23,5bffbafbb22daf6d3bfc216a46db8708,4.70
679769a98cfcc6da877c8486ff1c13f3,21,21,7029.00,21,21,679769a98cfcc6da877c8486ff1c13f3,4.57
6b15924333bd1a741595fe981ea04822,21,21,614.32,21,19,6b15924333bd1a741595fe981ea04822,4.67
784ba75dd9d20200c4caed3d7a77141a,21,24,8295.13,22,20,784ba75dd9d20200c4caed3d7a77141a,3.64
808d4348b916efa08e766ebad39f61eb,21,21,731.10,20,19,808d4348b916efa08e766ebad39f61eb,4.43
82bd0703a4aefd6b599e5bfdaed378fb,21,24,2692.28,23,22,82bd0703a4aefd6b599e5bfdaed378fb,3.60
845e8036c3f7bf62099352f5ed910240,21,24,1584.60,24,24,845e8036c3f7bf62099352f5ed910240,3.83
a5a1bfcf728ab0e19182959cf0771ee4,21,24,1812.96,24,22,a5a1bfcf728ab0e19182959cf0771ee4,4.29
af3ef48d0e13835e529c29ac573c63e5,21,21,1405.63,21,20,af3ef48d0e13835e529c29ac573c63e5,3.76
af4a0e4cfe1d9c26b6712b1be25a72e5,21,26,8757.98,26,24,af4a0e4cfe1d9c26b6712b1be25a72e5,3.50
b347677812ea483b0f528eaf8cbc09b7,21,21,7288.99,21,21,b347677812ea483b0f528eaf8cbc09b7,4.52
c72de06d72748d1a0dfb2125be43ba63,21,22,17522.00,22,22,c72de06d72748d1a0dfb2125be43ba63,4.45
1a932caad4f9d804097d7f8e615baed1,20,30,4661.00,30,26,1a932caad4f9d804097d7f8e615baed1,3.57
1fe5540d7c1c37a595fefbacd5570d9e,20,25,4537.60,25,24,1fe5540d7c1c37a595fefbacd5570d9e,4.28
392e0502231ae2f8b29994ef6398cd77,20,20,1871.70,17,15,392e0502231ae2f8b29994ef6398cd77,4.16
41c2bad7229b0c25e6becf179ebf63ff,20,23,782.00,23,23,41c2bad7229b0c25e6becf179ebf63ff,4.96
430315b7bb4b6e4b3c978f9dfa9b0558,20,21,3118.40,20,19,430315b7bb4b6e4b3c978f9dfa9b0558,4.00
4342d4b2ba6b161468c63a7e7cfce593,20,20,2867.10,2,1,4342d4b2ba6b161468c63a7e7cfce593,1.26
542917da124346b47ea1ac79a93ce454,20,20,1303.90,20,19,542917da124346b47ea1ac79a93ce454,4.19
7f152321c60a266edc53af1925ef96c1,20,20,3919.80,20,14,7f152321c60a266edc53af1925ef96c1,3.80
8ab42aa58097fd4668d60cc648225d5f,20,26,2616.75,26,26,8ab42aa58097fd4668d60cc648225d5f,4.15
93b9a99027bd8bd6af682aff18dd19bf,20,21,1953.00,20,20,93b9a99027bd8bd6af682aff18dd19bf,4.10
b494891378bd8f4560abe576c52deacd,20,22,2958.90,21,19,b494891378bd8f4560abe576c52deacd,4.64
bf100ecb7997df312b285358fb32f92c,20,21,1991.90,21,21,bf100ecb7997df312b285358fb32f92c,4.37
cfe94489ddd337d1e29e12f2a7205d10,20,24,2376.00,24,19,cfe94489ddd337d1e29e12f2a7205d10,4.13
d3674f271c91f824f82d24d92011f669,20,20,1718.30,20,18,d3674f271c91f824f82d24d92011f669,4.10
ef2fbc2b607d8492bcffe657a4645434,20,22,970.80,21,19,ef2fbc2b607d8492bcffe657a4645434,3.91
f4c4daa86e30c7e5a553a8d518ac03a5,20,20,6301.91,18,17,f4c4daa86e30c7e5a553a8d518ac03a5,3.70
f593898ec748b7a8cb81fc04edafd98a,20,23,2813.04,22,18,f593898ec748b7a8cb81fc04edafd98a,3.48
f918546be4bec7104d117789ba758b2b,20,23,1483.00,23,19,f918546be4bec7104d117789ba758b2b,3.83
ff69aa92bb6b1bf9b8b7a51c2ed9cf8b,20,20,21940.80,20,15,ff69aa92bb6b1bf9b8b7a51c2ed9cf8b,3.65
ffff564a4f9085cd26170f4732393726,20,20,1426.30,8,8,ffff564a4f9085cd26170f4732393726,2.10
ce69a8021d18961dd2a40269b7c2c293,19,19,4818.00,19,17,ce69a8021d18961dd2a40269b7c2c293,4.47
d51e0a403fe2e689ece6c73359d96e12,19,26,7790.00,25,23,d51e0a403fe2e689ece6c73359d96e12,4.23
d9442042130b7fe579d1295f9f4a248f,19,22,772.16,22,21,d9442042130b7fe579d1295f9f4a248f,4.23
dfc475d54e1b6dbeeb7d7d9bdaa63827,19,21,1793.76,20,19,dfc475d54e1b6dbeeb7d7d9bdaa63827,4.38
e24d3429d294b2eb200b064ebb035879,19,22,1878.58,22,21,e24d3429d294b2eb200b064ebb035879,4.14
e5475dcab1e07b63d7f6e902d8f5eda8,19,19,2192.00,19,18,e5475dcab1e07b63d7f6e902d8f5eda8,4.11
e84ad2127668df3aafc6b73531a0beb8,19,23,987.00,23,22,e84ad2127668df3aafc6b73531a0beb8,4.39
ea00f977a203ff88adf7057cb7806998,19,19,389.72,18,16,ea00f977a203ff88adf7057cb7806998,4.11
eb5b6204dde3a6e03b5f1bb8479f055b,19,21,452.20,21,20,eb5b6204dde3a6e03b5f1bb8479f055b,3.86
f5b44895715ddfe3087dc414f30268f3,19,19,378.80,19,18,f5b44895715ddfe3087dc414f30268f3,4.00
094ced053e257ae8cae57205592d6712,19,19,1519.20,19,19,094ced053e257ae8cae57205592d6712,4.05
1b8b75e227c9a9c100d0c210fb6176ce,19,19,1914.83,15,14,1b8b75e227c9a9c100d0c210fb6176ce,3.37
2e1a7d075abe038c1b2743005fe42ff1,19,23,1396.70,22,16,2e1a7d075abe038c1b2743005fe42ff1,3.70
3092c0b297aacfb4bb6e056ebe13b9b8,19,21,1623.90,17,17,3092c0b297aacfb4bb6e056ebe13b9b8,3.57
4305fe92735c8a43d154ff6dd2b8d927,19,21,2885.90,19,19,4305fe92735c8a43d154ff6dd2b8d927,3.90
52d76513f0c4d97f3b99570e2c94ee31,19,28,8153.10,28,27,52d76513f0c4d97f3b99570e2c94ee31,3.88
65b081a070633e057c462abdd6fb9dd8,19,20,1885.09,20,20,65b081a070633e057c462abdd6fb9dd8,4.35
67883baaae6134ee81b271a542613728,19,19,8167.90,19,16,67883baaae6134ee81b271a542613728,4.11
6b536a23086fba0d58c08d68814397f6,19,23,2068.80,22,20,6b536a23086fba0d58c08d68814397f6,3.91
6d988d6174a2c27441597174f8905515,19,23,371.73,23,21,6d988d6174a2c27441597174f8905515,4.26
7bac63f6603d382cc8d0832eb6c100a8,19,19,7751.95,19,16,7bac63f6603d382cc8d0832eb6c100a8,4.00
888faa8bfb0b159c37de6d898b961c31,19,23,2418.30,23,23,888faa8bfb0b159c37de6d898b961c31,3.87
8ed8ea9a57c862f2c18c2fe41f601d56,19,19,3831.90,19,19,8ed8ea9a57c862f2c18c2fe41f601d56,4.47
9dda5bbacd45e18d6485fee649205d09,19,22,1912.60,22,20,9dda5bbacd45e18d6485fee649205d09,4.23
a44fb5a447105f8469bdf16bf9159f25,19,19,3706.10,19,14,a44fb5a447105f8469bdf16bf9159f25,4.05
adcf50477d6a1f5d91bb9d54c4903cb5,19,38,1425.14,31,26,adcf50477d6a1f5d91bb9d54c4903cb5,3.13
b1fecf4da1fa2689bccffa0121953643,19,20,3669.64,20,20,b1fecf4da1fa2689bccffa0121953643,4.95
07bf9669d84d1f11be443a9dd938f698,18,24,1776.00,24,24,07bf9669d84d1f11be443a9dd938f698,3.25
1354d51653f645349064725ed204e85e,18,20,2410.00,20,19,1354d51653f645349064725ed204e85e,3.71
1430239a858e7682bbc43b20758af153,18,23,660.79,22,22,1430239a858e7682bbc43b20758af153,3.96
179d859f51292aac5c10806a356f7af9,18,19,404.47,19,16,179d859f51292aac5c10806a356f7af9,4.32
1fdc574883ef3b33ad41562d93f3a74a,18,18,4251.00,18,17,1fdc574883ef3b33ad41562d93f3a74a,4.44
270297ead4c65a6cd2593960d2af6b21,18,20,9422.40,19,19,270297ead4c65a6cd2593960d2af6b21,3.74
2a61c271b1ac763450d846849783e922,18,23,1516.76,22,19,2a61c271b1ac763450d846849783e922,3.65
2e3be8a987a30d7544dbbda6861cc14e,18,19,4430.84,15,14,2e3be8a987a30d7544dbbda6861cc14e,3.05
30829ded4523ab9224b93bc49a62c95f,18,31,6911.71,31,30,30829ded4523ab9224b93bc49a62c95f,3.58
33c51922b6e3c16b24a8f28e5833c99d,18,20,6657.87,20,19,33c51922b6e3c16b24a8f28e5833c99d,4.28
3a734b715d333a2588a3d54a0c9b8746,18,24,2463.52,21,20,3a734b715d333a2588a3d54a0c9b8746,4.21
4978a02ea9c8be7a9b5480680f40334e,18,19,2356.61,19,19,4978a02ea9c8be7a9b5480680f40334e,3.58
4b0fdb526525f9890eb145bf1534640e,18,20,2419.00,20,20,4b0fdb526525f9890eb145bf1534640e,3.95
54c04bdb5ec46762f8f08c7e8f86ed4a,18,19,3281.66,19,17,54c04bdb5ec46762f8f08c7e8f86ed4a,4.32
59417c56835dd8e2e72f91f809cd4092,18,18,36459.00,18,18,59417c56835dd8e2e72f91f809cd4092,4.28
6aa3928696eab49a19a466e665a649fd,18,22,2075.00,22,21,6aa3928696eab49a19a466e665a649fd,4.55
77e4abfd739aed9c46480f90f81c0eb4,18,18,3736.99,18,18,77e4abfd739aed9c46480f90f81c0eb4,4.78
7a425d299613df3e613bcf9d2eaf5c49,18,18,1218.80,18,17,7a425d299613df3e613bcf9d2eaf5c49,4.11
822bad9bc42b51213ba522fe87b7ab5d,18,18,5160.00,18,13,822bad9bc42b51213ba522fe87b7ab5d,4.11
863d2ebcd347ce4922de7a0f9a5581d6,18,19,1382.36,18,15,863d2ebcd347ce4922de7a0f9a5581d6,3.95
8a2d12a90e92f012ce5226fc6592b653,18,18,1594.65,18,18,8a2d12a90e92f012ce5226fc6592b653,4.61
989becdce12ebc39863c2bceab6f3ca1,18,18,7840.88,15,13,989becdce12ebc39863c2bceab6f3ca1,4.56
b1b3948701c5c72445495bd161b83a4c,18,18,24699.19,14,5,b1b3948701c5c72445495bd161b83a4c,1.72
b4f8921fcc4ff77b66bea6dda43dcd51,18,20,11395.05,20,19,b4f8921fcc4ff77b66bea6dda43dcd51,4.60
bb135baca94c82fcb731335ad5b04a03,18,38,1049.80,38,38,bb135baca94c82fcb731335ad5b04a03,2.66
bc2ac6b95e1accce9858528ee566c17e,18,22,2045.00,22,22,bc2ac6b95e1accce9858528ee566c17e,4.64
c35672b10ad50968f567ea3f4b91e877,18,22,1150.57,22,21,c35672b10ad50968f567ea3f4b91e877,4.45
d03698c2efd04a549382afa6623e27fb,18,21,8865.47,21,20,d03698c2efd04a549382afa6623e27fb,4.52
d354c38a7182125a748cb10474fe963b,18,20,1610.33,19,18,d354c38a7182125a748cb10474fe963b,4.32
e7f3bf1ecd8526eb7f3b18059e6716e5,18,19,1471.54,18,18,e7f3bf1ecd8526eb7f3b18059e6716e5,4.37
ec4608a1f76453166bb312b2968aeaf4,18,35,1181.75,29,23,ec4608a1f76453166bb312b2968aeaf4,2.69
f4a04f7be452aa3bb31760bf00055dd0,18,18,1312.10,18,17,f4a04f7be452aa3bb31760bf00055dd0,4.67
f5f2ab9bdb6b30c14c61be68c5ed37da,18,18,2134.68,18,16,f5f2ab9bdb6b30c14c61be68c5ed37da,4.28
fbc14c0cf93505ef89f64665ffa4a7b5,18,18,12227.82,18,17,fbc14c0cf93505ef89f64665ffa4a7b5,4.18
ffa6adafb71b807dc13159e26431354c,18,18,2669.90,17,17,ffa6adafb71b807dc13159e26431354c,3.78
ffdd9f82b9a447f6f8d4b91554cc7dd3,18,20,2101.20,20,20,ffdd9f82b9a447f6f8d4b91554cc7dd3,4.25
cda598c48d7c614bc1cad7d8ff6f0010,17,18,1118.60,18,18,cda598c48d7c614bc1cad7d8ff6f0010,3.94
d06d019f72a04e5497a0b64190af170c,17,17,2415.93,17,16,d06d019f72a04e5497a0b64190af170c,4.53
d25aa0aaacb370e912f8cf6efeba38b3,17,21,2658.45,21,20,d25aa0aaacb370e912f8cf6efeba38b3,4.52
d4f117125b59ce73c3302f88ee40c458,17,17,783.29,17,17,d4f117125b59ce73c3302f88ee40c458,4.82
da7039f29f90ce5b4846ffc0fcc93beb,17,18,1259.10,18,17,da7039f29f90ce5b4846ffc0fcc93beb,4.56
e81e1f9c3e762e620f3fb60a51499e16,17,18,4465.99,18,16,e81e1f9c3e762e620f3fb60a51499e16,3.82
f1ed6bd0a9b11b581f16c851c6a5a527,17,18,1622.77,18,17,f1ed6bd0a9b11b581f16c851c6a5a527,4.42
f63d8f293af3a6454377546bd9dd19ff,17,28,1751.82,28,22,f63d8f293af3a6454377546bd9dd19ff,3.82
fe49ee029e61e789a1f3a5525f57ba8d,17,17,2527.59,16,15,fe49ee029e61e789a1f3a5525f57ba8d,4.06
06bb3a2fe5e7b7a845b13e8fb91bd944,17,18,1536.19,18,18,06bb3a2fe5e7b7a845b13e8fb91bd944,4.61
0725b8c0f3f906e58f70cbe76b7c748c,17,37,2190.30,36,29,0725b8c0f3f906e58f70cbe76b7c748c,3.58
08d2d642cf72b622b14dde1d2f5eb2f5,17,21,914.00,20,17,08d2d642cf72b622b14dde1d2f5eb2f5,4.43
099095b050cfe8eb1ddff5317587e96e,17,20,5193.83,19,16,099095b050cfe8eb1ddff5317587e96e,2.95
30a81d8cf85fb2ada1b1b094c9583a95,17,20,1245.42,20,20,30a81d8cf85fb2ada1b1b094c9583a95,4.85
343e716476e3748b069f980efbaa294e,17,24,922.60,24,22,343e716476e3748b069f980efbaa294e,4.00
3dbbce181edfaa4a597ec858c382d2ec,17,20,848.30,20,18,3dbbce181edfaa4a597ec858c382d2ec,4.35
49067458c68f7701fd334ce326accbe0,17,37,1047.65,37,34,49067458c68f7701fd334ce326accbe0,3.37
53d00c40e32aeb924a84ce72b1af869d,17,17,2165.85,17,13,53d00c40e32aeb924a84ce72b1af869d,4.35
5bc24d989e71e93c33e50a7782431b0e,17,17,3148.00,17,17,5bc24d989e71e93c33e50a7782431b0e,4.35
5bc55dbe2f12b6af6d83ed46023e0dc8,17,21,2992.10,21,17,5bc55dbe2f12b6af6d83ed46023e0dc8,2.33
60562ab00b8054280520d390c8c0045c,17,17,2943.00,17,17,60562ab00b8054280520d390c8c0045c,4.76
638cba8be1fb599bbb76fd6948351eb3,17,26,598.20,22,22,638cba8be1fb599bbb76fd6948351eb3,4.63
63ffcb71394dd8ea3872ed9ffda17c74,17,17,399.00,17,16,63ffcb71394dd8ea3872ed9ffda17c74,3.18
6bb0724edf0b62fb91ac404873a97241,17,18,3653.00,18,15,6bb0724edf0b62fb91ac404873a97241,4.50
72bc2cce903c872fe376a8faaa81d237,17,18,2149.20,18,18,72bc2cce903c872fe376a8faaa81d237,4.44
768a86e36ad6aae3d03ee3c6433d61df,17,17,587.46,17,14,768a86e36ad6aae3d03ee3c6433d61df,4.65
8602a61d680a10a82cceeeda0d99ea3d,17,19,826.99,19,18,8602a61d680a10a82cceeeda0d99ea3d,4.47
87d30a6a0cbf89356e49324971ab1d24,17,17,2134.13,17,16,87d30a6a0cbf89356e49324971ab1d24,4.35
89bc797e2e29667aa035d4368f9b7f92,17,20,407.30,19,16,89bc797e2e29667aa035d4368f9b7f92,3.75
9c068d10aca38e85c50202e17b4a7e88,17,17,2658.90,17,14,9c068d10aca38e85c50202e17b4a7e88,4.13
9f50216bfd01913736a55a11b55ea842,17,19,1354.00,19,15,9f50216bfd01913736a55a11b55ea842,4.47
a425f92c199eb576938df686728acd20,17,19,1165.80,18,18,a425f92c199eb576938df686728acd20,4.37
ad97a199236354e53fcd91a5a913e9a2,17,18,13205.90,17,15,ad97a199236354e53fcd91a5a913e9a2,4.50
b64d51f0435e884e8de603b1655155ae,17,23,416.18,23,18,b64d51f0435e884e8de603b1655155ae,4.13
bba3293d6f5d5af2f415e004e8b93ae3,17,17,11702.10,17,16,bba3293d6f5d5af2f415e004e8b93ae3,4.29
c12b92bf1c350f3e6bf88d3596219c86,17,17,4808.78,17,16,c12b92bf1c350f3e6bf88d3596219c86,3.88
c4d51195486dc781531876a7d00453d8,17,17,11468.98,17,12,c4d51195486dc781531876a7d00453d8,3.94
04aba03279157f6d4e0fe8ccaf21963c,16,16,2575.90,15,14,04aba03279157f6d4e0fe8ccaf21963c,4.31
15cd6eefe58588619aaed41dfa6621b1,16,18,1622.74,18,17,15cd6eefe58588619aaed41dfa6621b1,4.33
25e47381a6c510ddeb36084e33b89f0c,16,17,1289.60,17,17,25e47381a6c510ddeb36084e33b89f0c,4.06
2be17df1c49978426251562096c3cc09,16,16,2165.00,16,15,2be17df1c49978426251562096c3cc09,4.19
2d2c62bef4c8ba0dd74e0e228e808539,16,16,3749.00,16,14,2d2c62bef4c8ba0dd74e0e228e808539,4.13
3935fe5fe0f82787a9dcb8deb62be09d,16,17,1681.69,17,15,3935fe5fe0f82787a9dcb8deb62be09d,3.94
4736e9d642ef4257cd7622516931eb51,16,20,1078.87,20,20,4736e9d642ef4257cd7622516931eb51,4.19
51e4e89242cbb846c2deff3dc015650e,16,16,822.58,16,16,51e4e89242cbb846c2deff3dc015650e,4.63
5b33b527da3c5b969cc99dc435cad09a,16,17,1872.79,17,16,5b33b527da3c5b969cc99dc435cad09a,4.12
5b664594895aefb418afaee6d40a9a23,16,22,1008.80,22,22,5b664594895aefb418afaee6d40a9a23,3.64
610f72e407cdd7caaa2f8167b0163fd8,16,17,13585.16,17,15,610f72e407cdd7caaa2f8167b0163fd8,3.71
67bf6941ba2f1fa1d02c375766bc3e53,16,22,5610.00,20,18,67bf6941ba2f1fa1d02c375766bc3e53,4.00
6c12e40690c335dbc2f68a4134d30dc1,16,18,9139.20,18,18,6c12e40690c335dbc2f68a4134d30dc1,4.06
81336a0f57a33776419727a300249e90,16,19,1374.85,18,14,81336a0f57a33776419727a300249e90,3.68
86bb7c4b535e49a541baf3266b1c95b1,16,16,8162.40,16,13,86bb7c4b535e49a541baf3266b1c95b1,3.20
8daab2245ebdc277c51098d01c5ad8ef,16,16,1604.59,16,15,8daab2245ebdc277c51098d01c5ad8ef,4.63
9a84ba99f5367fdbd4598363496f1ea2,16,16,2284.98,15,15,9a84ba99f5367fdbd4598363496f1ea2,3.71
a2b5b6105ea5942300631d2e76f4ffe0,16,16,3286.69,16,14,a2b5b6105ea5942300631d2e76f4ffe0,4.75
a2deecd5398f5df4987110c80a1972a3,16,16,827.43,13,13,a2deecd5398f5df4987110c80a1972a3,3.71
a6bd7d1ccdac48c6b33b28596b7eb122,16,16,14368.61,15,13,a6bd7d1ccdac48c6b33b28596b7eb122,3.33
afa6714acee029b2dfdf357e5579cc03,16,17,3220.76,17,15,afa6714acee029b2dfdf357e5579cc03,4.06
b33aaadd1a8891d2dfef0c4c3bdf0371,16,17,1504.00,17,15,b33aaadd1a8891d2dfef0c4c3bdf0371,3.76
b5e3e38609125694d2ea2417522a60b7,16,17,995.04,17,13,b5e3e38609125694d2ea2417522a60b7,4.35
bb5bd94c8f59cc050072d2930c869cac,16,17,2543.87,17,16,bb5bd94c8f59cc050072d2930c869cac,4.22
c794dab4928dd97beb41d05514441e86,16,16,1312.40,16,14,c794dab4928dd97beb41d05514441e86,4.38
cb5df0dcb9e280b1780e9d589889f2c7,16,19,2934.72,12,10,cb5df0dcb9e280b1780e9d589889f2c7,2.56
cf2384dd2f1dddea3f838efed0945e65,16,16,2101.50,16,16,cf2384dd2f1dddea3f838efed0945e65,3.94
cfa5ab0e4d3fc212fd0b3410e7081c62,16,21,6180.80,20,20,cfa5ab0e4d3fc212fd0b3410e7081c62,3.52
d66c11a9572221d92fbb8c4897db5f9b,16,16,776.56,16,16,d66c11a9572221d92fbb8c4897db5f9b,4.56
db46ca7bce82b11f7e247539271fc390,16,16,933.97,16,16,db46ca7bce82b11f7e247539271fc390,4.56
dbdd0ec73a4817971d962698f2fea022,16,16,6384.00,16,15,dbdd0ec73a4817971d962698f2fea022,4.38
e3a386fc36e22064434e1fa256f6a9fa,16,17,793.90,17,14,e3a386fc36e22064434e1fa256f6a9fa,4.24
f125f3a310c2e5f822d116147de1e474,16,22,2761.40,22,20,f125f3a310c2e5f822d116147de1e474,4.36
f97e2b0650c2068227e1d366140eb62f,16,21,3654.00,21,20,f97e2b0650c2068227e1d366140eb62f,3.65
fcdd820084f17e9982427971e4e9d47f,16,27,4783.99,27,25,fcdd820084f17e9982427971e4e9d47f,3.26
ce616e1913288884e7742faac9d981db,15,24,365.10,22,21,ce616e1913288884e7742faac9d981db,4.67
e601b04acf48b4576e73ddca9481f0dc,15,16,491.94,16,16,e601b04acf48b4576e73ddca9481f0dc,3.88
ecccfa2bb93b34a3bf033cc5d1dcdc69,15,19,1338.64,16,12,ecccfa2bb93b34a3bf033cc5d1dcdc69,2.33
ed8cb7b190ceb6067227478e48cf8dde,15,17,573.50,17,16,ed8cb7b190ceb6067227478e48cf8dde,3.18
f1fd5ab1181f827ffad998c1a5de7d74,15,15,7045.99,15,15,f1fd5ab1181f827ffad998c1a5de7d74,4.67
f3c38ab652836d21de61fb8314b69182,15,15,1581.00,15,14,f3c38ab652836d21de61fb8314b69182,4.27
0eaa7e33d73809f1f925f7d07c506cbd,15,15,1552.00,15,15,0eaa7e33d73809f1f925f7d07c506cbd,4.71
2646baaf662d4d92ac48f047e35db92d,15,18,1263.05,18,16,2646baaf662d4d92ac48f047e35db92d,4.56
26785a546900236d66f2e4197c211158,15,15,1019.20,15,15,26785a546900236d66f2e4197c211158,4.67
33cbbec1e7e1044aaf11d152172c776f,15,16,730.67,16,16,33cbbec1e7e1044aaf11d152172c776f,4.69
3a1a1fec38dd360f15fc912e821e169d,15,15,2007.38,15,11,3a1a1fec38dd360f15fc912e821e169d,3.87
3c010235b7345c92f125d14ee232a76b,15,15,3578.00,15,15,3c010235b7345c92f125d14ee232a76b,4.67
41da412d33e8da4f22baf55cb1bde82c,15,21,862.90,21,21,41da412d33e8da4f22baf55cb1bde82c,4.71
55bb6fe5bebe5012e2d7d9928e1128ff,15,16,1816.55,16,13,55bb6fe5bebe5012e2d7d9928e1128ff,3.56
5a425cc503b39b262a847fd6212bf53b,15,15,1360.59,14,13,5a425cc503b39b262a847fd6212bf53b,4.21
6a38087bc8ad4f89ff453561005f6dea,15,22,1833.43,22,22,6a38087bc8ad4f89ff453561005f6dea,4.41
7238a95bb63ef7e498389fb863b834a1,15,15,2265.70,15,14,7238a95bb63ef7e498389fb863b834a1,4.73
76ea5315acb3f5f7ade3cd261faf922a,15,15,1087.06,15,14,76ea5315acb3f5f7ade3cd261faf922a,4.27
820cc752a266cdc6c1a1e61dd4583330,15,15,2802.80,15,13,820cc752a266cdc6c1a1e61dd4583330,4.13
87d3c3aeb3ead335511b3ce315eb341e,15,15,749.35,15,14,87d3c3aeb3ead335511b3ce315eb341e,3.50
8b8cfc8305aa441e4239358c9f6f2485,15,15,11892.00,15,13,8b8cfc8305aa441e4239358c9f6f2485,4.20
8f54d64f28a993550aa7943f12572959,15,16,2755.50,16,15,8f54d64f28a993550aa7943f12572959,3.81
921323538c9f1c4e816f2720eac02bea,15,17,1401.84,17,14,921323538c9f1c4e816f2720eac02bea,4.00
a066df7361163e7ddc5d7452dd17448b,15,17,1078.30,17,13,a066df7361163e7ddc5d7452dd17448b,4.47
b1aaae6b66ad3c40f54b389d7ea4bee0,15,17,1176.50,17,17,b1aaae6b66ad3c40f54b389d7ea4bee0,4.47
ba5daa4041e1f15cdf34b76e3e18a450,15,15,806.80,15,15,ba5daa4041e1f15cdf34b76e3e18a450,4.27
be8e909810184b9b19e886129149d8e5,15,15,629.85,15,12,be8e909810184b9b19e886129149d8e5,3.73
c4fb51fb1c5b7c07bc5e67be6e7e8f6e,15,16,1567.90,16,14,c4fb51fb1c5b7c07bc5e67be6e7e8f6e,3.50
c6381d2d013342748761e906d45aff76,15,28,2042.98,28,28,c6381d2d013342748761e906d45aff76,3.00
c84592044b180dec206770c38603814b,15,15,511.94,14,14,c84592044b180dec206770c38603814b,4.20
014c0679dd340a0e338872e7ec85666a,14,15,7058.00,15,13,014c0679dd340a0e338872e7ec85666a,3.67
02d35243ea2e497335cd0f076b45675d,14,16,5794.00,16,10,02d35243ea2e497335cd0f076b45675d,2.69
02dcd3e8e25bee036e32512bcf175493,14,17,1491.90,15,10,02dcd3e8e25bee036e32512bcf175493,3.32
0747d5bb69f0586cc869d8af4c50f93e,14,15,346.60,13,12,0747d5bb69f0586cc869d8af4c50f93e,3.47
128f9bfbe4c7d5185033914b1de3d39a,14,16,1277.29,15,14,128f9bfbe4c7d5185033914b1de3d39a,4.75
13074f016982ff2bd6c58ced8682f000,14,15,2116.00,14,10,13074f016982ff2bd6c58ced8682f000,3.93
1987cd4be10fe09ee50454f9c354d1c6,14,16,2877.70,16,15,1987cd4be10fe09ee50454f9c354d1c6,4.25
218f991754f360af9c2daa5e0b8e990c,14,17,3554.32,17,15,218f991754f360af9c2daa5e0b8e990c,3.53
21e83881401b92b49fb09a16d3852291,14,15,3588.05,13,13,21e83881401b92b49fb09a16d3852291,4.33
2953ce3a88f5e3c3b696d77fc9e4c8eb,14,15,470.00,15,11,2953ce3a88f5e3c3b696d77fc9e4c8eb,4.67
3ca08eeb8d5595949fed424bd3677742,14,14,1768.87,13,13,3ca08eeb8d5595949fed424bd3677742,4.43
45213867cefbf2cd4c6177e10216a951,14,14,4955.42,14,12,45213867cefbf2cd4c6177e10216a951,3.86
4a1f694197d05fe70026b016a7316b41,14,23,907.77,23,22,4a1f694197d05fe70026b016a7316b41,4.39
4de6e4ba574aa9dfdc824bc44dc47fdd,14,14,451.10,14,13,4de6e4ba574aa9dfdc824bc44dc47fdd,4.07
52562a9f449c3dc3d53f5f5b9ed74903,14,14,3266.60,14,14,52562a9f449c3dc3d53f5f5b9ed74903,4.79
54065e9aef7e9e9c2dc23b7594db021a,14,14,8003.00,12,12,54065e9aef7e9e9c2dc23b7594db021a,3.86
5882820ef11c4c068eea0677a7a879b4,14,14,9925.50,14,13,5882820ef11c4c068eea0677a7a879b4,4.15
596849622429351f47b32e6cae1055ff,14,14,1104.70,13,13,596849622429351f47b32e6cae1055ff,4.00
5a05a16bb50629ee31afab8a6d4c2674,14,15,794.30,15,14,5a05a16bb50629ee31afab8a6d4c2674,4.00
5a413ade68e8f8d93071a7f52a64cb9e,14,14,778.90,14,12,5a413ade68e8f8d93071a7f52a64cb9e,4.64
62c50c1af4dfdc4149d25c5222043d39,14,19,2785.72,17,17,62c50c1af4dfdc4149d25c5222043d39,3.26
768de2a4fc06aacecb9a586ccc30746a,14,14,475.60,13,13,768de2a4fc06aacecb9a586ccc30746a,4.43
7c1fea10b5b006671d608b1d7c446ec4,14,14,423.60,14,13,7c1fea10b5b006671d608b1d7c446ec4,4.00
7fc87cc3e89b3d1d5cabdca32f8485aa,14,14,2153.90,14,10,7fc87cc3e89b3d1d5cabdca32f8485aa,3.57
7ff588a03c2aeae4fbd23f9ae64b760d,14,16,1182.20,16,16,7ff588a03c2aeae4fbd23f9ae64b760d,4.69
82cb9f452fe8334df74b22d37824b431,14,18,838.20,18,18,82cb9f452fe8334df74b22d37824b431,4.72
83645b1645cdee8953ee54c29ceed564,14,14,978.90,14,14,83645b1645cdee8953ee54c29ceed564,4.43
88cf19ec1fc2c58f161aee259d57142c,14,14,1372.97,14,14,88cf19ec1fc2c58f161aee259d57142c,4.47
980640c45d7a4635885491d077167e4d,14,14,1004.29,14,13,980640c45d7a4635885491d077167e4d,4.64
9bcdfa7b615b3abb9461d9e3ad9886ae,14,20,2126.07,20,19,9bcdfa7b615b3abb9461d9e3ad9886ae,4.60
b6e1504972665f739dec4facb9943775,14,14,1484.48,14,13,b6e1504972665f739dec4facb9943775,4.36
b9ca8e8baa5d4aa038394a700f63e69f,14,14,1289.77,14,13,b9ca8e8baa5d4aa038394a700f63e69f,4.21
bbf9ad41dca6603e614efcdad7aab8c4,14,14,7846.00,14,14,bbf9ad41dca6603e614efcdad7aab8c4,4.50
bce6a5ecf98e99fd2a8868b15c51f04b,14,15,3464.90,15,12,bce6a5ecf98e99fd2a8868b15c51f04b,4.13
c273175f7c6c80fb02f051e2fc6d0d72,14,14,1188.23,14,13,c273175f7c6c80fb02f051e2fc6d0d72,3.79
c679fb69a36e1d8349e8c50a217b4d58,14,17,1825.68,17,14,c679fb69a36e1d8349e8c50a217b4d58,3.56
c89cf7c468a48af70aada384e722f9e2,14,14,745.00,14,13,c89cf7c468a48af70aada384e722f9e2,4.00
c9a06ece156bb057372c68718ec8909b,14,14,4688.90,11,11,c9a06ece156bb057372c68718ec8909b,3.00
ca4b77513ac2040591b0d8fae6958380,14,15,1772.45,15,12,ca4b77513ac2040591b0d8fae6958380,4.47
d2e753bb80b7d4faa77483ed00edc8ca,14,15,1320.70,15,14,d2e753bb80b7d4faa77483ed00edc8ca,3.63
de0c78824586e9a5f5f04fd84e25df39,14,16,2489.30,16,16,de0c78824586e9a5f5f04fd84e25df39,4.44
df0f42bc4c2142eacf0eaf2cffd0cfbb,14,16,1654.00,16,16,df0f42bc4c2142eacf0eaf2cffd0cfbb,4.06
df91910b6a03bb2e3358fa6a35e32f6f,14,14,2312.10,13,13,df91910b6a03bb2e3358fa6a35e32f6f,4.36
e2c92f9c1c7746d899d18f2e158bbff7,14,14,1894.70,12,12,e2c92f9c1c7746d899d18f2e158bbff7,4.07
e48cc16ab70bfa09e1401740dce0b3d7,14,17,1084.83,17,15,e48cc16ab70bfa09e1401740dce0b3d7,3.24
ffeee66ac5d5a62fe688b9d26f83f534,14,14,1839.86,14,12,ffeee66ac5d5a62fe688b9d26f83f534,4.21
d101c6da914ae3d53f7bee42283f2fe2,13,16,1297.40,16,15,d101c6da914ae3d53f7bee42283f2fe2,4.00
e627629ba868740e287800f1a9be81c2,13,13,504.50,11,11,e627629ba868740e287800f1a9be81c2,4.46
00720abe85ba0859807595bbf045a33b,13,26,1007.50,26,24,00720abe85ba0859807595bbf045a33b,3.65
02c988090b766852e088c69d7fb3b551,13,17,1618.65,16,16,02c988090b766852e088c69d7fb3b551,4.69
0417b067eeab773d2f7061a726dc477f,13,13,1859.18,13,9,0417b067eeab773d2f7061a726dc477f,3.92
0ac4201fda2c68ebc0e47cb9423cf3c9,13,14,1676.88,14,13,0ac4201fda2c68ebc0e47cb9423cf3c9,4.33
1dcfa3835714681d4ba4a93bc1e0fd41,13,15,1278.50,14,14,1dcfa3835714681d4ba4a93bc1e0fd41,3.86
2d518637f53161b973e01f56ea4bb88e,13,13,1219.89,13,13,2d518637f53161b973e01f56ea4bb88e,4.92
2f74af7a0ee5636f12c2336f9fffed47,13,13,560.70,13,13,2f74af7a0ee5636f12c2336f9fffed47,4.31
36890be00bbfc1cdb9a4a38a6af05a69,13,13,1361.30,13,10,36890be00bbfc1cdb9a4a38a6af05a69,4.23
373ee4a3a775a733770ca3f790b8b9ac,13,22,2141.49,22,20,373ee4a3a775a733770ca3f790b8b9ac,4.00
49e7217cfe4e427191c378ec626d8737,13,14,3002.70,13,13,49e7217cfe4e427191c378ec626d8737,3.93
5075aaa8404020ae6aa8bf4792099b41,13,23,1822.80,15,15,5075aaa8404020ae6aa8bf4792099b41,3.88
51702dc2a3e106c76dbff722b5bf0726,13,14,2705.10,14,14,51702dc2a3e106c76dbff722b5bf0726,4.36
557f22c76691849db52d2abccf0015d0,13,14,865.86,13,13,557f22c76691849db52d2abccf0015d0,3.15
562f8cfc51f265411f487d07e9c40e7f,13,13,766.92,13,11,562f8cfc51f265411f487d07e9c40e7f,4.54
5abb8ea023c77787f2c15da891c8d384,13,13,2241.00,13,10,5abb8ea023c77787f2c15da891c8d384,3.92
5b07547f10dd980738a1a27f685af669,13,14,1134.60,14,12,5b07547f10dd980738a1a27f685af669,4.50
5f67c6082caacb26e431a7b17940cece,13,14,1662.60,14,10,5f67c6082caacb26e431a7b17940cece,3.57
655220df33262c7e0c4949a147366f94,13,15,2245.00,15,13,655220df33262c7e0c4949a147366f94,4.20
6e864f5c4669eff3d98140a07cc50202,13,13,740.59,13,12,6e864f5c4669eff3d98140a07cc50202,4.46
6f229cc508fc6915ed5c499efd93baa4,13,14,2654.80,14,12,6f229cc508fc6915ed5c499efd93baa4,4.43
7c4618c82226628831613e95e9c22f44,13,13,333.93,13,11,7c4618c82226628831613e95e9c22f44,4.08
81783131d2a97c8d44d406a4be81b5d9,13,15,1782.54,9,8,81783131d2a97c8d44d406a4be81b5d9,3.43
8629c241b3622ac12cd4118afdc8d394,13,13,1167.66,13,12,8629c241b3622ac12cd4118afdc8d394,4.08
87b740daf17b5d1be335a64164ec6842,13,13,14699.87,11,10,87b740daf17b5d1be335a64164ec6842,3.31
8a87611c08849ffeeccab52aa798b6c7,13,14,2369.80,6,6,8a87611c08849ffeeccab52aa798b6c7,2.64
8d46553a36e68f95350a200c12f8f2e2,13,16,746.60,11,11,8d46553a36e68f95350a200c12f8f2e2,3.13
8f78f0903005064036736c7173a5c2ed,13,21,2113.70,21,20,8f78f0903005064036736c7173a5c2ed,3.48
8ff1a9df749e454105c55cda13e79143,13,14,1400.60,14,14,8ff1a9df749e454105c55cda13e79143,3.73
9d5604a1f112324ad6b2aa552122e0fb,13,17,421.50,17,17,9d5604a1f112324ad6b2aa552122e0fb,3.65
9d681c7e12db302cb261e721040dde65,13,14,785.60,14,14,9d681c7e12db302cb261e721040dde65,4.93
9d7a1d34a5052409006425275ba1c2b4,13,16,1054.82,16,15,9d7a1d34a5052409006425275ba1c2b4,3.75
a8739afb32aaa45e01815ca76f76f54b,13,15,298.83,15,14,a8739afb32aaa45e01815ca76f76f54b,3.47
c26a2be5b53b7db6b276280da212a779,13,18,7482.00,18,18,c26a2be5b53b7db6b276280da212a779,2.72
c2d70ce2c5d0a2eb75e78668236e6dc8,13,15,2470.90,15,15,c2d70ce2c5d0a2eb75e78668236e6dc8,4.67
c3e1abd72a42fe690fcd89cf5720fe29,13,13,1798.61,13,13,c3e1abd72a42fe690fcd89cf5720fe29,4.46
c510bc1718f0f2961eaa42a23330681a,13,13,12251.00,12,12,c510bc1718f0f2961eaa42a23330681a,4.00
caa9bc43a9fe8cf9c564ddd8a03cc4a6,13,14,803.87,14,13,caa9bc43a9fe8cf9c564ddd8a03cc4a6,4.69
058cb5aeb36d7c0fcae20fc85d5e0a59,12,13,1328.00,12,11,058cb5aeb36d7c0fcae20fc85d5e0a59,3.38
08084d990eb3f53af056ccbc1730c8a7,12,12,372.50,12,12,08084d990eb3f53af056ccbc1730c8a7,4.45
0887a9f087bcd5d9f6642b52f897fc6c,12,12,1642.00,12,11,0887a9f087bcd5d9f6642b52f897fc6c,4.42
08d0949a9a17c027262db1f3c450c26c,12,12,324.80,12,12,08d0949a9a17c027262db1f3c450c26c,3.54
0a85ebe4e328db81ac9109781205e2f7,12,12,667.90,12,11,0a85ebe4e328db81ac9109781205e2f7,4.58
1660ad786c27fd935378b6192a90b417,12,13,1570.00,13,12,1660ad786c27fd935378b6192a90b417,4.62
1c5e4e49b9079480255b49d50aac1aa9,12,12,10173.11,12,12,1c5e4e49b9079480255b49d50aac1aa9,4.33
1d29dfba02015238dfbe2449a5eaa361,12,12,612.80,12,11,1d29dfba02015238dfbe2449a5eaa361,4.50
1d503743d2526f03f0c2c89540ee008c,12,17,516.04,17,16,1d503743d2526f03f0c2c89540ee008c,4.24
2059c39f76271d4ca3f15b5ffaccc8b8,12,12,604.90,12,12,2059c39f76271d4ca3f15b5ffaccc8b8,4.50
257e61d3251fb5efb9daadddbc2cf7ca,12,12,7729.00,12,12,257e61d3251fb5efb9daadddbc2cf7ca,4.75
26d6bbee02420494d471c9f6436929c0,12,13,434.51,13,13,26d6bbee02420494d471c9f6436929c0,4.69
26e2c91ef821e1ff8985f408788fe35b,12,14,1649.40,14,9,26e2c91ef821e1ff8985f408788fe35b,3.00
2addf05f476d0637864454e93ba673d5,12,12,4552.00,12,12,2addf05f476d0637864454e93ba673d5,5.00
2c4c47cb51acd5ea5db5e0ae0e26542a,12,15,2575.90,15,15,2c4c47cb51acd5ea5db5e0ae0e26542a,4.60
3969863bb8af7f72580b3b1ffd3a17b3,12,13,623.15,13,13,3969863bb8af7f72580b3b1ffd3a17b3,4.00
3f8034bfc6b8b4135534975d49f04c63,12,16,1313.90,14,14,3f8034bfc6b8b4135534975d49f04c63,3.06
40db9e9aa57f7bb151bcda6b0f9bdbb7,12,12,23168.00,12,11,40db9e9aa57f7bb151bcda6b0f9bdbb7,2.36
41ab63a91b8b264e8c8780368bf1dd5b,12,13,2571.95,13,13,41ab63a91b8b264e8c8780368bf1dd5b,4.23
431050a06a317f2b38168dec3dcd2b46,12,12,1487.80,10,10,431050a06a317f2b38168dec3dcd2b46,4.25
4324dd16853115efb0fd9d0d131ba6f4,12,18,1052.25,18,17,4324dd16853115efb0fd9d0d131ba6f4,4.28
47efca563408aae19bb7206c2d969ea9,12,12,2522.00,11,11,47efca563408aae19bb7206c2d969ea9,4.08
5011f0d93373a4c5753adf58ca77af8d,12,22,1009.42,21,17,5011f0d93373a4c5753adf58ca77af8d,3.55
5b0cc932433fa5184b5b94bfe6bcc256,12,17,1437.80,17,13,5b0cc932433fa5184b5b94bfe6bcc256,3.47
5b51032eddd242adc84c38acab88f23d,12,14,3280.00,14,14,5b51032eddd242adc84c38acab88f23d,3.79
5b581417df4480f632484ba681e53944,12,13,1790.60,12,8,5b581417df4480f632484ba681e53944,3.31
5b85809efd0d0e4dea1a9544e1280ed9,12,14,1804.60,14,14,5b85809efd0d0e4dea1a9544e1280ed9,4.36
5d9dc90a686a8fddacffab6bab5653a3,12,12,3761.94,12,11,5d9dc90a686a8fddacffab6bab5653a3,4.17
6b333a05bf188ef3e1f1662a86bd9855,12,13,3990.91,13,12,6b333a05bf188ef3e1f1662a86bd9855,4.38
6d22a1fcebb6dd08c9cd90b92a93e8d0,12,13,723.70,13,13,6d22a1fcebb6dd08c9cd90b92a93e8d0,4.31
70849ca4f400aaabb62cb7462a6f1428,12,12,909.58,12,10,70849ca4f400aaabb62cb7462a6f1428,4.42
7357b52d27cbaa90f81a96cbc1279396,12,12,1328.02,12,11,7357b52d27cbaa90f81a96cbc1279396,4.33
8476243f92442881ddd5b578975cf115,12,12,7838.00,12,11,8476243f92442881ddd5b578975cf115,4.08
968268a686aa05d1f529fb07dff08130,12,12,4677.29,12,12,968268a686aa05d1f529fb07dff08130,3.50
97512d3fc193b2d1dfcdba0f9d1f0f8a,12,13,1458.87,13,12,97512d3fc193b2d1dfcdba0f9d1f0f8a,4.31
985c92cc412091f8529c12d7f23d3fef,12,12,1368.50,12,11,985c92cc412091f8529c12d7f23d3fef,4.75
9906e7aa42a3c067b7c9a564d01c4320,12,16,2619.00,16,14,9906e7aa42a3c067b7c9a564d01c4320,4.06
a1474fd46fd3430168f7ec202da39408,12,14,2752.50,14,12,a1474fd46fd3430168f7ec202da39408,4.43
abc015ebac1d283a323ca9db35ede4b9,12,13,1106.80,13,13,abc015ebac1d283a323ca9db35ede4b9,4.38
acadd4d36859671cb635527c6c977533,12,12,2381.00,12,10,acadd4d36859671cb635527c6c977533,4.25
b8630e1121437d41cb08e3c749c2c2e2,12,12,6988.00,12,10,b8630e1121437d41cb08e3c749c2c2e2,4.33
bbaff50f3b708fda865918715276cd87,12,16,449.70,16,14,bbaff50f3b708fda865918715276cd87,4.81
bc07d855eac23aab5ac8a120f21d16b2,12,13,1283.11,12,10,bc07d855eac23aab5ac8a120f21d16b2,4.15
bd15ee794d5e640d9dd71b665b2ab15b,12,12,374.80,12,10,bd15ee794d5e640d9dd71b665b2ab15b,4.00
bd1d49a326abfa9b1036772e40445430,12,13,637.70,13,12,bd1d49a326abfa9b1036772e40445430,3.85
c37b2059d4f90d4feead554e5246565e,12,16,839.30,16,9,c37b2059d4f90d4feead554e5246565e,3.75
c3acdfac4e3e97ff87529454fbc03642,12,12,16788.00,12,11,c3acdfac4e3e97ff87529454fbc03642,4.25
cb41bfbcbda0aea354a834ab222f9a59,12,12,4002.00,11,7,cb41bfbcbda0aea354a834ab222f9a59,3.33
ccb83a794700270fde70898fe9ff368b,12,12,11062.00,12,10,ccb83a794700270fde70898fe9ff368b,4.33
cd3d09fbe6e3e9ff0c0ac0c300e93ae7,12,12,651.04,12,11,cd3d09fbe6e3e9ff0c0ac0c300e93ae7,4.17
cfd7ddab722b902f7ac5b5f3ba6d723d,12,13,3385.03,13,13,cfd7ddab722b902f7ac5b5f3ba6d723d,4.54
d17f467e4bf608a510c20d82f4ba3b6b,12,12,3021.66,11,9,d17f467e4bf608a510c20d82f4ba3b6b,4.00
d1c7fa84e48cfa21a0e595167c1c500e,12,12,1156.03,12,12,d1c7fa84e48cfa21a0e595167c1c500e,4.33
d4e4b5192cba4e0e66eb12a9d347239d,12,12,441.80,11,11,d4e4b5192cba4e0e66eb12a9d347239d,4.17
d6ab728cf30867cf3f1a2e216ae2f9b7,12,14,2002.00,14,14,d6ab728cf30867cf3f1a2e216ae2f9b7,4.43
d93844a9c55ba7ce353388bcf849ea56,12,14,2708.50,14,12,d93844a9c55ba7ce353388bcf849ea56,4.21
da6a60cc8cc724fe51be021ff8be779c,12,13,728.79,13,13,da6a60cc8cc724fe51be021ff8be779c,4.77
e1dc0754bada9ee4cfe9713f22f61292,12,12,885.00,12,12,e1dc0754bada9ee4cfe9713f22f61292,3.83
e256a62e0ac58c0edfba09966142d561,12,14,1474.11,14,14,e256a62e0ac58c0edfba09966142d561,4.50
e64d65bc8dbec2accda90c58de5d1246,12,12,1678.80,12,8,e64d65bc8dbec2accda90c58de5d1246,3.08
ec80e49e69745ab6c14f984bf2149423,12,12,3709.00,12,10,ec80e49e69745ab6c14f984bf2149423,4.00
f52c2422904463fdd7741f99045fecb6,12,13,567.79,13,12,f52c2422904463fdd7741f99045fecb6,4.31
f5f1f2c5f923f36ad79ea1d07185ddc9,12,13,1912.15,11,10,f5f1f2c5f923f36ad79ea1d07185ddc9,3.08
d1b9d4be4b6f9ebd85f8acd6745ba612,11,11,1154.35,11,11,d1b9d4be4b6f9ebd85f8acd6745ba612,4.18
d4910f1cdcfdabd48d6b316e395d4a23,11,12,1146.88,12,11,d4910f1cdcfdabd48d6b316e395d4a23,4.92
d4ffeb15b67e81ff9af2b4252d99fb7e,11,12,1400.40,12,12,d4ffeb15b67e81ff9af2b4252d99fb7e,4.30
d9e7e7778b32987280a6f2cb9a39c57d,11,13,722.50,13,9,d9e7e7778b32987280a6f2cb9a39c57d,3.15
e504a4e2efaa45cbff7e268a2c58c956,11,12,1188.80,11,8,e504a4e2efaa45cbff7e268a2c58c956,3.67
ea6b12bf9ffe2bac34602ec631d97a47,11,11,2625.80,9,9,ea6b12bf9ffe2bac34602ec631d97a47,4.09
eb4df17aed01d918c65f0f8d650900c0,11,11,3739.87,11,8,eb4df17aed01d918c65f0f8d650900c0,3.91
f08a5b9dd6767129688d001acafc21e5,11,18,14069.63,18,14,f08a5b9dd6767129688d001acafc21e5,3.44
f0e103c63864d5405b958d984b6e94c9,11,11,951.70,11,11,f0e103c63864d5405b958d984b6e94c9,4.73
fa74b2f3287d296e9fbd2cc80f2d1cf1,11,11,2459.89,5,3,fa74b2f3287d296e9fbd2cc80f2d1cf1,2.36
fe701d88b67eaca109dffd464d1be9f9,11,11,1548.90,10,9,fe701d88b67eaca109dffd464d1be9f9,4.00
ff4e2d38692ce827b1a4f4b8196e680d,11,11,518.90,11,11,ff4e2d38692ce827b1a4f4b8196e680d,4.27
014d9a685fd57276679edd00e07089e5,11,12,729.88,12,12,014d9a685fd57276679edd00e07089e5,3.83
01bcc9d254a0143f0ce9791b960b2a47,11,11,1521.21,10,10,01bcc9d254a0143f0ce9791b960b2a47,4.40
0249d282d911d23cb8b869ab49c99f53,11,11,393.00,11,9,0249d282d911d23cb8b869ab49c99f53,4.27
04aa0a1c5ce6b222003403a3e11c3cc0,11,17,5518.00,17,15,04aa0a1c5ce6b222003403a3e11c3cc0,3.53
082e0bf4cb865a6533b1e8e498cc0255,11,23,2073.30,23,20,082e0bf4cb865a6533b1e8e498cc0255,3.30
141440cad9341e553f8401c574a2aa38,11,12,1288.20,12,12,141440cad9341e553f8401c574a2aa38,4.17
165b1235e9e9942cb5fae67103576fb0,11,16,2085.15,16,15,165b1235e9e9942cb5fae67103576fb0,4.31
1690cada046eb7e92c12f98b1f8a8167,11,11,1959.00,10,9,1690cada046eb7e92c12f98b1f8a8167,4.55
17908cf9b444ee34047cadd5c0f4a516,11,11,1993.99,11,10,17908cf9b444ee34047cadd5c0f4a516,4.55
1b1ae47a313a825a7ccceb8e2e30fa9d,11,11,2243.90,10,10,1b1ae47a313a825a7ccceb8e2e30fa9d,3.90
1b7e5006cb25dd23ce8686691013b121,11,11,2636.74,11,9,1b7e5006cb25dd23ce8686691013b121,4.36
1cbd32d00d01bb8087a5eb088612fd9c,11,12,1045.47,12,11,1cbd32d00d01bb8087a5eb088612fd9c,4.25
20b54c376b794ed028df09a3cd88e8dc,11,11,1342.95,7,5,20b54c376b794ed028df09a3cd88e8dc,3.00
236585a4ddb5fea9fa40233e2249ed91,11,11,649.53,11,10,236585a4ddb5fea9fa40233e2249ed91,4.09
2f09f7d37a97956d11cc1a7cadd5262b,11,12,2005.00,8,7,2f09f7d37a97956d11cc1a7cadd5262b,3.08
31ae0774c17fabd06ff707cc5bde005f,11,11,6719.85,11,10,31ae0774c17fabd06ff707cc5bde005f,4.00
334cab711dee080b079fa5779b584783,11,26,1069.70,26,26,334cab711dee080b079fa5779b584783,4.96
39c763cca83e654764b7a4a650fb9b7c,11,11,761.00,11,9,39c763cca83e654764b7a4a650fb9b7c,3.82
403aa86912527d730337ffcb0fb096ab,11,11,8959.89,11,11,403aa86912527d730337ffcb0fb096ab,4.00
4677a5437afda5fa7140b927b07be1cc,11,11,3415.70,11,10,4677a5437afda5fa7140b927b07be1cc,4.36
48fb026ed7455a42f5d3e9390ed5088e,11,11,555.71,9,9,48fb026ed7455a42f5d3e9390ed5088e,2.64
4ba52dfeba874da5b9ee7b17c7494f04,11,11,1463.00,11,10,4ba52dfeba874da5b9ee7b17c7494f04,4.36
4be6b962d83299498bae2190f95d6566,11,12,508.80,12,11,4be6b962d83299498bae2190f95d6566,4.18
512d298ac2a96d1931b6bd30aa21f61d,11,12,7401.94,12,12,512d298ac2a96d1931b6bd30aa21f61d,4.25
63a79f5a7eb5cb48a7e5787b141c7993,11,11,815.10,11,11,63a79f5a7eb5cb48a7e5787b141c7993,4.55
659e8466eb3ff1b0e8740d74fb7bbedd,11,14,1486.80,14,14,659e8466eb3ff1b0e8740d74fb7bbedd,4.50
66fd84ee7528c0c0de85d0f44a73d5ab,11,21,1438.11,21,20,66fd84ee7528c0c0de85d0f44a73d5ab,2.90
670a9dda115b5a88b18cfadee8de2332,11,11,918.90,11,11,670a9dda115b5a88b18cfadee8de2332,4.45
68f86ba270525243e68ae74044f992b9,11,12,876.50,11,10,68f86ba270525243e68ae74044f992b9,4.25
6ddc28b61be28373b4503a1f61cf98a9,11,11,1732.90,11,10,6ddc28b61be28373b4503a1f61cf98a9,4.18
6f83d9e4da896daae20b9b6b2d3ff8d2,11,11,765.19,11,11,6f83d9e4da896daae20b9b6b2d3ff8d2,4.36
723cd880edaacdb998898b67c8f9da30,11,12,2136.53,12,11,723cd880edaacdb998898b67c8f9da30,4.17
7586919161935337bf6b6d7ff5779648,11,18,1664.71,18,16,7586919161935337bf6b6d7ff5779648,3.17
77fccaae319668a8ab6cd0fd16aec48c,11,12,1667.00,12,12,77fccaae319668a8ab6cd0fd16aec48c,4.33
788e857f317e53de488d393e65a80f45,11,11,1210.00,11,11,788e857f317e53de488d393e65a80f45,4.91
7a2d2949aea47fab95fd98d6c9f618b1,11,12,1638.99,12,12,7a2d2949aea47fab95fd98d6c9f618b1,4.25
7b7f91e98f8c6def45a1407923304402,11,14,417.47,14,13,7b7f91e98f8c6def45a1407923304402,3.50
7bcd7c5f8631701474db233ccf1c094b,11,11,666.00,8,7,7bcd7c5f8631701474db233ccf1c094b,3.64
817f85dbb65aa3e70831d90fe75cdf89,11,11,1552.27,11,11,817f85dbb65aa3e70831d90fe75cdf89,4.55
89f69225956f951295ca4c7fb1266553,11,12,1041.30,12,11,89f69225956f951295ca4c7fb1266553,4.33
8bdd8e3fd58bafa48af76b2c5fd71974,11,11,2324.82,10,8,8bdd8e3fd58bafa48af76b2c5fd71974,4.55
8ca1551acf9832a4cf467bbbac15851f,11,12,2176.40,12,10,8ca1551acf9832a4cf467bbbac15851f,3.67
8e2b3afb420011ef0c88c9d5f11ea526,11,11,1384.50,11,10,8e2b3afb420011ef0c88c9d5f11ea526,4.27
91f0eec23d4a61d7d7caeefa3f0ad1ca,11,11,2190.80,11,8,91f0eec23d4a61d7d7caeefa3f0ad1ca,3.55
9803a40e82e45418ab7fb84091af5231,11,18,4278.75,18,18,9803a40e82e45418ab7fb84091af5231,3.11
9df5750209b83567ec144eb299d7d634,11,11,4917.00,11,10,9df5750209b83567ec144eb299d7d634,4.00
a23266650e7c84bb93fbbba502137478,11,16,1512.40,16,16,a23266650e7c84bb93fbbba502137478,3.25
a369d693961cb93b61ca2cc518872a85,11,18,2597.00,18,18,a369d693961cb93b61ca2cc518872a85,4.11
b080809eaacb49e5ca07290981472431,11,11,424.00,11,11,b080809eaacb49e5ca07290981472431,4.82
b0b346d3a89f5eb4c2968af3f083cd43,11,12,614.00,9,5,b0b346d3a89f5eb4c2968af3f083cd43,3.08
b55638ad525e906c698fa2ce742c1742,11,12,1094.80,12,10,b55638ad525e906c698fa2ce742c1742,4.17
b5abf4f36adc043117b4fca82c22984c,11,12,1247.80,9,6,b5abf4f36adc043117b4fca82c22984c,2.42
b6dc74ed30f124f95227bed4e43a3bed,11,13,518.96,10,9,b6dc74ed30f124f95227bed4e43a3bed,3.93
bb7a14e229b1c95156719c3d9552eeee,11,11,3190.10,10,9,bb7a14e229b1c95156719c3d9552eeee,4.18
bc302730ea8cf49b5c74f579febb5bbf,11,11,2640.90,11,10,bc302730ea8cf49b5c74f579febb5bbf,3.82
c4fabeea6e569d42d02993bb1f4f1cbc,11,11,859.30,11,10,c4fabeea6e569d42d02993bb1f4f1cbc,4.00
c5f7feb04a6a1fb3596322bfc3cf1917,11,11,1720.60,11,10,c5f7feb04a6a1fb3596322bfc3cf1917,4.27
cb6c9f5888a7a090c75beaf615925792,11,11,779.89,11,10,cb6c9f5888a7a090c75beaf615925792,3.82
04fdea0c111866e6cf812f1570d6b5bd,10,10,1055.00,8,7,04fdea0c111866e6cf812f1570d6b5bd,3.20
05a940b4ecae36cadfd8e93bd9c43257,10,10,952.00,9,9,05a940b4ecae36cadfd8e93bd9c43257,3.90
0ff83046c3fa22efee8ecf291888b191,10,11,768.90,11,11,0ff83046c3fa22efee8ecf291888b191,4.82
1996942dc085d7773ba77a529b163cd0,10,10,2943.51,9,9,1996942dc085d7773ba77a529b163cd0,3.90
1e483cc5c76fef08d3ca05f9a8af7d01,10,11,171.99,10,10,1e483cc5c76fef08d3ca05f9a8af7d01,4.09
226b05fe067266c59c15dae208213d06,10,11,1056.90,11,11,226b05fe067266c59c15dae208213d06,4.18
26af45f5dfd967225a832838aa4e24a3,10,11,573.10,11,11,26af45f5dfd967225a832838aa4e24a3,4.18
2aa3443d7bf9d9bb11133f420d75e083,10,10,647.00,10,8,2aa3443d7bf9d9bb11133f420d75e083,3.00
2d42ebcda99fd55f6f4bc2f1ca035d50,10,11,921.50,11,11,2d42ebcda99fd55f6f4bc2f1ca035d50,4.00
2f4b0d3b9634b647d4edee577d7ebb7e,10,11,337.90,11,11,2f4b0d3b9634b647d4edee577d7ebb7e,4.91
2fdde51ad3e12f297da656d4fbd5d0b5,10,10,6252.00,9,9,2fdde51ad3e12f297da656d4fbd5d0b5,4.70
3c3017960b2dbd72711a61f0400aab8f,10,10,968.80,9,9,3c3017960b2dbd72711a61f0400aab8f,4.00
3d2531eccfbde1d7c8db7a3a12fb267a,10,10,1999.54,10,10,3d2531eccfbde1d7c8db7a3a12fb267a,4.22
3d621842b2ed28e2b474132480edac3c,10,10,928.91,8,8,3d621842b2ed28e2b474132480edac3c,3.90
3fac58ce0ad699020c7944d53c41329c,10,16,1244.95,16,13,3fac58ce0ad699020c7944d53c41329c,4.56
41b86b552e54e3a7009596125aa8b167,10,11,1595.30,11,11,41b86b552e54e3a7009596125aa8b167,4.36
4e8dacf3d38f281ae26c3e0321d92d88,10,15,2644.95,9,7,4e8dacf3d38f281ae26c3e0321d92d88,2.47
508808d438fe2ff972ed13bb8f4a82e2,10,11,294.83,10,10,508808d438fe2ff972ed13bb8f4a82e2,4.27
525e75a6fb1454a2325ab1734bcec221,10,11,657.07,10,10,525e75a6fb1454a2325ab1734bcec221,3.73
54583ab379489add547fe47b628db589,10,10,2240.00,10,10,54583ab379489add547fe47b628db589,4.80
59cd88080b93f3c18508673122d26169,10,12,392.33,12,9,59cd88080b93f3c18508673122d26169,4.75
59cea8e446d3834393058e7e0666b6fb,10,10,696.60,10,10,59cea8e446d3834393058e7e0666b6fb,4.60
5a6a02f419701fc8c605af71d4fc57a4,10,11,600.50,11,10,5a6a02f419701fc8c605af71d4fc57a4,4.82
5ab05b6d86d417796c69ffd6774ec832,10,12,1886.10,12,11,5ab05b6d86d417796c69ffd6774ec832,3.67
5b2e94f2c22b39ccc24d34ad0f669672,10,10,949.78,10,9,5b2e94f2c22b39ccc24d34ad0f669672,4.90
5ef131ac72773e5b3f6c0d63cf424657,10,11,575.79,11,11,5ef131ac72773e5b3f6c0d63cf424657,3.82
5f26c1408a65b42a7224cd463bdf3292,10,10,1139.80,10,10,5f26c1408a65b42a7224cd463bdf3292,4.80
5f7300535881cef3b625fd683cf7d145,10,11,665.98,11,11,5f7300535881cef3b625fd683cf7d145,4.45
615005a3ef192c00c6f0e977cee3d2bc,10,11,286.50,11,9,615005a3ef192c00c6f0e977cee3d2bc,3.91
6806dad1da97bfb5a9038eac6881f706,10,14,1477.00,14,13,6806dad1da97bfb5a9038eac6881f706,3.93
6b9b80d53ba3676eafe60268a810b5a1,10,10,882.70,9,9,6b9b80d53ba3676eafe60268a810b5a1,3.90
6bbcb8924baf70b7fe2fe2097e8cd407,10,11,2382.50,11,11,6bbcb8924baf70b7fe2fe2097e8cd407,4.55
6eb94e1466490d327a09abf8f3552a50,10,10,1511.95,9,8,6eb94e1466490d327a09abf8f3552a50,4.44
851773c885feb5e2da3b4f82bc2b17ce,10,10,585.30,10,8,851773c885feb5e2da3b4f82bc2b17ce,4.20
8603f0038fe0e52fedd3382d266723de,10,10,2355.00,10,10,8603f0038fe0e52fedd3382d266723de,4.40
89a51f50b8095ea78d5768f34c13a76f,10,11,677.16,11,11,89a51f50b8095ea78d5768f34c13a76f,4.73
9449f25aeaf531019b76999ea49a6949,10,10,2046.45,9,7,9449f25aeaf531019b76999ea49a6949,4.00
973f21788dfab357250f69a8dcb7ddee,10,21,909.00,19,12,973f21788dfab357250f69a8dcb7ddee,2.33
9c690ceacd5c66731bf443ea810195cb,10,12,871.80,12,12,9c690ceacd5c66731bf443ea810195cb,4.42
9d39404483343dd55c7ae254494d8388,10,10,293.20,10,9,9d39404483343dd55c7ae254494d8388,3.50
9dd59e43f0c9f0553244e8f9c2fb247e,10,10,356.30,10,9,9dd59e43f0c9f0553244e8f9c2fb247e,4.80
a0415d9b25ede3c4b1e477e9916ffc03,10,10,4044.10,9,9,a0415d9b25ede3c4b1e477e9916ffc03,3.90
a13580f0e8f782b7a543885a0ef99f08,10,10,1304.90,10,8,a13580f0e8f782b7a543885a0ef99f08,4.40
a2fa0bdc798ee84cdb08281337cf4fb6,10,13,392.75,11,11,a2fa0bdc798ee84cdb08281337cf4fb6,4.23
aac51c486b672a9850d59f3e84b1cf88,10,13,728.28,13,13,aac51c486b672a9850d59f3e84b1cf88,4.77
acb6c2ca5c82411c1fdb88d5fd5eb95e,10,11,413.88,11,11,acb6c2ca5c82411c1fdb88d5fd5eb95e,3.73
ad273c9eb54ecb4532de4bf75bae9e4e,10,11,645.00,11,11,ad273c9eb54ecb4532de4bf75bae9e4e,3.82
ade45994b717ccee333492330fbf037b,10,10,7196.00,10,10,ade45994b717ccee333492330fbf037b,4.50
b127efdabeffb5d559349c7b172eb75d,10,10,308.50,10,9,b127efdabeffb5d559349c7b172eb75d,4.80
b16d3dadc47d4eb18be3d88bad0775ce,10,11,722.10,11,10,b16d3dadc47d4eb18be3d88bad0775ce,4.36
b2c97074649f92197d9387d9033dda5f,10,11,684.71,11,10,b2c97074649f92197d9387d9033dda5f,4.64
b9a03475e6447e631b6799ec8274800f,10,11,1349.10,11,11,b9a03475e6447e631b6799ec8274800f,4.27
c5f7e746b7e6d07def6c0dae9903279b,10,11,1429.00,11,11,c5f7e746b7e6d07def6c0dae9903279b,4.45
c6a7539d424a8402232c2228d7a03c5e,10,15,607.50,15,14,c6a7539d424a8402232c2228d7a03c5e,2.60
c7fdb77fdbff3c41981bc52f787e959e,10,12,696.32,11,9,c7fdb77fdbff3c41981bc52f787e959e,3.33
c990d6cf976a5718aaedc539f383ab88,10,11,200.90,9,5,c990d6cf976a5718aaedc539f383ab88,3.18
cac63f48c38cd7d002a7e846dcd99a23,10,10,874.00,10,10,cac63f48c38cd7d002a7e846dcd99a23,4.82
cb9fb4ca75d7ba8437480e8dde64fe98,10,10,532.14,10,10,cb9fb4ca75d7ba8437480e8dde64fe98,4.00
cbf09e831b0c11f6f23ffb51004db972,10,10,1535.20,10,10,cbf09e831b0c11f6f23ffb51004db972,4.40
d32e3909cfb714fb2a6cb092c85b9c5f,10,11,2827.90,11,8,d32e3909cfb714fb2a6cb092c85b9c5f,3.64
d7485b33791774c36108f8c69602d48d,10,10,399.82,10,9,d7485b33791774c36108f8c69602d48d,3.70
de9727ca376d1be6ec121b110aa7954c,10,12,1058.70,11,10,de9727ca376d1be6ec121b110aa7954c,3.75
e9c6969d40e6a3d2d0f90013165c2b98,10,10,5239.98,10,10,e9c6969d40e6a3d2d0f90013165c2b98,4.40
f435898e493ba0356019a0b1cb8b55b1,10,12,649.76,12,12,f435898e493ba0356019a0b1cb8b55b1,4.33
f44b6f775a2b390380e0e30b5c9d3eee,10,10,2930.00,10,10,f44b6f775a2b390380e0e30b5c9d3eee,4.90
f8201cab383e484733266d1906e2fdfa,10,10,889.00,10,8,f8201cab383e484733266d1906e2fdfa,4.10
f9903dd0f812c7e771fcad47b6fff231,10,15,1684.85,15,15,f9903dd0f812c7e771fcad47b6fff231,2.93
fb3cfbc8a86f5d7fbb4d36b8df63f60d,10,15,1007.30,15,15,fb3cfbc8a86f5d7fbb4d36b8df63f60d,3.13
fdaaf5bfda82b7b80535610c831b8d09,10,15,2588.90,15,12,fdaaf5bfda82b7b80535610c831b8d09,3.93
ffad1e7127fb622cb64a900751590acd,10,15,884.30,15,15,ffad1e7127fb622cb64a900751590acd,4.87
cf8ab1616079e2793aa29d524df01bb1,9,9,14391.00,6,5,cf8ab1616079e2793aa29d524df01bb1,2.00
d1582f4043306e6b91afa6a8a884f898,9,9,990.00,9,8,d1582f4043306e6b91afa6a8a884f898,4.11
d29ba1220fb8634fa3a107e54497b8a4,9,9,724.94,9,9,d29ba1220fb8634fa3a107e54497b8a4,3.22
d3dcf0604eabf0224fbd5948b5e02f69,9,9,2902.30,9,6,d3dcf0604eabf0224fbd5948b5e02f69,3.89
d94ba08b99bedd6a5f6c875ecc4a6fac,9,10,599.00,9,9,d94ba08b99bedd6a5f6c875ecc4a6fac,4.80
d9e8c084b68fe958861d8f2c21202e6b,9,12,3050.00,12,12,d9e8c084b68fe958861d8f2c21202e6b,4.17
daf565f087a52def0fd5c5825b3661bc,9,9,813.90,9,8,daf565f087a52def0fd5c5825b3661bc,3.63
e1b12447a7563944843191754aeb5562,9,10,472.46,10,7,e1b12447a7563944843191754aeb5562,4.50
e8dba4d70f7f2b20e775d09cae01142d,9,9,855.91,9,8,e8dba4d70f7f2b20e775d09cae01142d,4.33
ea65d8b58316a6f2362f2a9e4b3e86ad,9,16,2061.40,16,16,ea65d8b58316a6f2362f2a9e4b3e86ad,3.19
ead2bab70821ea148476ae9bc08548ac,9,9,412.10,9,9,ead2bab70821ea148476ae9bc08548ac,4.30
eb3071b9f0b0ddaa2df5ea130f09f26b,9,11,6230.00,11,10,eb3071b9f0b0ddaa2df5ea130f09f26b,4.64
ef30892870c278497523264be1be2241,9,9,783.20,9,9,ef30892870c278497523264be1be2241,4.56
f12d3c2a14729ae461b920c11fe20fdc,9,11,364.45,11,11,f12d3c2a14729ae461b920c11fe20fdc,4.27
f326006815956455b2859abd58fe7e39,9,30,3147.16,30,30,f326006815956455b2859abd58fe7e39,4.70
f35b3c613c4f7b2275f4185d0a3c59ec,9,9,4047.25,9,7,f35b3c613c4f7b2275f4185d0a3c59ec,4.56
f5f46307a4d15880ca14fab4ad9dfc9b,9,10,1422.94,10,9,f5f46307a4d15880ca14fab4ad9dfc9b,4.00
f9ec7093df3a7b346b7bcf7864069ca3,9,9,519.20,9,8,f9ec7093df3a7b346b7bcf7864069ca3,4.78
fac1a9017ade7bdc94058fc1c969f355,9,10,2010.84,10,10,fac1a9017ade7bdc94058fc1c969f355,4.70
fe1bbc5feda5c8979a8a1b3b2512d5a6,9,10,724.72,10,9,fe1bbc5feda5c8979a8a1b3b2512d5a6,3.80
fec6275253471ace26d209bbaa64cd0f,9,10,2840.00,10,10,fec6275253471ace26d209bbaa64cd0f,4.60
ff4ea69c2a729e83e63c7579e4ef8170,9,9,7017.00,8,8,ff4ea69c2a729e83e63c7579e4ef8170,4.50
01c97ebb5cdac52891c0ed1c37ba0012,9,12,577.50,12,12,01c97ebb5cdac52891c0ed1c37ba0012,4.08
039b29ff3b3473435d0cd59040575de9,9,9,114.90,9,9,039b29ff3b3473435d0cd59040575de9,4.44
03a2a6dcbe45d639c4dc2a0d24769c40,9,9,1078.41,9,8,03a2a6dcbe45d639c4dc2a0d24769c40,4.11
07de60b03d150fb3ea09eab5da5e4c8b,9,9,719.10,9,8,07de60b03d150fb3ea09eab5da5e4c8b,4.33
0b18d63d0cd1d723567903fd34a07df2,9,14,1678.14,14,14,0b18d63d0cd1d723567903fd34a07df2,4.79
0bebbb2cea103a4a020c95d43fd7d754,9,9,1367.20,9,9,0bebbb2cea103a4a020c95d43fd7d754,4.89
0ddefe3c7a032b91f4e25b9c3a08fca1,9,10,402.90,10,10,0ddefe3c7a032b91f4e25b9c3a08fca1,4.50
10ff823eda2b032e2c93d17a7d294736,9,9,1294.97,8,8,10ff823eda2b032e2c93d17a7d294736,3.89
134a288e7de827ec5ec62e3ec9c3a295,9,9,877.45,9,9,134a288e7de827ec5ec62e3ec9c3a295,4.78
13fa2a6c6b9d0f43cb588d7c82117a12,9,10,4528.00,10,7,13fa2a6c6b9d0f43cb588d7c82117a12,4.09
1782ce2db72c3dda627d5e7c898104e1,9,10,2010.80,10,9,1782ce2db72c3dda627d5e7c898104e1,4.30
1acde099eb406aa220b1169b188b42da,9,10,311.10,10,10,1acde099eb406aa220b1169b188b42da,4.30
1bb3812d5f0747a3ab7348f199001a10,9,9,834.40,9,9,1bb3812d5f0747a3ab7348f199001a10,4.89
1cbd50a8c52e6cf8e315c5709fab386f,9,9,785.97,9,8,1cbd50a8c52e6cf8e315c5709fab386f,3.78
2379bdc3888025689a9deb7b141507d5,9,9,999.50,9,6,2379bdc3888025689a9deb7b141507d5,4.33
2dcf93836ae3ce0d7c93e2f10876467a,9,12,1443.80,12,10,2dcf93836ae3ce0d7c93e2f10876467a,4.17
312ba1d77e9c332ef21f9598b7f64cd7,9,10,756.00,7,3,312ba1d77e9c332ef21f9598b7f64cd7,2.91
33d677f27a69b84051204ee4ae76eaca,9,10,165.00,10,10,33d677f27a69b84051204ee4ae76eaca,4.60
38102b031c2a15e54623d711bfc753d3,9,11,457.00,10,10,38102b031c2a15e54623d711bfc753d3,3.64
3d0cd21d41671c46f82cd11176bf7277,9,11,447.80,11,11,3d0cd21d41671c46f82cd11176bf7277,4.73
3d4824f20035949c710eaf111f869d39,9,10,1041.04,9,7,3d4824f20035949c710eaf111f869d39,3.90
3e8bd881d92466e63ba9e3e809cd3c50,9,10,2242.28,9,5,3e8bd881d92466e63ba9e3e809cd3c50,4.22
3f0e48d209018b466fcd3bb4ccfeb520,9,10,5399.00,10,10,3f0e48d209018b466fcd3bb4ccfeb520,3.90
402916f742e5c740cc751493d9cf5053,9,10,1252.00,10,10,402916f742e5c740cc751493d9cf5053,4.70
457fe919b032a3f7dadba6fb92cf7855,9,12,1104.89,12,10,457fe919b032a3f7dadba6fb92cf7855,4.83
538caafddff204241cecbf3a02e6b3cf,9,9,148.30,8,4,538caafddff204241cecbf3a02e6b3cf,2.56
5c3460cd3e8a984382ae254e7dd20d9f,9,10,775.76,10,10,5c3460cd3e8a984382ae254e7dd20d9f,4.70
5ee7fd217d08dfe5d3e2f51f96a12c9a,9,9,1165.50,9,7,5ee7fd217d08dfe5d3e2f51f96a12c9a,3.44
5eeb9c756d9780b96283e5a2ac6da334,9,9,2471.00,9,7,5eeb9c756d9780b96283e5a2ac6da334,4.22
6562efe88ce0826a4ca4f189f03b4b84,9,21,1135.90,20,18,6562efe88ce0826a4ca4f189f03b4b84,4.04
6c99c983ce3b6ba0ab813e6790e81691,9,9,546.75,9,9,6c99c983ce3b6ba0ab813e6790e81691,3.78
6ee85be3693ed79a8e80718743d80655,9,13,484.50,5,3,6ee85be3693ed79a8e80718743d80655,1.92
7210cd29727d674c00741e5e387b3ccd,9,13,729.09,13,9,7210cd29727d674c00741e5e387b3ccd,3.69
7813ea3ebd9411dc600b4dd01f7a97b9,9,9,1599.40,9,8,7813ea3ebd9411dc600b4dd01f7a97b9,3.89
7fdb0720c8d7c9075538b365dc8c3a22,9,10,1804.00,10,9,7fdb0720c8d7c9075538b365dc8c3a22,2.40
85cc55e048b6bcc90c75afe7f0e72f72,9,9,308.28,9,7,85cc55e048b6bcc90c75afe7f0e72f72,4.44
8c0de775f52fe41590b376a3b7c50f68,9,9,672.70,8,8,8c0de775f52fe41590b376a3b7c50f68,3.89
8c5e007d7bd5693fa1386ffefbc99f6c,9,24,1029.11,24,24,8c5e007d7bd5693fa1386ffefbc99f6c,4.17
9198786624eaeb375793215cad26cfa6,9,10,908.30,9,9,9198786624eaeb375793215cad26cfa6,3.90
9539213aa8e023c01937bef95dc006da,9,9,229.10,9,6,9539213aa8e023c01937bef95dc006da,4.56
95b293867b5862941c9cd74f756a3c68,9,9,648.10,9,5,95b293867b5862941c9cd74f756a3c68,3.56
9bc484c87d79cd4874e05ca182658045,9,9,1120.00,8,6,9bc484c87d79cd4874e05ca182658045,4.00
9e6967d3cf386d284251784b18ccb485,9,11,517.67,11,10,9e6967d3cf386d284251784b18ccb485,3.64
a1bea7061f61f6fdd9a85a6325ba1033,9,9,810.95,9,8,a1bea7061f61f6fdd9a85a6325ba1033,4.44
a36ac007a4d18f865c8d32c3b2402c2d,9,9,1359.78,8,8,a36ac007a4d18f865c8d32c3b2402c2d,2.56
ae45df84722b1d15c5f32b23a095746c,9,12,901.83,12,12,ae45df84722b1d15c5f32b23a095746c,4.83
b18871c324516afa228a13e8f1ef0ae9,9,23,1064.60,23,21,b18871c324516afa228a13e8f1ef0ae9,3.96
b2eecf5ea250510da76590ca79d60e5d,9,11,1060.00,11,11,b2eecf5ea250510da76590ca79d60e5d,5.00
b3f19518fcec265b2e97af287725f981,9,9,486.91,8,8,b3f19518fcec265b2e97af287725f981,4.22
b8578d2d823bd8e251f6fdd02b40902d,9,9,1255.60,9,9,b8578d2d823bd8e251f6fdd02b40902d,4.44
b87a7ea0c30fad2dd6781b74a0064859,9,9,515.40,9,6,b87a7ea0c30fad2dd6781b74a0064859,3.44
bafc5aa11e413978be29040f51342e70,9,9,1679.55,9,8,bafc5aa11e413978be29040f51342e70,3.78
c0098efcf800861dcae589affca31408,9,9,1189.28,9,8,c0098efcf800861dcae589affca31408,4.78
c1ed9e3daf6154542826a6996af0fb8c,9,17,971.25,16,11,c1ed9e3daf6154542826a6996af0fb8c,4.41
c24173065483e421f9e5e7f599de101d,9,9,373.91,9,8,c24173065483e421f9e5e7f599de101d,3.56
c33a5c3c983090c8b78a28e65052a20d,9,9,629.10,8,8,c33a5c3c983090c8b78a28e65052a20d,4.22
c35affa65afd250151285c5917fc1c8a,9,9,5279.91,8,7,c35affa65afd250151285c5917fc1c8a,4.00
c500367424994318b9e779ff1ae9a330,9,9,4346.40,9,8,c500367424994318b9e779ff1ae9a330,3.78
c64a2aec32cc408a8a4c6d7c46017f91,9,9,3221.50,9,9,c64a2aec32cc408a8a4c6d7c46017f91,3.89
c840d3fdbba0790404fdae73d253b253,9,14,4522.28,14,14,c840d3fdbba0790404fdae73d253b253,3.93
c878515173c84a492ebe50d6b493230b,9,10,1118.84,10,8,c878515173c84a492ebe50d6b493230b,4.20
034b9387752bfa309f350a70cd45ffa3,8,8,96.00,8,8,034b9387752bfa309f350a70cd45ffa3,4.50
06532f10282704ef4c69168b914b77be,8,9,10220.50,8,8,06532f10282704ef4c69168b914b77be,4.22
07017df32dc5f2f1d2801e579548d620,8,9,946.49,9,9,07017df32dc5f2f1d2801e579548d620,4.11
0aea4c6ae1505b3228ddf3dd7822ee5b,8,8,1427.91,8,6,0aea4c6ae1505b3228ddf3dd7822ee5b,3.88
13c2ed7698b3ca92dad49e849219da59,8,9,498.61,9,9,13c2ed7698b3ca92dad49e849219da59,4.44
15fa791d5e017f66402dc28c44480657,8,8,1802.00,8,7,15fa791d5e017f66402dc28c44480657,4.25
184a67a8f9f63234d3a92340bbdb727f,8,11,268.66,10,10,184a67a8f9f63234d3a92340bbdb727f,3.58
1976a05ecf2996d6ffb7b5430e635fe7,8,9,1796.20,9,7,1976a05ecf2996d6ffb7b5430e635fe7,4.00
1dd33b8119b3cb1056ed5dc88cd0aaf4,8,8,1513.00,8,7,1dd33b8119b3cb1056ed5dc88cd0aaf4,3.75
2009a095de2a2a41626f6c6d7722678d,8,12,388.89,12,12,2009a095de2a2a41626f6c6d7722678d,3.92
27a56ff04b34c2ba34ce6ba4d3b9d616,8,8,349.29,8,7,27a56ff04b34c2ba34ce6ba4d3b9d616,4.13
293dee954235e4e4e43f129313625ebe,8,8,1778.92,8,8,293dee954235e4e4e43f129313625ebe,5.00
297d5eccd19fa9a83b2630071ff105e4,8,8,834.97,8,8,297d5eccd19fa9a83b2630071ff105e4,5.00
2c3d56f92f360fb89d849b84e8f50eae,8,8,465.60,7,5,2c3d56f92f360fb89d849b84e8f50eae,3.13
2d2322d842118867781fc737e96d59a1,8,10,176.40,10,9,2d2322d842118867781fc737e96d59a1,4.90
32fdd5d44ecb43dfd6a24b9369eca144,8,8,479.20,8,8,32fdd5d44ecb43dfd6a24b9369eca144,4.38
3492e68f37fd1df87f4f2f2ea247f445,8,9,787.86,9,8,3492e68f37fd1df87f4f2f2ea247f445,3.56
34f563c82a85b99ae9e6d60db5fc2e28,8,8,2332.30,8,8,34f563c82a85b99ae9e6d60db5fc2e28,4.63
3968920b9aa752ab98f7d5888c9252f2,8,10,523.30,10,9,3968920b9aa752ab98f7d5888c9252f2,4.10
3a490ba60afa30ece0e7d50cfe74a4f0,8,8,1529.20,8,8,3a490ba60afa30ece0e7d50cfe74a4f0,4.63
3d39fbf22a665714baf62fae36029e23,8,8,2504.20,8,8,3d39fbf22a665714baf62fae36029e23,4.75
404e1ba01358af4cd63f679b2c4d1fa1,8,12,373.90,12,12,404e1ba01358af4cd63f679b2c4d1fa1,5.00
406740ee611378a662d274c7d8c43c4a,8,10,1790.00,10,8,406740ee611378a662d274c7d8c43c4a,4.10
4091f77d8c768fc3e81c20761471761d,8,8,1079.00,8,6,4091f77d8c768fc3e81c20761471761d,2.75
41b14765bd56c8ad10971074380f9c0c,8,10,395.50,10,10,41b14765bd56c8ad10971074380f9c0c,4.10
439a47cc365d6e3bd526812ea9de3c29,8,13,1186.50,13,11,439a47cc365d6e3bd526812ea9de3c29,4.00
455c5640e8c5bd1b2ee85c0158f85727,8,8,6729.50,8,8,455c5640e8c5bd1b2ee85c0158f85727,4.50
49383af7ab774e4e8f3000f49c83dc4b,8,12,660.00,12,12,49383af7ab774e4e8f3000f49c83dc4b,4.58
4b1eaadf791bdbbad8c4a35b65236d52,8,8,1849.79,5,4,4b1eaadf791bdbbad8c4a35b65236d52,2.00
4cf490a58259286ada5ba8525ba9e84a,8,8,1254.20,7,7,4cf490a58259286ada5ba8525ba9e84a,3.13
4d0041cdbe51b4617d95c70b19decc74,8,8,5235.20,8,8,4d0041cdbe51b4617d95c70b19decc74,4.50
4d600e08ecbe08258c79e536c5a42fee,8,8,4465.34,7,7,4d600e08ecbe08258c79e536c5a42fee,4.00
4eb61f060e7dcc1d5a80d806c35cc541,8,8,1313.00,8,8,4eb61f060e7dcc1d5a80d806c35cc541,3.88
4ef4c39cf3c24f326434cf0b2e48046a,8,9,891.00,8,7,4ef4c39cf3c24f326434cf0b2e48046a,3.56
55dedd83e501d8248880557d9073cbfd,8,9,1055.30,9,9,55dedd83e501d8248880557d9073cbfd,4.89
577719699805dd125d5b6fdde5943bba,8,8,1077.80,8,7,577719699805dd125d5b6fdde5943bba,4.38
579891617139df7d8671d373f0669622,8,8,280.30,8,6,579891617139df7d8671d373f0669622,4.50
57fe6232e67823593374a2281d7a8af8,8,8,178.68,8,8,57fe6232e67823593374a2281d7a8af8,4.75
5962468f885ea01a1b6a97a218797b0a,8,9,791.00,6,6,5962468f885ea01a1b6a97a218797b0a,3.75
5e105f5c9f63f5f1fd75d6cb942e55b1,8,8,1471.90,8,7,5e105f5c9f63f5f1fd75d6cb942e55b1,4.50
67225bff54a172ff67579aaf583efd78,8,8,1238.00,8,7,67225bff54a172ff67579aaf583efd78,4.50
6b89abe95848c850399130d149a39b63,8,8,1135.20,8,8,6b89abe95848c850399130d149a39b63,4.38
6e0908ef4d4efadbc3cc2b74ea477cb0,8,11,589.45,11,10,6e0908ef4d4efadbc3cc2b74ea477cb0,4.09
6e1862e15f33d9994bc25922a85e1efc,8,14,732.49,12,12,6e1862e15f33d9994bc25922a85e1efc,4.67
70b52a4cfc823994561b00bad161b4ed,8,10,585.00,10,10,70b52a4cfc823994561b00bad161b4ed,4.50
71271995e85f5b8530be99ed54a91b89,8,8,776.00,6,5,71271995e85f5b8530be99ed54a91b89,2.50
73b8eb4a9a729d4019b24ed1be748cbf,8,8,692.41,7,7,73b8eb4a9a729d4019b24ed1be748cbf,4.38
79565f7d5603b24ddf07ade262547f2f,8,8,385.00,7,5,79565f7d5603b24ddf07ade262547f2f,4.00
7b98de631987e26dd6d803490c43a13c,8,8,634.20,8,8,7b98de631987e26dd6d803490c43a13c,4.63
8185694b58b2ba6de20fd41ae608bbea,8,8,1372.30,8,8,8185694b58b2ba6de20fd41ae608bbea,4.50
822b63912576852aea9a8436d72317b7,8,9,4905.69,7,7,822b63912576852aea9a8436d72317b7,4.00
87e24fc7052259b1f7f607d61c10d8be,8,8,7473.49,7,6,87e24fc7052259b1f7f607d61c10d8be,3.50
89de2d6f23e9746ff309705b23581faa,8,8,340.00,8,8,89de2d6f23e9746ff309705b23581faa,2.71
8a9260f2b0340411d6d2a56bcf4f7378,8,9,1256.00,9,8,8a9260f2b0340411d6d2a56bcf4f7378,4.78
8f580d36c1e9d6fbce95283403c7d447,8,8,4813.25,8,7,8f580d36c1e9d6fbce95283403c7d447,4.38
92d14edfb62ee5ae7fdff70b0f4e7233,8,13,322.00,13,13,92d14edfb62ee5ae7fdff70b0f4e7233,2.77
a06c8ff043abea0528ee44171e2140a2,8,8,514.50,8,8,a06c8ff043abea0528ee44171e2140a2,4.75
a1544b9ea0b2390e020537d4daa89049,8,8,841.20,8,8,a1544b9ea0b2390e020537d4daa89049,4.00
a478c7961d6a992065b24e63b366f90b,8,9,1281.50,9,9,a478c7961d6a992065b24e63b366f90b,4.89
a5259c149128e82c9d6d46e0c1c812bb,8,8,1182.26,8,8,a5259c149128e82c9d6d46e0c1c812bb,3.88
ac6417315ae5da8f9a38ee11de6f7780,8,8,788.90,7,6,ac6417315ae5da8f9a38ee11de6f7780,3.75
ae8bfdbf1c2a2a2dee92d799db0a31c6,8,8,339.92,8,8,ae8bfdbf1c2a2a2dee92d799db0a31c6,4.13
b8114f2f589a6804810f04f99b36b498,8,11,1399.62,11,11,b8114f2f589a6804810f04f99b36b498,4.73
b81e3a6c866a764974fe849821abeebd,8,11,836.15,11,11,b81e3a6c866a764974fe849821abeebd,4.55
ba6b4a237f92479743cf0ca06b67a9ac,8,8,801.89,8,7,ba6b4a237f92479743cf0ca06b67a9ac,4.25
bd149ed516d4c5d418d5781f8e18919f,8,9,414.00,9,9,bd149ed516d4c5d418d5781f8e18919f,4.89
c4f7fee5b0db50e87766f5a4d1b1b758,8,9,11961.83,5,5,c4f7fee5b0db50e87766f5a4d1b1b758,2.67
c6218512d16fcac0af02fe92691cf274,8,8,674.00,8,7,c6218512d16fcac0af02fe92691cf274,4.11
c7a0a13cbcf29d5ce51c8f80afdc0b89,8,9,483.08,9,9,c7a0a13cbcf29d5ce51c8f80afdc0b89,4.22
c8cc60ffd415254af5d9b9f34f32c369,8,9,722.20,9,9,c8cc60ffd415254af5d9b9f34f32c369,4.67
d0d70d21e2234dd7cd3cf63fe414148a,8,9,598.40,9,9,d0d70d21e2234dd7cd3cf63fe414148a,4.22
dace965ca58120f92f8d742a9fa1864b,8,8,1442.00,8,8,dace965ca58120f92f8d742a9fa1864b,4.63
ddd51ae8cda92f3995a51fc0f0f3eec7,8,25,842.70,25,25,ddd51ae8cda92f3995a51fc0f0f3eec7,4.60
e0eabded302882513ced4ea3eb0c7059,8,8,978.40,8,8,e0eabded302882513ced4ea3eb0c7059,4.63
e250d617a0ad591ba9bd663e584a895d,8,20,904.12,20,20,e250d617a0ad591ba9bd663e584a895d,2.80
e603cf3fec55f8697c9059638d6c8eb5,8,11,297.00,10,10,e603cf3fec55f8697c9059638d6c8eb5,4.45
e644cbadf7eeb30d0d29f335ce7d52ec,8,10,878.90,9,9,e644cbadf7eeb30d0d29f335ce7d52ec,3.70
e83c76265fc54bf41eac728805e4da77,8,8,237.30,8,7,e83c76265fc54bf41eac728805e4da77,3.63
e88c9b79e592e370d6bd852eeefbf057,8,9,251.87,9,9,e88c9b79e592e370d6bd852eeefbf057,4.78
e8a85b5f3df47be0984c55fd4064dbb4,8,14,743.00,14,12,e8a85b5f3df47be0984c55fd4064dbb4,4.71
eb72802c83dc7547529c9546d1a9b8ef,8,8,1063.92,8,8,eb72802c83dc7547529c9546d1a9b8ef,4.63
ec933281fb017b5020d06df29c3f77e8,8,8,1432.00,8,8,ec933281fb017b5020d06df29c3f77e8,5.00
f1b93673502375d491780bb49d615dbc,8,10,2638.93,10,8,f1b93673502375d491780bb49d615dbc,2.70
f205b1a3ca9a34e0f8a228bae6e4c7b3,8,8,1088.00,8,8,f205b1a3ca9a34e0f8a228bae6e4c7b3,4.88
f22a247b79dd22ecd91dc8e3b2a1b07c,8,8,439.94,8,6,f22a247b79dd22ecd91dc8e3b2a1b07c,4.00
f25e239052084705e17a982bc600ab2a,8,8,7380.00,8,8,f25e239052084705e17a982bc600ab2a,4.25
fe1b067411b8c5066e962aa146ccee03,8,8,847.78,8,8,fe1b067411b8c5066e962aa146ccee03,4.63
d2f3e277560ed4c6361284429b00f037,7,7,320.55,7,7,d2f3e277560ed4c6361284429b00f037,4.71
d594982fd877af63ace38ea1fca27c76,7,7,217.04,7,7,d594982fd877af63ace38ea1fca27c76,4.43
d5b9a084373da994a6e37f732169a853,7,7,1769.00,7,5,d5b9a084373da994a6e37f732169a853,3.57
dc7192adf8ba09569261f4a8d576afe0,7,8,917.00,8,8,dc7192adf8ba09569261f4a8d576afe0,3.63
de66a66f2dd06bb9ec37aa96987466a3,7,8,353.32,8,8,de66a66f2dd06bb9ec37aa96987466a3,4.25
e3dd723429d1b23614b7fa85e2c7a853,7,8,471.05,8,6,e3dd723429d1b23614b7fa85e2c7a853,3.38
e439f7176d763f92de325271111b2fd5,7,7,1348.40,6,6,e439f7176d763f92de325271111b2fd5,5.00
e4ebd3f87bf70440014f07ddda7fbe03,7,7,671.50,7,6,e4ebd3f87bf70440014f07ddda7fbe03,4.57
e58a5b390e28abc0b216cfb0e07d27d7,7,7,1022.60,7,7,e58a5b390e28abc0b216cfb0e07d27d7,4.86
e70053bf73d1b5863932e53a9fa47496,7,7,4025.00,7,7,e70053bf73d1b5863932e53a9fa47496,4.29
ed859002ad59dbf8cf3602696a6c3000,7,13,2421.70,11,11,ed859002ad59dbf8cf3602696a6c3000,4.00
eebb3372362aa9a46975164bed19a7e7,7,8,591.92,4,2,eebb3372362aa9a46975164bed19a7e7,2.29
f3295428338a40977a03f555246a70f4,7,7,644.98,7,5,f3295428338a40977a03f555246a70f4,3.57
f805b96fa705ba7995a221f1749dc141,7,7,2744.44,7,7,f805b96fa705ba7995a221f1749dc141,4.43
fa14641f57b655e933124a9ea49cd7a5,7,7,359.93,7,7,fa14641f57b655e933124a9ea49cd7a5,4.57
fa3a0b5aabb344b9a92e3524b0202123,7,7,1789.00,7,6,fa3a0b5aabb344b9a92e3524b0202123,4.14
fadb07c842a2aef5d5a676b85f220e71,7,7,398.75,7,7,fadb07c842a2aef5d5a676b85f220e71,4.71
fe26f3ecb51a15e6d8335cd92da42562,7,7,2708.96,7,6,fe26f3ecb51a15e6d8335cd92da42562,4.43
ff1e15b778c700abdd4d239b81ac466d,7,7,414.30,7,7,ff1e15b778c700abdd4d239b81ac466d,4.57
0307f7565ff85b299b6e5ef162b1b1a9,7,7,4728.80,6,6,0307f7565ff85b299b6e5ef162b1b1a9,3.14
0951a6e282947e09cd47969f4ed0b47f,7,7,492.30,7,7,0951a6e282947e09cd47969f4ed0b47f,4.86
0e982cff76cc0579f632cea8a0e38c9d,7,12,1307.34,7,7,0e982cff76cc0579f632cea8a0e38c9d,3.25
112453736dbe3889cfb74e1aaa0ba0c1,7,14,1890.00,14,14,112453736dbe3889cfb74e1aaa0ba0c1,4.07
13f57c12a00ed4610db646b913a7f5c6,7,13,645.20,13,11,13f57c12a00ed4610db646b913a7f5c6,4.77
15ead3a5037a918ddb520dfe39a3d2b9,7,8,275.50,7,5,15ead3a5037a918ddb520dfe39a3d2b9,4.38
1b45169b635ef59425637e9a33eb5fb3,7,8,308.90,8,8,1b45169b635ef59425637e9a33eb5fb3,4.63
1f867308a0ce13133a4e639ff4de0c02,7,13,875.10,13,13,1f867308a0ce13133a4e639ff4de0c02,4.54
20a8b0dc55da94fe74d112082427c84f,7,7,407.40,7,6,20a8b0dc55da94fe74d112082427c84f,4.29
26bad72add1f86e08a776ce4ffdaf1ca,7,7,622.00,7,7,26bad72add1f86e08a776ce4ffdaf1ca,4.43
28405831a29823802aa22c084cfd0649,7,7,245.00,6,6,28405831a29823802aa22c084cfd0649,4.29
2b03ac196f5ed62ac483960fe0fa3b65,7,7,843.10,7,6,2b03ac196f5ed62ac483960fe0fa3b65,4.14
2bf28e311bba65237358230cabac3f15,7,8,294.00,8,6,2bf28e311bba65237358230cabac3f15,3.88
2e0dba2da448400b1c11d7b4b22f32a4,7,13,235.87,13,13,2e0dba2da448400b1c11d7b4b22f32a4,3.77
2e7ea2aafec5835e781b21d6d1faf1f1,7,7,528.40,7,6,2e7ea2aafec5835e781b21d6d1faf1f1,4.50
2ff6b7bff164ef05590a52734e1296da,7,7,1803.59,7,7,2ff6b7bff164ef05590a52734e1296da,4.71
3076499bbc033a927bf4a8a41bcf7fd4,7,9,359.33,9,9,3076499bbc033a927bf4a8a41bcf7fd4,4.44
30c7f28fd3a5897b2c82d152bb760c17,7,7,2178.27,6,3,30c7f28fd3a5897b2c82d152bb760c17,1.67
35fb511489d9ee3ee27a76debce9df06,7,7,414.50,7,6,35fb511489d9ee3ee27a76debce9df06,3.57
37dd29b36c458d82f74a953c40c43645,7,8,4536.99,8,7,37dd29b36c458d82f74a953c40c43645,4.00
38e6dada03429a47197d5d584d793b41,7,12,596.14,12,7,38e6dada03429a47197d5d584d793b41,3.33
3985a3c45be355a4c57fde108bfabd1c,7,8,344.20,8,8,3985a3c45be355a4c57fde108bfabd1c,4.13
39d61be7a92eb77b7da367bd4845bc0e,7,14,700.59,14,14,39d61be7a92eb77b7da367bd4845bc0e,4.21
3ea00e1dea2b0659dbaf654735929220,7,7,505.00,7,7,3ea00e1dea2b0659dbaf654735929220,4.86
3f9be91358837bff69df67edfa3e42e8,7,7,569.70,7,7,3f9be91358837bff69df67edfa3e42e8,4.43
3f9c56764fabca627406093dcb3ef0b4,7,7,909.30,7,7,3f9c56764fabca627406093dcb3ef0b4,4.71
3faf68a3b0af94b10bac70d86077be49,7,7,1322.93,7,7,3faf68a3b0af94b10bac70d86077be49,4.57
4049512728d969bec69f84088b012416,7,9,389.84,9,9,4049512728d969bec69f84088b012416,5.00
48985c61529077fa4f1e38bcff0f2ed3,7,7,879.30,7,7,48985c61529077fa4f1e38bcff0f2ed3,4.43
4c61e37f664c3c88aff092aa5ac779d7,7,8,788.31,8,5,4c61e37f664c3c88aff092aa5ac779d7,4.00
5151aea44289d6c6b090ee31c2132508,7,7,1315.30,7,7,5151aea44289d6c6b090ee31c2132508,1.83
51ed72984a04e5dd35c2b27e77179038,7,7,1294.30,7,6,51ed72984a04e5dd35c2b27e77179038,3.57
52a52b9f656520e99716f5bc40f661c8,7,8,783.10,8,8,52a52b9f656520e99716f5bc40f661c8,4.13
54aa8463e87776b5612f4bdc4bd5d4de,7,7,649.30,7,7,54aa8463e87776b5612f4bdc4bd5d4de,3.86
55029529919c0123526150bd26ca8f20,7,7,453.95,7,7,55029529919c0123526150bd26ca8f20,4.71
5acd070dd3fe441bbb2ec1f1ede515ee,7,8,764.17,8,5,5acd070dd3fe441bbb2ec1f1ede515ee,2.75
5b35136197710e16ac5e7b7c2bd4ea85,7,9,3104.20,9,6,5b35136197710e16ac5e7b7c2bd4ea85,2.56
5c030029b5916fed0986310385ec9009,7,10,4164.40,10,10,5c030029b5916fed0986310385ec9009,4.90
5d378b73ab7dd6f0418d743e5dcb0bd1,7,7,13243.00,6,5,5d378b73ab7dd6f0418d743e5dcb0bd1,3.86
5fd924b4836098a5be0ecf81ba054ce0,7,8,1148.80,8,8,5fd924b4836098a5be0ecf81ba054ce0,4.00
64b87978a11c1ea7501a89eabe8c2c1a,7,7,489.93,0,0,64b87978a11c1ea7501a89eabe8c2c1a,2.00
651fe66032c9520ee5587f694908040d,7,7,464.00,7,7,651fe66032c9520ee5587f694908040d,4.00
656591be56071d4c9ef4e5fee78a578a,7,11,1702.00,11,8,656591be56071d4c9ef4e5fee78a578a,4.64
6989574bd97d9773f10d232b6c07da59,7,7,2478.40,7,7,6989574bd97d9773f10d232b6c07da59,4.86
6b803197e03abd5056b4313306b4f29d,7,12,407.00,12,12,6b803197e03abd5056b4313306b4f29d,4.83
6da1992f915d77be95d7fa48b36904af,7,9,261.00,9,9,6da1992f915d77be95d7fa48b36904af,3.67
6e4a902d1054e4e17aa6eab87fac1c75,7,8,586.57,8,6,6e4a902d1054e4e17aa6eab87fac1c75,4.25
70bf57d811208f8923b41bbd499a67a4,7,7,780.80,7,7,70bf57d811208f8923b41bbd499a67a4,4.14
725af026f869236a8dd0ceb98564d156,7,8,1177.71,5,5,725af026f869236a8dd0ceb98564d156,3.13
7354220fb240bde543b3c40c060d41e7,7,7,672.00,7,7,7354220fb240bde543b3c40c060d41e7,4.57
78a4d36f65a019172c6154468831a69f,7,7,1545.50,7,6,78a4d36f65a019172c6154468831a69f,4.29
7d7d2b7a51328016102d4528c411d630,7,7,918.80,7,6,7d7d2b7a51328016102d4528c411d630,4.14
7daca0837f033a41a6f3428c18657533,7,7,1228.98,7,5,7daca0837f033a41a6f3428c18657533,3.57
7ecef8194babfec876ca720714327841,7,8,990.50,8,7,7ecef8194babfec876ca720714327841,4.25
80f2cf9abf6b5a0e5c612b5eea6646e6,7,7,766.08,6,5,80f2cf9abf6b5a0e5c612b5eea6646e6,4.43
8378eb36b6b70c5734e83ad7b8cdc3b7,7,13,1714.80,13,10,8378eb36b6b70c5734e83ad7b8cdc3b7,3.77
86ff3eaef0267069cc891a2ed9d10a17,7,7,409.75,7,7,86ff3eaef0267069cc891a2ed9d10a17,4.71
89c127985a8b130cfa45c1d36764017a,7,7,1419.57,6,6,89c127985a8b130cfa45c1d36764017a,3.00
8bd0e3abda539b9479c4b44a691be1ec,7,13,596.55,12,8,8bd0e3abda539b9479c4b44a691be1ec,1.93
8f2b51a30523cdecddc2f179f351c7d6,7,8,1027.90,8,8,8f2b51a30523cdecddc2f179f351c7d6,3.88
94b9108d4b637ba65bb4f1e53cfcf8d8,7,8,234.96,8,7,94b9108d4b637ba65bb4f1e53cfcf8d8,4.50
9a03a4e9eb0b947652fae4f6121a3f5e,7,7,1497.00,7,6,9a03a4e9eb0b947652fae4f6121a3f5e,3.86
9a1aea68d3efa00862ec88c0768037d0,7,8,1309.20,8,8,9a1aea68d3efa00862ec88c0768037d0,4.38
9c7fd21e0aa159b20da593371f08ff7c,7,8,798.30,8,7,9c7fd21e0aa159b20da593371f08ff7c,3.38
a414555ce331b8c8aea4a9cb8395194d,7,8,1450.95,8,8,a414555ce331b8c8aea4a9cb8395194d,3.57
a4b6b9b992b46e9ef863637af96e04bc,7,14,7147.00,8,7,a4b6b9b992b46e9ef863637af96e04bc,2.57
a63bfbaa882c8f4542891b4e2246cc7f,7,7,6772.00,6,5,a63bfbaa882c8f4542891b4e2246cc7f,4.43
ab3e0c171fe84a7ba7de130f19cfb485,7,10,863.42,7,5,ab3e0c171fe84a7ba7de130f19cfb485,3.20
abbf6046bbdf1028606a5bc7f00c99e7,7,7,2217.15,6,6,abbf6046bbdf1028606a5bc7f00c99e7,4.14
b1204cfda1d4948679db3cfc0d3cb95c,7,11,2903.70,6,6,b1204cfda1d4948679db3cfc0d3cb95c,3.27
b248792ac0b60ec3f93d80af1b4fae47,7,9,454.50,9,7,b248792ac0b60ec3f93d80af1b4fae47,3.78
b274baf5bbd142410eb2958cf685d684,7,7,585.90,7,7,b274baf5bbd142410eb2958cf685d684,4.29
b3b17aab11f273023a5f22ca52e1eb70,7,13,6850.00,13,11,b3b17aab11f273023a5f22ca52e1eb70,4.85
b67d6c666e8dce1d078c882825e12704,7,8,352.84,8,8,b67d6c666e8dce1d078c882825e12704,4.88
b7ed9fb14c8eadb37adb9c45d67ab0fb,7,11,566.00,11,11,b7ed9fb14c8eadb37adb9c45d67ab0fb,2.91
bc503e244f187939d10c92a5c8e378ce,7,16,637.67,13,12,bc503e244f187939d10c92a5c8e378ce,3.75
bd4431c1a8dfa744b59e1e2a8bc99b9e,7,7,809.50,7,7,bd4431c1a8dfa744b59e1e2a8bc99b9e,4.57
be9a160a9011f627c3e121d076c1ec7b,7,7,2934.00,5,5,be9a160a9011f627c3e121d076c1ec7b,3.57
c03121937e54a93fcc1825c3098bbb6e,7,7,1043.00,7,7,c03121937e54a93fcc1825c3098bbb6e,5.00
c157bdeedcbc9a8e3c8bf0d87ff24428,7,10,514.27,10,10,c157bdeedcbc9a8e3c8bf0d87ff24428,4.50
c3fe93ba3085f92855c97e57f38c8c05,7,7,245.00,6,6,c3fe93ba3085f92855c97e57f38c8c05,5.00
c42fd8e4d47dfb18ce5222f2dd7752f9,7,11,466.99,11,6,c42fd8e4d47dfb18ce5222f2dd7752f9,4.00
c447f8dd3ed213f291d65ef074a268eb,7,8,655.00,8,8,c447f8dd3ed213f291d65ef074a268eb,3.88
c522be04e020c1e7b79f3acff36513d5,7,7,739.93,6,4,c522be04e020c1e7b79f3acff36513d5,3.57
c54679b132454625907c773d273d4126,7,8,1032.00,8,8,c54679b132454625907c773d273d4126,4.88
c8c1bea22194a4eefa2dc9a9fa89f536,7,13,1266.00,13,13,c8c1bea22194a4eefa2dc9a9fa89f536,5.00
c8e135e7b21ecbc36c1153a29d2f5a06,7,7,1165.50,7,7,c8e135e7b21ecbc36c1153a29d2f5a06,4.86
0570350b23eda5444f8d1d9544932058,6,11,626.90,11,11,0570350b23eda5444f8d1d9544932058,5.00
05feb94f19d094d4b0f9281f0b1d4c99,6,6,9353.00,6,6,05feb94f19d094d4b0f9281f0b1d4c99,4.50
085f6f7e049c996695fb2074fe38d45e,6,8,305.40,8,8,085f6f7e049c996695fb2074fe38d45e,3.63
0873d9f8f36123f8d910f4760e788cfb,6,6,7265.59,6,3,0873d9f8f36123f8d910f4760e788cfb,3.17
08ad4ac1388e4420ca531c3edfc46198,6,7,221.62,7,7,08ad4ac1388e4420ca531c3edfc46198,2.71
0ad80de75c811326389cfb1daba7d45e,6,6,1449.40,6,6,0ad80de75c811326389cfb1daba7d45e,5.00
0bfd0b434243adc5c2e1aa6baf19c6aa,6,6,371.20,6,6,0bfd0b434243adc5c2e1aa6baf19c6aa,3.67
0e44d110fa6a54e121cb2c095a77762f,6,6,223.32,6,5,0e44d110fa6a54e121cb2c095a77762f,4.33
13511db12ac61e2f89c53b72a944a60b,6,6,798.00,6,5,13511db12ac61e2f89c53b72a944a60b,3.50
14ee35374a7876217954b5fa08e50463,6,6,809.00,6,5,14ee35374a7876217954b5fa08e50463,4.33
152ee17e4c8aaf53dac99f3462e4999b,6,6,308.96,6,6,152ee17e4c8aaf53dac99f3462e4999b,4.33
186cdd1b2df32caa72cfb410bba768d3,6,6,1341.45,6,6,186cdd1b2df32caa72cfb410bba768d3,5.00
23ca5f678e0b3ea6c630b30fa8bf51ea,6,7,183.00,7,7,23ca5f678e0b3ea6c630b30fa8bf51ea,5.00
25debeafbce801fdd479539350185eee,6,7,302.84,6,6,25debeafbce801fdd479539350185eee,2.43
270d3ef21830ad0ecf3a6c53d08a533a,6,18,509.00,17,17,270d3ef21830ad0ecf3a6c53d08a533a,2.22
28ea411b354f14b1a494be4e79f0ce02,6,6,820.00,6,5,28ea411b354f14b1a494be4e79f0ce02,4.67
2ba91c7ad80ff88b23b7db823b43c233,6,6,740.40,6,4,2ba91c7ad80ff88b23b7db823b43c233,3.83
2bd05d410a8fd26dc4184a15f4f2f588,6,7,1316.73,7,7,2bd05d410a8fd26dc4184a15f4f2f588,5.00
2cb6eb1b7185064167657fa09f541105,6,7,1217.90,7,7,2cb6eb1b7185064167657fa09f541105,4.25
2ea0861cc19e94cad86438c984c52da4,6,6,165.60,6,6,2ea0861cc19e94cad86438c984c52da4,3.33
31be790e64fc99f8ff48ec2bd18a3104,6,6,241.40,6,4,31be790e64fc99f8ff48ec2bd18a3104,4.33
3364a91ec4d56c98e44174de954b94f6,6,6,3579.94,6,6,3364a91ec4d56c98e44174de954b94f6,3.83
35857757f553273b1056c1cabdace7fb,6,6,454.60,6,4,35857757f553273b1056c1cabdace7fb,4.00
365e4bce19bda0082c3d15d83fdb8bcd,6,7,796.40,7,7,365e4bce19bda0082c3d15d83fdb8bcd,4.71
38874e327ce94d11390b96eb42d61928,6,6,3779.94,6,5,38874e327ce94d11390b96eb42d61928,4.00
3a4127e1ba7208ea37044c5092aae170,6,6,2219.60,5,5,3a4127e1ba7208ea37044c5092aae170,3.50
3afc536624bc2e65bddfb5db33cc01f3,6,6,312.00,6,5,3afc536624bc2e65bddfb5db33cc01f3,3.50
3d4b1ae7539303b5704493798893e82c,6,9,1076.00,9,9,3d4b1ae7539303b5704493798893e82c,4.67
3dfd3dc96f7f8598eca74e9ac8a2fa31,6,6,183.00,6,5,3dfd3dc96f7f8598eca74e9ac8a2fa31,4.00
3f2af2670e104d1bcb54022274daeac5,6,7,973.60,7,6,3f2af2670e104d1bcb54022274daeac5,3.57
44f091b5abab8018f682fce8124b85e5,6,6,1680.10,3,1,44f091b5abab8018f682fce8124b85e5,2.50
4dbd95a08b31ede5c82d3f861cb1ce1a,6,6,1304.67,4,4,4dbd95a08b31ede5c82d3f861cb1ce1a,3.50
50770d25768b0486d89be26afca3108f,6,6,171.77,6,5,50770d25768b0486d89be26afca3108f,4.00
515d781150feed28a6ac091bb0e3cb8c,6,6,1002.35,6,6,515d781150feed28a6ac091bb0e3cb8c,4.17
52092ddbd3a58c450a4459bf051b2287,6,6,351.70,6,6,52092ddbd3a58c450a4459bf051b2287,4.33
52ac6f920b7280e4c6d30dd94de6259b,6,7,5657.30,7,7,52ac6f920b7280e4c6d30dd94de6259b,3.29
52f976b17ea7f2f087f56dcc419328f6,6,6,7630.00,6,6,52f976b17ea7f2f087f56dcc419328f6,3.67
55c26bcb609f480eb7868594245febb5,6,6,664.40,6,6,55c26bcb609f480eb7868594245febb5,4.00
55c96925041a14097b6a7825554f4ad5,6,10,294.80,6,4,55c96925041a14097b6a7825554f4ad5,3.20
5795aebfe331fbcd02a2c4b679fb7952,6,6,1280.00,6,6,5795aebfe331fbcd02a2c4b679fb7952,3.83
5d76d80a2f5f39c891b996a1bf4c9853,6,6,1238.50,6,6,5d76d80a2f5f39c891b996a1bf4c9853,4.83
6219ba2359cfb97f2e38fd4c321eb309,6,6,487.50,5,2,6219ba2359cfb97f2e38fd4c321eb309,3.40
633ecdf879b94b5337cca303328e4a25,6,6,1037.60,6,2,633ecdf879b94b5337cca303328e4a25,1.80
6750d71153f00fc58829af2a8ef1bcf1,6,6,3514.00,6,6,6750d71153f00fc58829af2a8ef1bcf1,4.29
6824a69c9ea0313eba299dd4a2dba09a,6,7,666.90,7,7,6824a69c9ea0313eba299dd4a2dba09a,4.71
6879c4d287a8dd06b11f54ea8f78e4da,6,6,527.67,6,6,6879c4d287a8dd06b11f54ea8f78e4da,4.33
68ca56ce86830f3d31b1b7ec6a54da3e,6,6,719.59,5,5,68ca56ce86830f3d31b1b7ec6a54da3e,3.83
6cf476a4ca74498db55cbccdaa9dcfb6,6,7,939.93,6,3,6cf476a4ca74498db55cbccdaa9dcfb6,2.71
714b9a1332840f257b49f476bea4e341,6,6,1499.94,6,4,714b9a1332840f257b49f476bea4e341,3.33
71592660bbcb6a4664e97b6f8b68babc,6,7,2027.18,7,7,71592660bbcb6a4664e97b6f8b68babc,4.43
74871d19219c7d518d0090283e03c137,6,7,550.04,7,7,74871d19219c7d518d0090283e03c137,5.00
76c47a299e4a8fe992316a85865acbe9,6,10,1024.46,10,8,76c47a299e4a8fe992316a85865acbe9,4.80
777a0c55737f34ffeb78010f7542ab41,6,6,452.50,6,6,777a0c55737f34ffeb78010f7542ab41,4.33
78744a20ee2f80ba64f6804c25def2b8,6,6,2715.00,6,5,78744a20ee2f80ba64f6804c25def2b8,4.17
7f40d06aa0b5f1aa4f41af8c0480e2ef,6,6,1309.94,6,5,7f40d06aa0b5f1aa4f41af8c0480e2ef,4.83
89ad3263c0931c47f976d7c5778e60f6,6,6,568.20,6,6,89ad3263c0931c47f976d7c5778e60f6,4.17
8a40ae794fa3f9892cee24bd5af0488b,6,6,739.85,6,4,8a40ae794fa3f9892cee24bd5af0488b,3.17
8b2d4ab22f42c5cfc338b846decfda60,6,9,458.00,9,9,8b2d4ab22f42c5cfc338b846decfda60,4.78
8fbd63429be6d3e5e6d1a709b6464802,6,8,1061.40,8,8,8fbd63429be6d3e5e6d1a709b6464802,4.63
9140bd1d9de28b197dce077bdd687438,6,8,1258.87,8,8,9140bd1d9de28b197dce077bdd687438,4.13
91f5779a8731baca4809fdeade81803f,6,6,1971.46,6,6,91f5779a8731baca4809fdeade81803f,3.83
9261d76c62caaf0b24677c2ceb7f8f20,6,7,968.70,7,7,9261d76c62caaf0b24677c2ceb7f8f20,3.71
9aa388272ee334b6ae07bc73706e254a,6,7,678.00,7,7,9aa388272ee334b6ae07bc73706e254a,3.86
9c1c0c36cd23c20897e473901a8fb149,6,7,544.97,7,7,9c1c0c36cd23c20897e473901a8fb149,5.00
9c3c24eca51c52b91c1de727d2a2ae06,6,6,307.50,6,6,9c3c24eca51c52b91c1de727d2a2ae06,4.50
9da1ca0bef29ee170e541927a5aeabdc,6,6,1484.40,6,4,9da1ca0bef29ee170e541927a5aeabdc,3.00
9ed65337433adfbedefd23dd76eaa494,6,6,1262.60,6,6,9ed65337433adfbedefd23dd76eaa494,4.83
9fc70243fb26800cba56e8f014797004,6,7,466.60,7,7,9fc70243fb26800cba56e8f014797004,4.57
a08692680c77d30a0b4280da5df01c5a,6,17,2433.00,17,17,a08692680c77d30a0b4280da5df01c5a,5.00
a254c682cc01e119f83530446f1df9a9,6,7,569.40,7,6,a254c682cc01e119f83530446f1df9a9,4.14
a5dd1946fb63ada8bcaa0c9cd8f11e22,6,7,219.62,7,7,a5dd1946fb63ada8bcaa0c9cd8f11e22,3.86
a64e44665225d19dfc0277eeeaaccc57,6,6,335.00,6,5,a64e44665225d19dfc0277eeeaaccc57,5.00
a67780aba9dd436e7ac0aa1f889e73ec,6,6,863.00,6,4,a67780aba9dd436e7ac0aa1f889e73ec,3.67
ad87df7699e83b8a91822a4a0b765c3a,6,7,349.90,6,6,ad87df7699e83b8a91822a4a0b765c3a,3.71
ae7ab174effdead6c241e547e4ca13f0,6,7,2778.60,7,7,ae7ab174effdead6c241e547e4ca13f0,3.86
af7cdac9d9897cddead9c6b08976c642,6,6,543.54,6,5,af7cdac9d9897cddead9c6b08976c642,3.67
b0f2a6122a90a93eb03e68653dd960e3,6,7,1620.30,7,7,b0f2a6122a90a93eb03e68653dd960e3,4.86
b29d3380981c51df13fc6fbe87e1763d,6,7,435.30,7,7,b29d3380981c51df13fc6fbe87e1763d,4.00
b586cd24c010a13916af621b0325fbba,6,7,1108.94,7,7,b586cd24c010a13916af621b0325fbba,3.86
b7cc6c5e001441ae8cdd5c69a480cbe4,6,6,651.80,5,5,b7cc6c5e001441ae8cdd5c69a480cbe4,4.17
b8a0adc91af209270c2c725168eb00fd,6,6,281.40,6,6,b8a0adc91af209270c2c725168eb00fd,4.00
b98b715fe9e276204e2a3464f48cd796,6,6,450.58,4,3,b98b715fe9e276204e2a3464f48cd796,3.33
ba6ce6de456f6c11d08c17701ba5c26f,6,7,744.35,7,6,ba6ce6de456f6c11d08c17701ba5c26f,3.71
baa49d93c8c8841e27400a300f5d74b2,6,6,246.40,6,5,baa49d93c8c8841e27400a300f5d74b2,4.50
bdae679a9b282249bc23b9b69dae9a99,6,12,663.15,12,12,bdae679a9b282249bc23b9b69dae9a99,3.50
bfd938b22bc99bce1ae60dc602889f52,6,12,922.80,6,6,bfd938b22bc99bce1ae60dc602889f52,3.08
c0f783394e37cd9c9d7f5f81141450fa,6,6,249.40,6,6,c0f783394e37cd9c9d7f5f81141450fa,3.60
c3aad7dc65449ae90a5e9c3c6c1e78e0,6,6,510.00,6,6,c3aad7dc65449ae90a5e9c3c6c1e78e0,4.67
c5e60e39c0f42b8e827daa13cff74afa,6,8,134.00,8,7,c5e60e39c0f42b8e827daa13cff74afa,4.13
c70a353f02429c00775a46a75fb787da,6,6,242.00,6,6,c70a353f02429c00775a46a75fb787da,4.67
ca77545ca4d2dfd1431bf61334e2fa3c,6,10,760.00,10,10,ca77545ca4d2dfd1431bf61334e2fa3c,4.80
ca7c6bd577e559472af1c699de9e764e,6,8,148.00,8,8,ca7c6bd577e559472af1c699de9e764e,4.00
d197aa8fbc64087f61984deef05f6227,6,7,519.09,7,7,d197aa8fbc64087f61984deef05f6227,4.71
d5c530f4884a75ae0dba9c148718d278,6,9,280.88,8,7,d5c530f4884a75ae0dba9c148718d278,2.67
d6b664fa0667064c6d76394e7848d790,6,6,6080.00,6,5,d6b664fa0667064c6d76394e7848d790,4.83
d8cf3b6a2151949f930d0252b180ec42,6,19,623.70,19,19,d8cf3b6a2151949f930d0252b180ec42,3.00
d9d43faf741ceaa8da52fdbb81d9e0e3,6,8,210.00,6,6,d9d43faf741ceaa8da52fdbb81d9e0e3,3.50
e45edf75f568ed2f93f78d060e246e25,6,7,164.30,7,6,e45edf75f568ed2f93f78d060e246e25,4.14
eba88037e1dca898cd02881f67ced679,6,6,838.10,6,5,eba88037e1dca898cd02881f67ced679,4.33
edc518ba25576a0188a0e8f2c3af186f,6,8,1647.39,8,8,edc518ba25576a0188a0e8f2c3af186f,3.50
edd066cd02126d7800f9b66e980e9931,6,6,987.70,6,5,edd066cd02126d7800f9b66e980e9931,5.00
f35becee938e982bd615edf8ef12bcfb,6,6,148.59,6,6,f35becee938e982bd615edf8ef12bcfb,4.00
f419677537694f0462a91990df6ca44f,6,6,220.50,6,5,f419677537694f0462a91990df6ca44f,4.00
f8d5c7085db9a4ad2b8c1ffbeb2798c8,6,6,263.00,6,6,f8d5c7085db9a4ad2b8c1ffbeb2798c8,5.00
fe87f472055fbcf1d7e691c00b1560dc,6,6,1085.80,6,5,fe87f472055fbcf1d7e691c00b1560dc,4.50
cd843d4cf8ef32827de0396605163ba3,5,5,1915.00,5,5,cd843d4cf8ef32827de0396605163ba3,3.80
cf1313c6e2c01c2f4b014f97db4bcd2b,5,5,315.70,5,4,cf1313c6e2c01c2f4b014f97db4bcd2b,5.00
d79e8478eed9999493990b44955fb22e,5,5,721.89,5,4,d79e8478eed9999493990b44955fb22e,4.00
debe6615cd90cc0c2eac2b8988e1f628,5,5,278.50,5,5,debe6615cd90cc0c2eac2b8988e1f628,4.60
df47da4ae86fa4db890d05aaf24e21d8,5,5,310.50,5,5,df47da4ae86fa4db890d05aaf24e21d8,4.20
e2a1ac9bf33e5549a2a4f834e70df2f8,5,5,14999.45,5,5,e2a1ac9bf33e5549a2a4f834e70df2f8,4.80
e819bcfade7b5d88a27325eb6cfd62c5,5,11,202.90,11,10,e819bcfade7b5d88a27325eb6cfd62c5,3.55
ef9952469137ff190bacafe117f51537,5,5,1002.66,5,5,ef9952469137ff190bacafe117f51537,4.80
efff9341f3f8f5237b44ff67ed36a7bf,5,5,872.99,5,5,efff9341f3f8f5237b44ff67ed36a7bf,4.40
f021c962aaba8ef6eb527a9c2c8394d1,5,5,4398.50,5,5,f021c962aaba8ef6eb527a9c2c8394d1,4.20
f19516b9ff26bfeb091b30108db4ddbd,5,5,727.60,3,3,f19516b9ff26bfeb091b30108db4ddbd,2.60
f44bdc12aa39f5271f0b95f66cd4c289,5,7,357.50,7,6,f44bdc12aa39f5271f0b95f66cd4c289,2.86
f626e15b7314c267e4429010866f70e9,5,7,193.55,7,7,f626e15b7314c267e4429010866f70e9,4.14
f650a9708fa1bab22bdd8d3a818cc415,5,5,507.75,4,4,f650a9708fa1bab22bdd8d3a818cc415,3.40
f783a638e9c6af4a7d0dbfde811e7a81,5,5,849.80,5,4,f783a638e9c6af4a7d0dbfde811e7a81,4.00
f92d8c817434bd2d84d4e9c61322b7fa,5,5,174.84,5,4,f92d8c817434bd2d84d4e9c61322b7fa,4.60
fac35d150712afb921ec59ac5f39bb11,5,6,696.00,6,6,fac35d150712afb921ec59ac5f39bb11,4.17
fc38b5dceee1a730fad8853453437fbd,5,5,119.20,5,5,fc38b5dceee1a730fad8853453437fbd,4.60
fc59392d66ef99377e50356ee4f3b4e1,5,5,519.99,5,5,fc59392d66ef99377e50356ee4f3b4e1,3.60
01ed254b9ff8407dfb9d99ba1e17d923,5,5,1465.99,5,5,01ed254b9ff8407dfb9d99ba1e17d923,5.00
039e6ad9dae79614493083e241147386,5,5,12925.00,5,4,039e6ad9dae79614493083e241147386,4.00
05e107217c7266362fd44b75b2cd4cc4,5,8,193.38,8,4,05e107217c7266362fd44b75b2cd4cc4,4.13
0791d9fc1e30678ecf03d3e55fa108d3,5,11,842.00,11,11,0791d9fc1e30678ecf03d3e55fa108d3,2.73
079d295dcbf06ee8bb1b65ba964eb2b6,5,10,349.30,10,10,079d295dcbf06ee8bb1b65ba964eb2b6,4.80
09883d9ab71c8fe8a9bfc7fc3075b07e,5,5,329.50,4,3,09883d9ab71c8fe8a9bfc7fc3075b07e,3.40
09bad886111255c5b5030314fc7f1a4a,5,5,487.50,5,5,09bad886111255c5b5030314fc7f1a4a,5.00
0c7f30ae9b147eca07affbef92832a6a,5,5,479.50,5,5,0c7f30ae9b147eca07affbef92832a6a,5.00
101a3a003516bc11253298b2fad3cb65,5,6,450.00,6,6,101a3a003516bc11253298b2fad3cb65,4.83
117cfc326c6d50da67ca858ff5c0c852,5,5,454.60,5,5,117cfc326c6d50da67ca858ff5c0c852,4.60
11eac105f3f90a9b87b19c89d91e24f3,5,5,802.89,5,5,11eac105f3f90a9b87b19c89d91e24f3,3.60
167fd940acebc789debd6eb418c46e38,5,5,1077.58,5,4,167fd940acebc789debd6eb418c46e38,3.00
180c3376aff0e43dd5788709df48a843,5,10,4513.00,10,9,180c3376aff0e43dd5788709df48a843,4.70
1b65c144b17e607c0f37f10bb7dfec8d,5,5,1109.50,5,5,1b65c144b17e607c0f37f10bb7dfec8d,2.00
1cd9e0cc1839d55516843def5600816d,5,5,825.00,5,5,1cd9e0cc1839d55516843def5600816d,5.00
1e8c6a4c538f286aee9573239740a4b4,5,5,359.70,5,5,1e8c6a4c538f286aee9573239740a4b4,3.80
228e4c1a0be164f613d41c24345f9d2c,5,5,539.70,5,5,228e4c1a0be164f613d41c24345f9d2c,5.00
2528744c5ef5d955adc318720a94d2e7,5,5,6245.00,5,5,2528744c5ef5d955adc318720a94d2e7,2.40
253f95b3a0e6983ae18aed49fbc2b845,5,5,799.50,5,5,253f95b3a0e6983ae18aed49fbc2b845,4.40
25be943a321c8938947bdaabca979a90,5,5,769.00,3,3,25be943a321c8938947bdaabca979a90,3.00
282c7480173bb9c01dd41cc739fec010,5,8,4274.20,8,7,282c7480173bb9c01dd41cc739fec010,4.43
29fe9f200d3fa0c668d2aa1ec7e08dfb,5,5,400.00,5,5,29fe9f200d3fa0c668d2aa1ec7e08dfb,4.00
2b3b9ce054da76a7428df143a567b156,5,6,301.00,6,6,2b3b9ce054da76a7428df143a567b156,3.17
2f4b9d112bfa44a214bc6cef085d17c8,5,6,293.99,6,6,2f4b9d112bfa44a214bc6cef085d17c8,4.33
2fb25ab44bdbeae6a4d816e0d0c9d500,5,5,683.08,5,5,2fb25ab44bdbeae6a4d816e0d0c9d500,4.80
31eec405c9bb71dec8e2629a92e764fa,5,5,256.89,5,5,31eec405c9bb71dec8e2629a92e764fa,4.60
32f1bb9dfa65bc7df5c0d9d95a616be4,5,6,276.39,5,3,32f1bb9dfa65bc7df5c0d9d95a616be4,3.40
33cbda8716511e27e556dff9d8418bf2,5,6,507.40,6,6,33cbda8716511e27e556dff9d8418bf2,4.83
33dd941c27854f7625b968cc6195a552,5,5,6787.50,5,5,33dd941c27854f7625b968cc6195a552,4.40
340636a908b13bbe0f4fb63fbe1d0c03,5,6,823.20,3,3,340636a908b13bbe0f4fb63fbe1d0c03,3.00
385799a1cddbd26dfeb9157356a42282,5,7,633.93,6,6,385799a1cddbd26dfeb9157356a42282,4.29
38af8acfd46ac4a7bf754e8ca6736664,5,5,345.00,5,5,38af8acfd46ac4a7bf754e8ca6736664,4.80
3903c788ded8dc03b5ebab37a2f3e9a1,5,5,119.98,5,4,3903c788ded8dc03b5ebab37a2f3e9a1,4.00
392353362d22cc2c236e1ee81ff19890,5,10,288.70,10,10,392353362d22cc2c236e1ee81ff19890,4.60
397c4d0c005b6f41f90098ac724e28cb,5,5,8177.00,5,3,397c4d0c005b6f41f90098ac724e28cb,4.40
3cfa1358a6caa965278721344c8d76f2,5,5,3140.28,5,5,3cfa1358a6caa965278721344c8d76f2,4.80
3d01d1c414c44b5943a09619ff3853cb,5,5,402.60,4,4,3d01d1c414c44b5943a09619ff3853cb,3.80
41e0fa5761c886a630994a55c12087e7,5,5,423.60,5,5,41e0fa5761c886a630994a55c12087e7,5.00
4221a7df464f1fe2955934e30ff3a5a1,5,5,849.50,5,5,4221a7df464f1fe2955934e30ff3a5a1,4.80
427165bf50f8ca07efc7bdc2bfcf1688,5,5,1603.50,5,2,427165bf50f8ca07efc7bdc2bfcf1688,3.20
46ef1a25845fc051c2998d878354810c,5,5,250.41,5,4,46ef1a25845fc051c2998d878354810c,4.40
499ec63c58e51296c9cf57edcfe1c8a8,5,5,365.00,5,5,499ec63c58e51296c9cf57edcfe1c8a8,4.80
49cdc90518a4f82676b38b3c1aa43ff6,5,5,1539.50,5,5,49cdc90518a4f82676b38b3c1aa43ff6,3.80
4bcec44888b30ba9001234c534716d3f,5,5,146.00,5,5,4bcec44888b30ba9001234c534716d3f,4.60
4c1c7281388a33dd06daac44f9fadbd1,5,5,188.32,5,5,4c1c7281388a33dd06daac44f9fadbd1,4.80
4d232b78ab7ef10393dc3807d827bc0d,5,5,1475.00,5,5,4d232b78ab7ef10393dc3807d827bc0d,4.40
5236605f4d4b0b3e4df85b850393fca0,5,5,265.30,5,4,5236605f4d4b0b3e4df85b850393fca0,4.80
534a01cc6df1e034e05c32028a291fa2,5,5,235.59,5,5,534a01cc6df1e034e05c32028a291fa2,4.40
53b0300ca793f9834cd69c0678d35ee8,5,10,1662.15,10,10,53b0300ca793f9834cd69c0678d35ee8,5.00
54219883e72aad869adfb2a54b7bfa0f,5,5,6750.00,5,5,54219883e72aad869adfb2a54b7bfa0f,3.20
5566627eab3fe93fd6ee08798226101a,5,5,85.50,5,5,5566627eab3fe93fd6ee08798226101a,4.40
56e361f411e38dcef17cdc2a3d99628b,5,10,1298.00,10,9,56e361f411e38dcef17cdc2a3d99628b,4.50
5721089ba9214e80074f27d5a03fc0eb,5,7,245.93,7,7,5721089ba9214e80074f27d5a03fc0eb,5.00
57df9869a600bd6b7c405f2a862eccfb,5,5,125.00,5,5,57df9869a600bd6b7c405f2a862eccfb,4.40
5dc203c7b84a0e71e878a179de05fb9a,5,5,421.90,5,5,5dc203c7b84a0e71e878a179de05fb9a,4.00
5def4c3732941a971cba8fdee992ede1,5,6,134.80,6,6,5def4c3732941a971cba8fdee992ede1,4.50
5f0057b677eb963672bf05dfa3f16c34,5,5,312.88,4,4,5f0057b677eb963672bf05dfa3f16c34,4.20
606ce7768feac12c5e8bd58db8b08f0f,5,5,2916.60,5,5,606ce7768feac12c5e8bd58db8b08f0f,4.80
63b9ae557efed31d1f7687917d248a8d,5,7,139.50,7,7,63b9ae557efed31d1f7687917d248a8d,4.43
6861de0f40cacb0602e473c51639f980,5,8,674.00,8,7,6861de0f40cacb0602e473c51639f980,2.63
6bd69102ab48df500790a8cecfc285c2,5,5,8070.00,5,4,6bd69102ab48df500790a8cecfc285c2,3.00
6c1b6d0c604b776f844125f911eb7377,5,5,443.06,4,4,6c1b6d0c604b776f844125f911eb7377,3.40
6c6e3d67f969468f3bfd33f827a31222,5,6,224.00,6,6,6c6e3d67f969468f3bfd33f827a31222,4.83
6e13dd869aa7185f601c941423abcc8f,5,6,522.00,6,6,6e13dd869aa7185f601c941423abcc8f,4.83
6e4f5ff6b086632ba8dcb558fb10249e,5,5,838.90,5,5,6e4f5ff6b086632ba8dcb558fb10249e,3.40
70125af26c2d6d4ef401a1d02ae7701f,5,8,371.20,8,4,70125af26c2d6d4ef401a1d02ae7701f,4.63
70f84699be677ec988d1fa824aef7d90,5,5,1588.30,5,5,70f84699be677ec988d1fa824aef7d90,4.60
717b78b0950b51ed00b1471d858b0edc,5,5,138.60,5,4,717b78b0950b51ed00b1471d858b0edc,4.00
741f8c587cb4248ebc5b779a0e8e0e51,5,5,89.95,5,4,741f8c587cb4248ebc5b779a0e8e0e51,4.00
74c7dec0a384d8a05950e629bd23bde9,5,5,187.68,4,4,74c7dec0a384d8a05950e629bd23bde9,3.60
75a4764c108403a7a0575140cb22287c,5,9,716.90,9,9,75a4764c108403a7a0575140cb22287c,4.78
762fafdaa57a532ee0119731697579dd,5,5,206.70,5,5,762fafdaa57a532ee0119731697579dd,5.00
7994b065a7ffb14e71c6312cf87b9de2,5,7,453.00,7,7,7994b065a7ffb14e71c6312cf87b9de2,5.00
7a91bf945c6fae0779f1c61ce97fe45c,5,5,799.50,4,3,7a91bf945c6fae0779f1c61ce97fe45c,3.80
7a9c12e235c36247c3c81f50d6ea9cea,5,5,983.90,5,5,7a9c12e235c36247c3c81f50d6ea9cea,4.60
7aa538dd6e114e503a2e6154ea352253,5,5,1016.68,5,5,7aa538dd6e114e503a2e6154ea352253,4.40
7b7ed56ae755e2880f2b69632e839c1e,5,5,321.50,5,4,7b7ed56ae755e2880f2b69632e839c1e,4.20
7b8e8ec35bad4b0ef7e3963650b0a87b,5,5,2244.28,5,4,7b8e8ec35bad4b0ef7e3963650b0a87b,4.80
7d294cf9a6a69dc6a0c3e540fff0e039,5,5,257.25,5,5,7d294cf9a6a69dc6a0c3e540fff0e039,4.40
7d7866a99a8656a42c7ff6352a433410,5,5,147.89,5,5,7d7866a99a8656a42c7ff6352a433410,4.40
7df1fc11cc5cbc518b39faa60cf5d67c,5,5,1037.60,5,5,7df1fc11cc5cbc518b39faa60cf5d67c,4.20
7f35f9daf223da737b78738fbae4d977,5,5,252.00,5,5,7f35f9daf223da737b78738fbae4d977,4.00
8060d731897e33b5c5ae575ce1e209e1,5,5,199.50,5,5,8060d731897e33b5c5ae575ce1e209e1,4.80
818d28f936e791926d33bcb6ee94ef79,5,5,139.50,4,4,818d28f936e791926d33bcb6ee94ef79,4.00
83353a83fd769dfafa4f21a72b15e3e5,5,5,579.50,5,4,83353a83fd769dfafa4f21a72b15e3e5,3.80
83b08de96980757220871b31bf6cffca,5,7,1304.17,7,5,83b08de96980757220871b31bf6cffca,4.29
866558b3bccef2dbc6d29a2b5995016f,5,6,1519.40,6,6,866558b3bccef2dbc6d29a2b5995016f,4.67
883dd81e82754ac2c65e9790a7db8c9a,5,5,319.50,5,5,883dd81e82754ac2c65e9790a7db8c9a,4.40
8b655f0855926bcb49f5835d38dfddf6,5,5,1089.50,5,4,8b655f0855926bcb49f5835d38dfddf6,4.80
8b87cd0d43d49b9bdf40f56229364d59,5,5,1552.90,2,2,8b87cd0d43d49b9bdf40f56229364d59,2.60
8c3b533c63cca56240f94f1e3a6b18ef,5,8,3312.16,5,1,8c3b533c63cca56240f94f1e3a6b18ef,1.33
8e34331b7eedd03be4e5d965c1956225,5,5,145.00,5,4,8e34331b7eedd03be4e5d965c1956225,4.80
8fb791022c1fc8909664f48ab7dc636d,5,5,8119.95,5,5,8fb791022c1fc8909664f48ab7dc636d,4.20
8fe8786ee000001ab51d030dfd4a7bf1,5,5,2255.00,5,5,8fe8786ee000001ab51d030dfd4a7bf1,4.60
901b460cdce0c64e471230d7f2f9f3a3,5,5,1904.00,5,5,901b460cdce0c64e471230d7f2f9f3a3,4.40
90b36c5aeb728d5504a39f435bef0c5f,5,7,207.86,4,4,90b36c5aeb728d5504a39f435bef0c5f,3.29
9485a23c0430ba1d58d359391606fce6,5,5,1129.90,4,3,9485a23c0430ba1d58d359391606fce6,3.20
94ca168e8bcb407ab85c5da308863027,5,5,224.30,5,5,94ca168e8bcb407ab85c5da308863027,5.00
97e4a63591ca439a2b8b7efd20e6e19e,5,5,349.95,5,5,97e4a63591ca439a2b8b7efd20e6e19e,4.40
97e995629983723d11830a829bc2b246,5,5,499.50,5,5,97e995629983723d11830a829bc2b246,4.80
9853a239ab7b7ebbdc3a21248d5b8e1f,5,5,381.00,4,3,9853a239ab7b7ebbdc3a21248d5b8e1f,3.80
9ac4f14370b1e24ddc58be041b7f99df,5,5,314.51,5,5,9ac4f14370b1e24ddc58be041b7f99df,4.40
9cad4b68bb993ee401a3c5aaa2bc26dd,5,7,649.30,7,6,9cad4b68bb993ee401a3c5aaa2bc26dd,3.43
9d489893ff6af05029671b785f54b998,5,6,298.70,6,5,9d489893ff6af05029671b785f54b998,4.17
a37c340b91cb0169e8b029db6440fba2,5,5,345.00,5,5,a37c340b91cb0169e8b029db6440fba2,4.80
a72c2f59332659e361d647515c698798,5,6,802.90,6,6,a72c2f59332659e361d647515c698798,4.83
a7c88262832dfc683781d6a421edefae,5,5,1520.00,5,5,a7c88262832dfc683781d6a421edefae,4.20
a806a4bb063ea7ca6d374eafa50a6058,5,6,294.40,6,6,a806a4bb063ea7ca6d374eafa50a6058,3.83
aae5e7b457a3c72ee230a47d98fceda5,5,7,604.80,7,7,aae5e7b457a3c72ee230a47d98fceda5,4.14
ab9db4cf53b08b828b64dccaafc2d9f0,5,5,277.67,4,4,ab9db4cf53b08b828b64dccaafc2d9f0,4.20
acf974e4d5950ad143a247471b831eb9,5,12,423.80,12,12,acf974e4d5950ad143a247471b831eb9,4.80
adbe70ab2c97442046d393988c8d1d27,5,5,289.50,5,5,adbe70ab2c97442046d393988c8d1d27,5.00
b45d7ebfb7378630f1bcd74b6ff86ff7,5,5,1007.50,3,3,b45d7ebfb7378630f1bcd74b6ff86ff7,3.80
b4b447d715f9ab302a188fb43d3e96b3,5,5,685.93,5,4,b4b447d715f9ab302a188fb43d3e96b3,4.80
b566ab0ef88016e00422755e305103c6,5,5,1208.00,5,4,b566ab0ef88016e00422755e305103c6,3.20
b76a1f8356322f12529c37b67d5c96c2,5,5,298.50,5,5,b76a1f8356322f12529c37b67d5c96c2,4.80
ba6b68b55fe8704377a7d43c8e5c0185,5,5,739.77,5,5,ba6b68b55fe8704377a7d43c8e5c0185,4.20
bb2afe2061d53c6968aa0cffa233a8ec,5,6,549.40,6,6,bb2afe2061d53c6968aa0cffa233a8ec,4.83
bca9230d3bbb4efa51872bf605a2f1ad,5,5,117.57,5,4,bca9230d3bbb4efa51872bf605a2f1ad,4.00
bdb3edbaee43a761e2d4f258dc08f348,5,5,259.50,5,4,bdb3edbaee43a761e2d4f258dc08f348,3.80
bdf0d02d36a1d839d0c39c4a887cdd49,5,7,120.00,7,7,bdf0d02d36a1d839d0c39c4a887cdd49,5.00
bff9deb0ec77d437f3305a79cf25529e,5,5,161.95,5,5,bff9deb0ec77d437f3305a79cf25529e,4.00
c53bcd3be457a342a97e39e5a9f0be22,5,5,509.50,5,5,c53bcd3be457a342a97e39e5a9f0be22,3.20
02b72cdeb9cfcc429f1af6f4e3f3b737,4,4,522.65,4,4,02b72cdeb9cfcc429f1af6f4e3f3b737,4.75
052577151711aec5c744fe12e66db3e1,4,4,2748.00,1,1,052577151711aec5c744fe12e66db3e1,2.25
05730013efda596306417c3b09302475,4,4,952.00,4,4,05730013efda596306417c3b09302475,5.00
0692610d8abe24f287e9fae90ea0bbee,4,4,173.99,4,3,0692610d8abe24f287e9fae90ea0bbee,4.00
0743a0239d764b9a0f959a57d07e36ab,4,4,336.96,4,4,0743a0239d764b9a0f959a57d07e36ab,4.75
077c5fae4bea9500e3737b16f71b9d3a,4,6,106.80,6,6,077c5fae4bea9500e3737b16f71b9d3a,4.67
08061dc0fc165ed41288cc7acde738ee,4,4,123.80,4,3,08061dc0fc165ed41288cc7acde738ee,4.50
081acf3de680d554796c9cf041be7bc2,4,8,1597.30,8,7,081acf3de680d554796c9cf041be7bc2,4.13
08cdbae123ff67ca4e36d9d641ce0119,4,6,3098.99,6,2,08cdbae123ff67ca4e36d9d641ce0119,2.43
0aa2205ca24f113f4658a5c536667426,4,11,815.62,11,11,0aa2205ca24f113f4658a5c536667426,2.82
0b64bcdb0784abc139af04077d49a20e,4,4,137.60,4,4,0b64bcdb0784abc139af04077d49a20e,4.75
0d83f8e03188682112cc0d93523705cc,4,8,696.26,8,4,0d83f8e03188682112cc0d93523705cc,2.75
0f0c984a4a955310903b6b6008660bad,4,4,369.81,4,3,0f0c984a4a955310903b6b6008660bad,3.75
10264f60a8f0a4d2f30810f5c661c673,4,4,284.60,4,4,10264f60a8f0a4d2f30810f5c661c673,5.00
119d1aef1b4144adba89163f6cd9f5d4,4,4,1094.00,4,4,119d1aef1b4144adba89163f6cd9f5d4,4.75
120476eb7a04c149d14772edaf5d9bf2,4,6,2368.80,6,6,120476eb7a04c149d14772edaf5d9bf2,3.83
12c2ed9cded6138cf0c75f525f565fc7,4,4,314.96,4,2,12c2ed9cded6138cf0c75f525f565fc7,4.25
131fcb0a0c9a47bba4474aacff0f14b7,4,4,369.80,4,4,131fcb0a0c9a47bba4474aacff0f14b7,4.00
1352e06ae67b410cdae0b2a22361167b,4,4,696.00,2,0,1352e06ae67b410cdae0b2a22361167b,2.33
160e4f13fd3a64b1b86807be88b5ffb0,4,4,886.00,4,4,160e4f13fd3a64b1b86807be88b5ffb0,4.25
17eea220a40cc0d2c0c5346379682398,4,4,1414.98,3,1,17eea220a40cc0d2c0c5346379682398,3.75
189ca3538ce9f920cacf0f982cbe223b,4,5,419.00,5,5,189ca3538ce9f920cacf0f982cbe223b,3.80
19e0f40a907ec568c34bfac15de4f4a1,4,4,178.00,4,4,19e0f40a907ec568c34bfac15de4f4a1,5.00
1ca4bdb0cd7fc48e949bac066188ed26,4,4,1520.00,3,2,1ca4bdb0cd7fc48e949bac066188ed26,4.50
1d1bbb8ac1581824986f582583fff01d,4,4,166.88,4,3,1d1bbb8ac1581824986f582583fff01d,3.50
1d2732ef8321502ee8488e8bed1ab8cd,4,5,1148.00,5,4,1d2732ef8321502ee8488e8bed1ab8cd,3.20
21c62b998a043ebe31161d38f84929fc,4,4,750.49,4,4,21c62b998a043ebe31161d38f84929fc,4.50
22c32ec35d0116ef02c281798a25bf8b,4,6,119.58,6,6,22c32ec35d0116ef02c281798a25bf8b,3.50
2493dc3f20131696a0ecdb9948051a8d,4,4,504.38,4,4,2493dc3f20131696a0ecdb9948051a8d,4.75
262237171f48e85819065498cac80d7b,4,10,599.00,10,10,262237171f48e85819065498cac80d7b,4.30
269cff2d3c8d205c11f37a52402ea93b,4,5,1281.59,5,5,269cff2d3c8d205c11f37a52402ea93b,4.40
26e13b6ff5b641b329e5524241ee2c93,4,4,119.70,4,4,26e13b6ff5b641b329e5524241ee2c93,4.00
28fb0829fd777877cdc350d25cb5bd5b,4,4,499.60,2,2,28fb0829fd777877cdc350d25cb5bd5b,3.75
29e6e05b65f93bc224c644319dc52ecf,4,4,475.60,4,4,29e6e05b65f93bc224c644319dc52ecf,4.75
2b5ed0c9139dae8883a200dfcb272ece,4,4,85.41,4,3,2b5ed0c9139dae8883a200dfcb272ece,4.25
2dd1fb6f0e42a2243b8a01e40cd41216,4,5,845.89,4,4,2dd1fb6f0e42a2243b8a01e40cd41216,2.60
2ee0a0689f2f6a72f35a7cb6033f6e7e,4,4,272.00,4,4,2ee0a0689f2f6a72f35a7cb6033f6e7e,4.00
33ab10be054370c254ddfcf0a6253422,4,4,213.20,4,4,33ab10be054370c254ddfcf0a6253422,5.00
34a557286ead8fe75c989e0afcf7d98c,4,4,414.90,4,4,34a557286ead8fe75c989e0afcf7d98c,4.75
353e21e8bf8de2722b4fae1636664b76,4,4,208.00,4,4,353e21e8bf8de2722b4fae1636664b76,2.50
35ef5aa32949680f627efec3c23e705c,4,5,361.60,5,5,35ef5aa32949680f627efec3c23e705c,3.20
365e445f796710c3431557e85caa25db,4,5,1115.00,5,5,365e445f796710c3431557e85caa25db,4.40
3be5841cdcc46de4ed3f9116f104b2c5,4,4,599.60,4,4,3be5841cdcc46de4ed3f9116f104b2c5,4.75
3bfba5a77604f6dfae7e6dd7aaf65821,4,4,2095.50,4,4,3bfba5a77604f6dfae7e6dd7aaf65821,5.00
4170f6a9367e6b5d6401d03ce6d54569,4,5,568.78,5,4,4170f6a9367e6b5d6401d03ce6d54569,4.20
43402bdf22aa2310e8f99e2f94f78628,4,5,649.95,5,5,43402bdf22aa2310e8f99e2f94f78628,2.80
45c20d94d9171b0bcfab3c955e47d67b,4,4,129.46,4,4,45c20d94d9171b0bcfab3c955e47d67b,4.50
4a82168aaef173cbb6e46ae88728f919,4,4,512.00,4,4,4a82168aaef173cbb6e46ae88728f919,4.00
4b39558c138930b9e5489c93b6df5fe3,4,5,1096.70,5,5,4b39558c138930b9e5489c93b6df5fe3,4.60
4c8545742faaf58fafd5fd14d25d75cf,4,4,3020.00,4,4,4c8545742faaf58fafd5fd14d25d75cf,4.50
4dc646b9b9e8e411ef48ba000ea3ac6f,4,5,289.70,5,4,4dc646b9b9e8e411ef48ba000ea3ac6f,2.40
4deebb3199eeafb282ae33229144f94b,4,5,779.70,5,3,4deebb3199eeafb282ae33229144f94b,3.40
4e85b538b0dad58852641540686d0e14,4,4,361.98,4,2,4e85b538b0dad58852641540686d0e14,3.75
4ea2f12dbe91deeacd2c1e74f069a6e6,4,6,210.20,6,6,4ea2f12dbe91deeacd2c1e74f069a6e6,4.83
5145090ab595c0d0b8557199f5701fbf,4,4,1459.60,4,4,5145090ab595c0d0b8557199f5701fbf,4.25
5194c22ed1f616ec0c0f33c571542879,4,4,245.60,4,4,5194c22ed1f616ec0c0f33c571542879,4.25
5275ca25d0358ca73864e0ae41be1320,4,4,409.60,4,2,5275ca25d0358ca73864e0ae41be1320,4.75
52a50b42accf164f9f019941e5759d9b,4,4,139.96,4,3,52a50b42accf164f9f019941e5759d9b,4.75
556a6409838156ea299c9d1f9e2dde43,4,4,1362.80,4,4,556a6409838156ea299c9d1f9e2dde43,3.25
5b97c06a046398e7005b2b7c0d707a92,4,4,1519.96,3,1,5b97c06a046398e7005b2b7c0d707a92,3.25
5f06030071324cc52bf0304014ac7234,4,4,783.96,4,4,5f06030071324cc52bf0304014ac7234,4.00
61b18775be84fb700a6b2d0ba097bf66,4,5,334.50,5,5,61b18775be84fb700a6b2d0ba097bf66,4.60
661ad5fcc28cdfb8bcadb12bb2272475,4,7,209.93,7,7,661ad5fcc28cdfb8bcadb12bb2272475,5.00
698f5fa55a5f73d0740e9d9a773e8093,4,6,120.00,6,6,698f5fa55a5f73d0740e9d9a773e8093,4.83
6bb62a4912377c7bfe7cb17b406bc7e6,4,6,739.52,6,6,6bb62a4912377c7bfe7cb17b406bc7e6,4.50
6bd503a8230299c9316fb0f726933927,4,5,324.29,5,4,6bd503a8230299c9316fb0f726933927,4.60
6c17baf138731a4aaacc3210adf2037b,4,5,538.80,5,5,6c17baf138731a4aaacc3210adf2037b,5.00
6d1b9c9579132c87d2703ec38c30f2c5,4,4,299.69,4,4,6d1b9c9579132c87d2703ec38c30f2c5,4.50
6f1a1263039c76e68f40a8e536b1da6a,4,7,256.39,5,4,6f1a1263039c76e68f40a8e536b1da6a,2.14
700f03c207639c22d933381ff60b35c2,4,4,1189.86,4,2,700f03c207639c22d933381ff60b35c2,4.00
713e3a23ca5e47786eb6f0d99f94cfac,4,4,1126.00,4,4,713e3a23ca5e47786eb6f0d99f94cfac,4.75
71dc18fd8cbf5fd77f45dd8b427abb34,4,9,1080.00,9,9,71dc18fd8cbf5fd77f45dd8b427abb34,5.00
72146da5774cabf2632faedcae097a76,4,6,200.94,6,5,72146da5774cabf2632faedcae097a76,4.33
72c38a04bd6a1c3dbc5298425a0db86d,4,5,647.30,5,5,72c38a04bd6a1c3dbc5298425a0db86d,3.80
7402d13c03a7e91366337cd1de471144,4,4,528.38,3,3,7402d13c03a7e91366337cd1de471144,3.50
74636e24f01da9268b0ed88dacd8513e,4,4,776.00,4,3,74636e24f01da9268b0ed88dacd8513e,4.00
77714512e8d4dda9c234da8e3faf16e4,4,6,243.40,6,6,77714512e8d4dda9c234da8e3faf16e4,4.00
7c51de0ab286204ce75ff42bf7c10d92,4,4,759.00,4,4,7c51de0ab286204ce75ff42bf7c10d92,4.50
7d948535954aaf8c5d39db007f74372e,4,4,194.00,4,4,7d948535954aaf8c5d39db007f74372e,3.75
7e79d65b5c6f1f544b7daea036acf720,4,4,517.80,4,4,7e79d65b5c6f1f544b7daea036acf720,4.50
7fe21dd00d2f4943ae09525efa2fd674,4,4,299.60,2,2,7fe21dd00d2f4943ae09525efa2fd674,3.00
800214c63934acd05d47e84214db8ba8,4,4,259.60,3,3,800214c63934acd05d47e84214db8ba8,5.00
85044848b1b767db2a4a58526adef4b4,4,4,240.60,4,4,85044848b1b767db2a4a58526adef4b4,3.25
86bf77bdb52e615674772d5817c6212f,4,5,281.80,5,5,86bf77bdb52e615674772d5817c6212f,4.80
8d899e15a5925f097cca50faa49b15e3,4,10,645.00,10,4,8d899e15a5925f097cca50faa49b15e3,2.50
8dfbc5ff27df12f6cef751d3b9554222,4,4,226.00,4,4,8dfbc5ff27df12f6cef751d3b9554222,4.50
8fff28c4263ddec387f28d237fb42773,4,6,339.40,4,4,8fff28c4263ddec387f28d237fb42773,3.67
902c99f1ac505c0d18778b61bcd636f7,4,4,157.96,3,3,902c99f1ac505c0d18778b61bcd636f7,4.00
91543f9849d68d023e17194926598543,4,6,834.00,6,6,91543f9849d68d023e17194926598543,4.33
918717417d88a9f9ae9735567e6c7682,4,4,345.70,4,4,918717417d88a9f9ae9735567e6c7682,5.00
929f342384a6607afe143d789ade1316,4,4,209.40,4,4,929f342384a6607afe143d789ade1316,5.00
939e6227d6964a11a70aa91243e418f2,4,4,425.00,4,4,939e6227d6964a11a70aa91243e418f2,4.25
961dff0a659b4561334372337dd897d9,4,4,9946.00,3,1,961dff0a659b4561334372337dd897d9,3.75
98115075dd26cb8835946fc6086f5d30,4,4,434.96,4,4,98115075dd26cb8835946fc6086f5d30,4.75
9b522ba7eae9e1d04082f267144583cc,4,6,1507.60,5,4,9b522ba7eae9e1d04082f267144583cc,4.50
9cea4682e16655f7da87f406902e989e,4,9,87.76,9,9,9cea4682e16655f7da87f406902e989e,2.33
9cf787a239c1aa29dbd76f153dc13f9a,4,4,316.00,4,4,9cf787a239c1aa29dbd76f153dc13f9a,4.75
9dc79dd988ac42f4d56c340d7048420a,4,4,749.60,4,4,9dc79dd988ac42f4d56c340d7048420a,4.75
a080fc8a850289b27500f6b49cca2553,4,4,383.00,4,4,a080fc8a850289b27500f6b49cca2553,4.75
a0a14e50070f3225b3eabba5b85da517,4,4,176.20,4,4,a0a14e50070f3225b3eabba5b85da517,4.50
a13aaf2d2886ab9fb30fb9a920160b8f,4,4,1011.52,4,3,a13aaf2d2886ab9fb30fb9a920160b8f,4.50
a218df5c097b0ca409cfaac1488cc7f6,4,4,130.69,4,4,a218df5c097b0ca409cfaac1488cc7f6,2.75
a35124e2d763d7ca3fbe3b97d143200f,4,7,411.50,7,7,a35124e2d763d7ca3fbe3b97d143200f,4.43
a4bd6e9adf39b63f43dc545d3ca1f53d,4,5,1848.59,5,5,a4bd6e9adf39b63f43dc545d3ca1f53d,4.60
a53f60f05f822b5c621a50ff6a5cb362,4,6,415.40,6,6,a53f60f05f822b5c621a50ff6a5cb362,2.60
a5bff0f43eb51f0cad7c37fac7244c8a,4,5,445.00,5,5,a5bff0f43eb51f0cad7c37fac7244c8a,4.80
a9b533a26e898b12e8b8d4c07279bf4d,4,4,119.60,4,4,a9b533a26e898b12e8b8d4c07279bf4d,5.00
ac51cac5e20d69ff485a54746488ef48,4,4,759.90,3,3,ac51cac5e20d69ff485a54746488ef48,3.50
aded58c8142dedc5494a81f948431fab,4,5,289.50,5,5,aded58c8142dedc5494a81f948431fab,3.20
aeb36d67f1414f234d42a29e27cf1f17,4,4,3263.80,4,3,aeb36d67f1414f234d42a29e27cf1f17,4.50
b01c2b7b8599b325103ebcddc67413e1,4,4,169.45,4,4,b01c2b7b8599b325103ebcddc67413e1,4.75
b0398568231ba5e6734af1881671a317,4,4,656.77,4,4,b0398568231ba5e6734af1881671a317,4.00
b37c4c02bda3161a7546a4e6d222d5b2,4,15,24075.00,15,14,b37c4c02bda3161a7546a4e6d222d5b2,1.40
b44dbfbf62e52125f3c15d230569ea91,4,8,609.37,8,8,b44dbfbf62e52125f3c15d230569ea91,4.38
b88e7c57cb2d8b973b7dd4a2bfa14b36,4,4,353.90,4,4,b88e7c57cb2d8b973b7dd4a2bfa14b36,4.25
bd0a1b0aadca9a83d9304f7e8ff5fbd5,4,4,150.60,4,4,bd0a1b0aadca9a83d9304f7e8ff5fbd5,4.50
bd4ff04377f974574f7f0bf9d6ce7dde,4,4,164.96,4,3,bd4ff04377f974574f7f0bf9d6ce7dde,3.50
bf961104a38e01b9062ee026bb657dee,4,4,585.56,4,4,bf961104a38e01b9062ee026bb657dee,4.50
c0aff2da32c17759d30b22fb0af6649d,4,5,188.80,5,5,c0aff2da32c17759d30b22fb0af6649d,3.80
c26ba52cf8d2f34915f2f6b7ffa0a3f3,4,4,125.96,3,3,c26ba52cf8d2f34915f2f6b7ffa0a3f3,4.00
c458e2045a8aa8964f8879af03fdcce6,4,9,494.91,9,9,c458e2045a8aa8964f8879af03fdcce6,3.11
c4af86330efa7a2620772227d2d670c9,4,4,5396.00,4,4,c4af86330efa7a2620772227d2d670c9,4.33
c714262700f93defc16bf17a51a4cb23,4,4,421.80,4,4,c714262700f93defc16bf17a51a4cb23,3.75
c79151301b9d90985d1fa52879213105,4,8,322.30,7,7,c79151301b9d90985d1fa52879213105,4.38
c7bb64409aa480bb7d0335faaaf3d242,4,4,97.60,4,4,c7bb64409aa480bb7d0335faaaf3d242,2.25
c7dcd301ecfe5ab7f778ac172cf74be7,4,4,457.69,3,3,c7dcd301ecfe5ab7f778ac172cf74be7,2.50
c8660dcf9ba70575f45d80fe28c27713,4,7,335.00,7,6,c8660dcf9ba70575f45d80fe28c27713,4.71
c9e5ad1f6647f5dbd1172adf6ae3cada,4,4,259.03,4,4,c9e5ad1f6647f5dbd1172adf6ae3cada,4.75
cb5ff1b9715e99589f3e0c7a6afab9e3,4,4,85.00,4,4,cb5ff1b9715e99589f3e0c7a6afab9e3,4.00
ce20a2ec1514c25e16f2b5b39bc818f0,4,7,287.00,7,4,ce20a2ec1514c25e16f2b5b39bc818f0,4.86
d73cbd89533ce8b041a9190241453ac8,4,4,368.60,3,3,d73cbd89533ce8b041a9190241453ac8,3.50
d7b2377bae6ace1b11fc69a11900ac36,4,4,329.60,3,2,d7b2377bae6ace1b11fc69a11900ac36,3.25
d8d9567d0bfb0bc7eb845a205ba42657,4,4,74.60,4,2,d8d9567d0bfb0bc7eb845a205ba42657,3.50
da03c298e3999e9d828591fc2179d109,4,5,787.70,5,5,da03c298e3999e9d828591fc2179d109,4.80
dbbcfe2c8d026742134ac3e28ccde274,4,4,308.59,4,4,dbbcfe2c8d026742134ac3e28ccde274,4.20
dc50afafdfa325eadc890c7fa42a8f4e,4,4,424.20,4,4,dc50afafdfa325eadc890c7fa42a8f4e,4.75
dc64d75cc406bb0697be983831430e60,4,4,813.00,4,4,dc64d75cc406bb0697be983831430e60,4.75
dd4d95ba2d15c071e6c695e2ef6ce169,4,4,1748.00,4,2,dd4d95ba2d15c071e6c695e2ef6ce169,4.25
e51f22821f0c12a16ad5c020cdcd55e9,4,4,898.71,4,4,e51f22821f0c12a16ad5c020cdcd55e9,4.75
e53d5b9b29d1218281f4a907ada18626,4,5,350.67,5,5,e53d5b9b29d1218281f4a907ada18626,4.80
e5c84227854980f1db19a58958c551d9,4,4,72.81,4,4,e5c84227854980f1db19a58958c551d9,4.75
e5d4b2b0c3bca22085f7a19a28de0c42,4,4,205.80,4,3,e5d4b2b0c3bca22085f7a19a28de0c42,4.50
e5f9e61ceb5f523cc966e0f34095032f,4,4,2238.00,4,3,e5f9e61ceb5f523cc966e0f34095032f,4.20
e73bf2cea7fe4b0b4d287a7568ed1099,4,5,737.70,5,5,e73bf2cea7fe4b0b4d287a7568ed1099,5.00
e9729944ba65dc3ce425e0c5a22ae7b2,4,4,916.70,4,3,e9729944ba65dc3ce425e0c5a22ae7b2,3.75
e9e446d01bd10a97a8ffcfc4a3a20cb2,4,4,60.05,3,3,e9e446d01bd10a97a8ffcfc4a3a20cb2,3.50
ec2e006556300a79a5a91e4876ab3a56,4,8,125.20,6,3,ec2e006556300a79a5a91e4876ab3a56,1.38
ed46f1eb4a638113deb2a1137b5f22e9,4,4,3470.00,4,4,ed46f1eb4a638113deb2a1137b5f22e9,4.00
eec3469d83e142f9a104886655338c37,4,4,185.70,4,4,eec3469d83e142f9a104886655338c37,4.50
f1c1ac3f3efc07e659c035008e615e66,4,14,2561.96,9,9,f1c1ac3f3efc07e659c035008e615e66,3.57
f2336e113377dd21c744d9c4fc8293a9,4,4,3563.00,4,4,f2336e113377dd21c744d9c4fc8293a9,4.25
f4ce8ca9fa7157e3b33f536ac9a4487d,4,4,409.60,4,4,f4ce8ca9fa7157e3b33f536ac9a4487d,4.75
f9d010e39375d9c91dce3f40b73a2f84,4,5,1212.00,5,3,f9d010e39375d9c91dce3f40b73a2f84,3.00
fc908879b9ca1bd65419e54e50432d38,4,4,119.20,4,4,fc908879b9ca1bd65419e54e50432d38,5.00
fce62094ffe6a4009188ec44e681dfdd,4,11,2969.70,11,6,fce62094ffe6a4009188ec44e681dfdd,3.18
fec8cd45395b3cb0c2b173d7739706a1,4,4,1280.00,4,4,fec8cd45395b3cb0c2b173d7739706a1,3.75
ff82e8873fba613f2261a9acc896fd84,4,4,124.60,4,4,ff82e8873fba613f2261a9acc896fd84,3.50
ccada0ef508e698917a6eab263375905,3,3,172.80,3,3,ccada0ef508e698917a6eab263375905,3.67
cd52a8efd71af3336b14b5039b951cc1,3,3,170.80,2,2,cd52a8efd71af3336b14b5039b951cc1,2.33
cf654707ed6a99f112c7ec3d6f314b8b,3,4,756.00,4,4,cf654707ed6a99f112c7ec3d6f314b8b,4.75
d149de2f383552baea37a7198c2296ce,3,3,320.70,3,3,d149de2f383552baea37a7198c2296ce,5.00
d558ebe531605a1285ab2b1bc3256dfb,3,3,709.00,3,3,d558ebe531605a1285ab2b1bc3256dfb,4.67
d90fe2229fee1a5da999ccd0c06c1667,3,3,450.00,3,3,d90fe2229fee1a5da999ccd0c06c1667,4.67
d9cb0052a666de5308b32f32ad5f1b1c,3,3,231.90,3,3,d9cb0052a666de5308b32f32ad5f1b1c,3.67
d9cd369bffa979d1634f8e1318bf2f1b,3,3,678.00,3,3,d9cd369bffa979d1634f8e1318bf2f1b,5.00
db1f0f7c7e5e87f40b62226f020bb297,3,3,59.01,3,3,db1f0f7c7e5e87f40b62226f020bb297,4.67
dbec9a0a7efeff029d4d9dce7dc4cc95,3,3,1170.00,3,3,dbec9a0a7efeff029d4d9dce7dc4cc95,4.00
dcf3755cefcdc158ad0b7bdde51e871b,3,3,269.70,3,3,dcf3755cefcdc158ad0b7bdde51e871b,4.00
de09d00cfc265b8804c7df34075a68fa,3,3,784.00,3,3,de09d00cfc265b8804c7df34075a68fa,3.33
e09887ca8c7bf8a4621ce481820414ef,3,4,119.96,3,2,e09887ca8c7bf8a4621ce481820414ef,3.00
e1643dff33666ca629e3644c02738179,3,3,170.00,3,3,e1643dff33666ca629e3644c02738179,4.33
e3b4998c7a498169dc7bce44e6bb6277,3,3,6897.90,1,1,e3b4998c7a498169dc7bce44e6bb6277,2.67
e3d3b3efac954a60d61be70b7e05b49b,3,3,1282.05,3,3,e3d3b3efac954a60d61be70b7e05b49b,4.33
e3e15e2c0b9700561efac21c6be48066,3,4,97.24,0,0,e3e15e2c0b9700561efac21c6be48066,2.50
e3e290b38963293022cdcd6db8328103,3,3,135.70,3,3,e3e290b38963293022cdcd6db8328103,3.33
e4fc40017a6d22c46a14ac2e17f87c3e,3,3,387.00,1,1,e4fc40017a6d22c46a14ac2e17f87c3e,2.33
e5899683388855d3dabe8913bbe365de,3,3,452.88,3,3,e5899683388855d3dabe8913bbe365de,4.00
e59e489e2ea74bd409b798b5daf49de3,3,5,495.00,5,5,e59e489e2ea74bd409b798b5daf49de3,2.20
e5bd51692380fd8cabb19b756b95e714,3,3,119.70,2,0,e5bd51692380fd8cabb19b756b95e714,2.33
e82de6494d91d3c4c54450f59b227a94,3,3,118.90,3,2,e82de6494d91d3c4c54450f59b227a94,5.00
e9c2dc0dd4ac38448289be644ac94f42,3,3,118.39,3,3,e9c2dc0dd4ac38448289be644ac94f42,5.00
ea1776927851da2532aa70d6a32c095a,3,3,318.80,2,2,ea1776927851da2532aa70d6a32c095a,2.67
ea3ebea5317b0efbc663ecc8ce5e9bc2,3,3,299.70,3,3,ea3ebea5317b0efbc663ecc8ce5e9bc2,4.00
ea4e9ce63a2134743b4a92777437fcdd,3,4,316.60,4,4,ea4e9ce63a2134743b4a92777437fcdd,4.75
eaf6d55068dea77334e8477d3878d89e,3,3,51.00,3,3,eaf6d55068dea77334e8477d3878d89e,5.00
ebef8d8c92b4fd3226e5d407bbff21ac,3,3,253.70,3,2,ebef8d8c92b4fd3226e5d407bbff21ac,2.67
ec21206b7894c503788a684a7bc822a6,3,3,247.80,1,1,ec21206b7894c503788a684a7bc822a6,2.67
ed9eef5be0992d413d251fadba1a410d,3,9,404.10,9,9,ed9eef5be0992d413d251fadba1a410d,4.56
eddd1991bd6d9309995a480c39b95137,3,3,866.00,2,2,eddd1991bd6d9309995a480c39b95137,2.67
ef728fa1f17436c91ed1ccd03dcf9631,3,4,128.70,4,4,ef728fa1f17436c91ed1ccd03dcf9631,4.00
f049a72cf58fd31b11f8919cade515e7,3,4,138.75,4,4,f049a72cf58fd31b11f8919cade515e7,3.50
f1b854361f4e15d5851b494df66f22b2,3,4,1168.80,4,4,f1b854361f4e15d5851b494df66f22b2,2.75
f235413f677777a0738ff215d0184901,3,3,1696.70,2,2,f235413f677777a0738ff215d0184901,3.67
f5fea3ffed6c2e889bab72705557c63a,3,3,1059.90,1,0,f5fea3ffed6c2e889bab72705557c63a,3.67
f6122bc84774df1b372bdb3bb88ddb9f,3,3,4799.87,3,2,f6122bc84774df1b372bdb3bb88ddb9f,3.67
f7df46c1e0ec44eed5c6726478da4a17,3,3,429.70,0,0,f7df46c1e0ec44eed5c6726478da4a17,1.00
f88adb15807168d3c43d71021090ce4a,3,3,488.80,3,3,f88adb15807168d3c43d71021090ce4a,3.33
fcba71d4d5db057f43249145e4eb1e27,3,3,494.55,3,3,fcba71d4d5db057f43249145e4eb1e27,4.67
fcf16b7a8697e559f0123190bb30177d,3,7,1052.80,7,3,fcf16b7a8697e559f0123190bb30177d,3.14
fe4cd9461203cee790d36792420b310f,3,3,391.15,3,3,fe4cd9461203cee790d36792420b310f,4.00
fe8055980a4ff7f64ed889c2b5926929,3,3,196.70,3,3,fe8055980a4ff7f64ed889c2b5926929,4.67
0015a82c2db000af6aaaf3ae2ecb0532,3,3,2685.00,3,3,0015a82c2db000af6aaaf3ae2ecb0532,3.67
01266d4c46afa519678d16a8b683d325,3,3,90.25,3,3,01266d4c46afa519678d16a8b683d325,5.00
03bd479e1d9484cdb14104d3023f7321,3,3,359.70,3,2,03bd479e1d9484cdb14104d3023f7321,4.33
042573af89b6d931f672efaf789d8358,3,3,413.48,3,2,042573af89b6d931f672efaf789d8358,3.67
044668ccd5316b12a7cf0d54a156e3e9,3,4,137.80,4,4,044668ccd5316b12a7cf0d54a156e3e9,5.00
0761743cbffb25d7148189e9f1a5f03a,3,7,241.20,7,7,0761743cbffb25d7148189e9f1a5f03a,4.29
08f5819815f3d06545011850bd70f0a8,3,3,452.00,3,3,08f5819815f3d06545011850bd70f0a8,4.67
0b0ddbc7b9d9584f442c7ac92b0ff6c9,3,3,1416.76,3,3,0b0ddbc7b9d9584f442c7ac92b0ff6c9,4.67
0cab2da43793a6f3c5ed8514c5f54627,3,3,309.70,3,3,0cab2da43793a6f3c5ed8514c5f54627,5.00
0d4c8269e7f0401201794deef160edd6,3,4,792.64,4,4,0d4c8269e7f0401201794deef160edd6,4.00
0dfbed20065e425d2eaefb101f9816c0,3,3,84.35,3,2,0dfbed20065e425d2eaefb101f9816c0,2.67
0e72c1a751b496722a6cb1f10653b62a,3,3,140.80,3,3,0e72c1a751b496722a6cb1f10653b62a,4.67
0ec28cec4046a4a199b6de9b4c891d97,3,4,296.60,4,4,0ec28cec4046a4a199b6de9b4c891d97,5.00
0f7eea709efdf942b5f95c7516dbacd7,3,3,195.74,3,3,0f7eea709efdf942b5f95c7516dbacd7,4.00
0fe2d9733ed841eb064503920015a8c0,3,3,389.64,3,3,0fe2d9733ed841eb064503920015a8c0,4.67
10089e9f2fd0c668a8fd4e52e1698888,3,3,1139.90,3,3,10089e9f2fd0c668a8fd4e52e1698888,4.33
1099a00e0ee3a50935e6c2447ca090c5,3,3,849.70,3,2,1099a00e0ee3a50935e6c2447ca090c5,3.67
10cdd491d1dbea8fb4ead97b19c334ce,3,3,208.90,3,3,10cdd491d1dbea8fb4ead97b19c334ce,5.00
11d4c477d09821164bca4f70a2eae031,3,4,83.04,4,4,11d4c477d09821164bca4f70a2eae031,5.00
11fb6f6d341adbe19e81733701704635,3,3,1197.00,3,3,11fb6f6d341adbe19e81733701704635,5.00
1284de4ae8aa26997e748c851557cf0e,3,3,1459.97,3,3,1284de4ae8aa26997e748c851557cf0e,2.67
134285d1f41da5c13a756ee8142c8a4e,3,4,1572.70,4,4,134285d1f41da5c13a756ee8142c8a4e,2.75
13dd308f81fea30cc670c656b2b46cc3,3,3,117.70,3,2,13dd308f81fea30cc670c656b2b46cc3,5.00
1588ac4010787100dddef64568f0ae35,3,3,599.97,3,3,1588ac4010787100dddef64568f0ae35,3.00
184725737946a1a938bbbd1a9e978103,3,3,359.70,3,3,184725737946a1a938bbbd1a9e978103,4.67
191d55f7edb8524d525ed01b20fe32e8,3,3,747.00,3,2,191d55f7edb8524d525ed01b20fe32e8,2.33
1961c3e1272bfeceb05d0b78b5bbfdaf,3,4,896.00,3,3,1961c3e1272bfeceb05d0b78b5bbfdaf,3.75
1bc2e21de46adfea6b98cc96b00f3b40,3,5,1039.95,5,5,1bc2e21de46adfea6b98cc96b00f3b40,3.60
1c56ffe0e9dea2657fc6e95b53f40b13,3,3,183.00,3,3,1c56ffe0e9dea2657fc6e95b53f40b13,4.33
1d0997ff06b524ce9289ffd75114ecd3,3,3,3747.00,3,2,1d0997ff06b524ce9289ffd75114ecd3,3.67
1e47defeeadeca0e9a18fa5a9311e735,3,3,234.12,3,3,1e47defeeadeca0e9a18fa5a9311e735,5.00
1f7fd2a6fcd5a6fa5d8a4dabc72aaae0,3,3,531.80,3,3,1f7fd2a6fcd5a6fa5d8a4dabc72aaae0,5.00
2063dd1b9f568df1c16741ea7d3e6adb,3,3,763.10,3,3,2063dd1b9f568df1c16741ea7d3e6adb,5.00
2075d8cd4dd63ff12df0749a5866bb06,3,3,184.70,3,3,2075d8cd4dd63ff12df0749a5866bb06,5.00
20a7efa9721046319bdde5d60b6b5365,3,6,501.20,6,6,20a7efa9721046319bdde5d60b6b5365,5.00
213fafb0ca06fb3d5886579c2565791b,3,3,189.70,3,3,213fafb0ca06fb3d5886579c2565791b,2.33
217f005bb37ff3aeef5b2ae1788e75ba,3,3,74.97,2,2,217f005bb37ff3aeef5b2ae1788e75ba,3.75
2305ab43e846518f58dd9d59f3f54e96,3,3,788.89,3,3,2305ab43e846518f58dd9d59f3f54e96,3.67
244b04680fdbded0acf5aebd9c92b44a,3,3,3477.70,2,1,244b04680fdbded0acf5aebd9c92b44a,1.00
249f0e9905a6e06ad6c6bea7547ab9f6,3,3,347.95,3,3,249f0e9905a6e06ad6c6bea7547ab9f6,3.67
252e76235acb79183cfca6e34f13337d,3,4,261.20,4,4,252e76235acb79183cfca6e34f13337d,3.75
269c5fc9fcadee614364c3620c30a1f9,3,6,209.60,6,4,269c5fc9fcadee614364c3620c30a1f9,5.00
26b482dccfa29bd2e40703ba45523702,3,4,344.78,4,4,26b482dccfa29bd2e40703ba45523702,5.00
28c7d8743fbc8679f484868cc0fcaefb,3,3,201.50,3,3,28c7d8743fbc8679f484868cc0fcaefb,5.00
2a7c6c0b0d5efde2bf75ec1e1cec2d41,3,3,147.60,3,3,2a7c6c0b0d5efde2bf75ec1e1cec2d41,3.33
2b2fed75b8e5ea3a052fc4c0825da485,3,4,510.90,4,4,2b2fed75b8e5ea3a052fc4c0825da485,5.00
2c43fb513632d29b3b58df74816f1b06,3,3,858.00,3,3,2c43fb513632d29b3b58df74816f1b06,3.67
2d22fc3089eb907b29ebff50581fb472,3,3,317.70,3,3,2d22fc3089eb907b29ebff50581fb472,3.67
2eeb6531ee027a48d401e72bebdd87d3,3,3,38.70,3,3,2eeb6531ee027a48d401e72bebdd87d3,4.33
2f73e04d12cdf0c945ded66bb3fcf6c7,3,3,1359.00,3,3,2f73e04d12cdf0c945ded66bb3fcf6c7,3.33
327b89b872c14d1c0be7235ef4871685,3,3,1177.00,3,1,327b89b872c14d1c0be7235ef4871685,2.33
3442f8959a84dea7ee197c632cb2df15,3,3,218.70,3,2,3442f8959a84dea7ee197c632cb2df15,3.00
39a5005f2605cbdb4f9ac14485cabfd1,3,8,501.07,8,8,39a5005f2605cbdb4f9ac14485cabfd1,5.00
39f776d2974049026ff531fc42ef2a3e,3,4,1084.04,4,4,39f776d2974049026ff531fc42ef2a3e,4.00
3a3e46d10f74d8a6ca76e2b538f106a0,3,6,334.90,5,4,3a3e46d10f74d8a6ca76e2b538f106a0,4.17
3d290fe363c60a77498c1126fd3fb8d3,3,3,198.98,3,3,3d290fe363c60a77498c1126fd3fb8d3,4.33
3d3ccf2b2f8134b10dce9dd446f0e075,3,3,608.60,3,2,3d3ccf2b2f8134b10dce9dd446f0e075,3.33
3d49bfdd1b43a7fe169b3740067acc61,3,3,215.00,3,3,3d49bfdd1b43a7fe169b3740067acc61,4.67
3d700782d7818f2c1e0d7a9e9d75fc00,3,3,149.70,3,2,3d700782d7818f2c1e0d7a9e9d75fc00,3.67
3f84fefc07dc159b268d4a77d3e8c425,3,3,200.60,3,3,3f84fefc07dc159b268d4a77d3e8c425,5.00
3fadb4cba4c35bce6a7eaf9872d5623a,3,5,209.50,5,5,3fadb4cba4c35bce6a7eaf9872d5623a,3.20
41c9d3997dd3c072c31139dc5bb5761f,3,3,998.80,3,3,41c9d3997dd3c072c31139dc5bb5761f,4.33
42fb44130ac3134cde8e35cf8ec7df25,3,3,62.70,2,2,42fb44130ac3134cde8e35cf8ec7df25,3.67
432c67955c0acd1fd6b0b5d678766a71,3,3,1151.00,1,1,432c67955c0acd1fd6b0b5d678766a71,2.33
4391ea5c5990502176a1dcda44a2373d,3,5,2349.00,5,5,4391ea5c5990502176a1dcda44a2373d,4.80
446cc09cdbb130904da114e807dbec40,3,3,252.80,3,3,446cc09cdbb130904da114e807dbec40,4.67
461ff5303b6c9c1a4a07f40c5aece516,3,3,102.70,3,3,461ff5303b6c9c1a4a07f40c5aece516,3.67
47648caee88ccfe951fbb27fbf7b4cbe,3,3,1564.99,3,2,47648caee88ccfe951fbb27fbf7b4cbe,3.67
478bfe564db21eeb44386606aa30b650,3,3,182.70,3,3,478bfe564db21eeb44386606aa30b650,4.67
485452467ff670447e84a8370c3fc898,3,3,175.70,3,3,485452467ff670447e84a8370c3fc898,4.67
48bad451945f5227341793478d6353ea,3,3,307.00,3,2,48bad451945f5227341793478d6353ea,4.00
4a23adac87cf538689fa600d976f78b2,3,3,405.00,3,3,4a23adac87cf538689fa600d976f78b2,4.33
4a82c4af97ffc0fb2dc26bfdc03b1842,3,3,143.70,3,3,4a82c4af97ffc0fb2dc26bfdc03b1842,5.00
4e326052e5dbba8adcd512f3450a307e,3,6,570.00,6,6,4e326052e5dbba8adcd512f3450a307e,1.67
4e42581f08e8cfc7c090f930bac4552a,3,4,336.00,2,0,4e42581f08e8cfc7c090f930bac4552a,1.00
4e6015589b781adaa5ce7f1892d06bb1,3,3,684.00,3,3,4e6015589b781adaa5ce7f1892d06bb1,3.67
4fb41dff7c50136976d1a5cf004a42e2,3,3,1230.00,3,2,4fb41dff7c50136976d1a5cf004a42e2,4.00
519a7aa428f18d125a283cf8c014fdd6,3,3,79.70,3,3,519a7aa428f18d125a283cf8c014fdd6,4.00
51f108f62cb87d61918159902c8f8583,3,3,303.73,3,3,51f108f62cb87d61918159902c8f8583,4.33
52454f90d4c30c016768db02f88c1a74,3,5,80.50,5,5,52454f90d4c30c016768db02f88c1a74,3.60
52956b80ae65fda598f06f6b9943e7a9,3,3,792.00,3,2,52956b80ae65fda598f06f6b9943e7a9,4.00
53088c75f948b48a7ece173ac17f0c12,3,3,261.70,3,3,53088c75f948b48a7ece173ac17f0c12,5.00
56f413900b5166ab4d730e9ac0b12cb0,3,3,151.79,3,3,56f413900b5166ab4d730e9ac0b12cb0,4.67
5741dc2bf5044c34d0698681c5081bed,3,3,89.70,3,3,5741dc2bf5044c34d0698681c5081bed,5.00
578fa3a9cb6b6dceab39231ad59cdaca,3,3,150.00,3,2,578fa3a9cb6b6dceab39231ad59cdaca,3.67
58e4b302b54937e55a678c4d15111da4,3,3,279.79,1,1,58e4b302b54937e55a678c4d15111da4,2.33
5bf397d04035b5f45cc41e82ec106803,3,4,1525.00,4,4,5bf397d04035b5f45cc41e82ec106803,4.25
5cf1ec37aea089f45110c70653a166ab,3,3,50.00,2,2,5cf1ec37aea089f45110c70653a166ab,3.67
5e49e3a44bdeb5aab2684258bbd4f525,3,3,507.00,3,2,5e49e3a44bdeb5aab2684258bbd4f525,4.67
5f5a58930c3c35f3b5af264f34fb8c85,3,3,560.00,3,3,5f5a58930c3c35f3b5af264f34fb8c85,5.00
60da8bfa7eebe230b7d66ac4082d79b3,3,3,86.60,3,2,60da8bfa7eebe230b7d66ac4082d79b3,4.33
61f159ef6da2d441951d2c0efa719362,3,3,154.97,0,0,61f159ef6da2d441951d2c0efa719362,1.00
626ab1cd96932367f0eeec2e47046c12,3,3,1310.00,3,3,626ab1cd96932367f0eeec2e47046c12,4.67
62760d278921b5f352461620d68a9cee,3,3,397.00,3,2,62760d278921b5f352461620d68a9cee,3.67
6548c2550b6e2d8f18053216e1c7b6f3,3,5,217.70,5,5,6548c2550b6e2d8f18053216e1c7b6f3,5.00
657969cca82e884d272385ec0ef06edd,3,3,139.70,3,3,657969cca82e884d272385ec0ef06edd,4.67
65a7c0788e4d632ccb5e1b594b87f0bb,3,9,266.70,9,9,65a7c0788e4d632ccb5e1b594b87f0bb,4.38
6650fcccd8cd2f7e55ffa524f30c4c59,3,3,529.70,2,2,6650fcccd8cd2f7e55ffa524f30c4c59,2.67
6ba4733aa33f6386e9fb0c0fd3993b38,3,3,149.79,3,3,6ba4733aa33f6386e9fb0c0fd3993b38,4.67
6bb66d9870c2e01c05655c7ed0e7ee13,3,3,269.00,3,3,6bb66d9870c2e01c05655c7ed0e7ee13,3.67
6d2f2e3b539480db1e0842b3a4e32e6e,3,6,305.96,6,6,6d2f2e3b539480db1e0842b3a4e32e6e,4.33
6d7f8d9d594e28796b6b3205b00f459c,3,3,417.90,3,3,6d7f8d9d594e28796b6b3205b00f459c,3.67
6eeed17989b0ae47c9f11ece6f38ea90,3,3,557.00,3,3,6eeed17989b0ae47c9f11ece6f38ea90,3.67
6fa9202c10491e472dffd59a3e82b2a3,3,3,7014.24,3,3,6fa9202c10491e472dffd59a3e82b2a3,4.33
70126eecc6aa1274392a1743866e9678,3,3,97.40,3,3,70126eecc6aa1274392a1743866e9678,5.00
7238f877570096ae403c51898fa64566,3,3,1200.00,3,3,7238f877570096ae403c51898fa64566,5.00
747e73c01a4593d4cf60dcf970fd2689,3,3,2217.99,3,3,747e73c01a4593d4cf60dcf970fd2689,4.33
74bafed391319577bce6f4d2acc0589a,3,3,1847.00,3,3,74bafed391319577bce6f4d2acc0589a,2.67
75745ef7bc7d4f3ea3380f6f5303f514,3,3,228.40,3,3,75745ef7bc7d4f3ea3380f6f5303f514,5.00
761681a821d8275bc79f552116d06869,3,3,354.92,3,3,761681a821d8275bc79f552116d06869,5.00
762ed976527cddf02787edba70fffa2a,3,4,179.80,4,4,762ed976527cddf02787edba70fffa2a,2.25
76623fde66e6b63b59440fd34160512d,3,3,65.40,3,3,76623fde66e6b63b59440fd34160512d,4.00
778323240ce2830d68aab11794e00bfb,3,3,189.98,3,3,778323240ce2830d68aab11794e00bfb,4.33
78ef7e885d17f35e2382a47aae8b8cce,3,3,388.00,3,3,78ef7e885d17f35e2382a47aae8b8cce,4.67
79a679c36c08d606b3fd47ead9de109b,3,7,935.00,7,6,79a679c36c08d606b3fd47ead9de109b,2.71
7adbd3210a7b3cc2235e225eef33574d,3,3,131.90,3,3,7adbd3210a7b3cc2235e225eef33574d,4.67
7c9130f5f3729edd32aa059141d92484,3,4,126.00,4,4,7c9130f5f3729edd32aa059141d92484,3.75
7f5e4d5efad7e44b91115dd1decb65f3,3,9,179.90,9,9,7f5e4d5efad7e44b91115dd1decb65f3,5.00
809413606dbfe5deefd2db646693ef67,3,5,196.68,5,5,809413606dbfe5deefd2db646693ef67,4.20
83a75eea11694e36e56dd0cb2240229a,3,3,487.00,3,3,83a75eea11694e36e56dd0cb2240229a,5.00
83c465a786b06574376909b35ef6752a,3,3,281.40,3,3,83c465a786b06574376909b35ef6752a,5.00
83f2b4881141ce3fcd4e985125d3279e,3,3,60.70,3,2,83f2b4881141ce3fcd4e985125d3279e,5.00
8759e7aedd644f487315e5860962f162,3,3,627.00,3,2,8759e7aedd644f487315e5860962f162,3.67
876182d1918783bbe15233febfbd4926,3,3,120.27,3,3,876182d1918783bbe15233febfbd4926,4.00
87f3e35268860433e13d577825aada95,3,3,161.70,1,1,87f3e35268860433e13d577825aada95,1.00
88ae906ea2acf6971f26c3e8b7cb4357,3,3,246.00,3,2,88ae906ea2acf6971f26c3e8b7cb4357,3.33
8a43128d7f9a3db592b866e6861a6cce,3,4,990.60,4,4,8a43128d7f9a3db592b866e6861a6cce,2.00
8ca5b19e0263150d2c57afdde2b3d011,3,4,180.60,4,4,8ca5b19e0263150d2c57afdde2b3d011,4.75
8d92f3ea807b89465643c219455e7369,3,8,121.20,8,1,8d92f3ea807b89465643c219455e7369,1.00
8fbe2ee446b97e128471be4ce983dc0d,3,3,148.50,3,2,8fbe2ee446b97e128471be4ce983dc0d,3.00
8fec2e460530482132c436cfb5439925,3,5,468.46,5,2,8fec2e460530482132c436cfb5439925,3.80
90d4125885ab6c86e8820a722be71974,3,5,1299.55,0,0,90d4125885ab6c86e8820a722be71974,1.00
92c8bc6e8f925792247656fed09aad65,3,3,259.70,2,1,92c8bc6e8f925792247656fed09aad65,2.33
939f6e231201f26803cb5c3a3d2940b3,3,4,130.60,4,4,939f6e231201f26803cb5c3a3d2940b3,4.75
941554c5757b73ba0e50aa7732310afc,3,4,107.69,4,4,941554c5757b73ba0e50aa7732310afc,4.50
94231344608e603693b0a8891143f65d,3,3,722.00,3,3,94231344608e603693b0a8891143f65d,4.00
94c49f20a123aeb9360dbf80ff912bf6,3,3,277.75,3,3,94c49f20a123aeb9360dbf80ff912bf6,3.67
954e95f20808d7e5d11f0de292d078e0,3,4,158.78,4,4,954e95f20808d7e5d11f0de292d078e0,4.75
979e9f8b5b39dd243a2550c8b05aecf0,3,4,525.00,4,4,979e9f8b5b39dd243a2550c8b05aecf0,5.00
9b1585752613ec342d03bbab9997ec48,3,3,4248.98,3,3,9b1585752613ec342d03bbab9997ec48,3.67
9c54608f0996c32ae4743089d915f845,3,3,194.80,3,3,9c54608f0996c32ae4743089d915f845,4.00
9e9b539eb2806acee3f5c28085c1db9f,3,3,967.00,3,2,9e9b539eb2806acee3f5c28085c1db9f,3.67
a00824eb9093d40e589b940ec45c4eb0,3,3,9399.97,3,3,a00824eb9093d40e589b940ec45c4eb0,4.67
a0d7fbb07bb5ebc3b05980e750db56f3,3,4,848.99,4,4,a0d7fbb07bb5ebc3b05980e750db56f3,2.00
a21c11ec5c3f03e7cc9f9203bff9e1c6,3,4,385.00,4,4,a21c11ec5c3f03e7cc9f9203bff9e1c6,3.00
a3082f442524a1be452e3189e003b361,3,4,301.60,4,4,a3082f442524a1be452e3189e003b361,4.25
a35ef466c6fd6d052f5d241240d3c5e2,3,3,569.90,3,3,a35ef466c6fd6d052f5d241240d3c5e2,4.67
a435b009cd956ea60748b5cfbddf2e24,3,3,361.18,3,1,a435b009cd956ea60748b5cfbddf2e24,4.33
a56e351445e5863fc8960640ba9190c7,3,4,760.92,4,3,a56e351445e5863fc8960640ba9190c7,4.25
a69aa24cec11168e7e39a3fbc727e925,3,3,105.97,3,3,a69aa24cec11168e7e39a3fbc727e925,5.00
a7a9b880c49781da66651ccf4ba9ac38,3,4,307.60,4,4,a7a9b880c49781da66651ccf4ba9ac38,3.75
a90a5da8b09e44264a177c0374a5ac87,3,3,74.70,3,3,a90a5da8b09e44264a177c0374a5ac87,4.33
aa1eb17b9fdf6dfd546e25c45c7b9235,3,4,117.99,4,4,aa1eb17b9fdf6dfd546e25c45c7b9235,4.50
aa762680c40618316a896838866140ea,3,3,261.00,3,2,aa762680c40618316a896838866140ea,3.33
ab27bbbad5239bc31a34709275a70db4,3,11,382.90,11,11,ab27bbbad5239bc31a34709275a70db4,5.00
ab91571efab27993ff2f6b36e38055c3,3,4,102.24,4,2,ab91571efab27993ff2f6b36e38055c3,4.75
ad75519a07f039025e83795a4418470f,3,9,302.10,9,9,ad75519a07f039025e83795a4418470f,3.22
ad8b531ae67582f096925cff5630d0d1,3,3,208.35,2,2,ad8b531ae67582f096925cff5630d0d1,3.00
b3e2faf2c1004d674f16a3aa3197f0e1,3,3,61.47,3,3,b3e2faf2c1004d674f16a3aa3197f0e1,5.00
b43d8b707f887a30f4675391098354a0,3,4,1342.00,4,3,b43d8b707f887a30f4675391098354a0,2.50
b56828a9f9027f3c918c04ca720d9e3c,3,3,360.00,3,2,b56828a9f9027f3c918c04ca720d9e3c,2.67
b7e1750c1157341d2abd0251e07c186b,3,4,159.60,4,4,b7e1750c1157341d2abd0251e07c186b,4.50
b9c0ffa92f3ff9a5a3d45ef7213c0842,3,3,490.00,3,3,b9c0ffa92f3ff9a5a3d45ef7213c0842,5.00
bc30de0d71bd6260b936a026b5cf7200,3,3,392.37,3,3,bc30de0d71bd6260b936a026b5cf7200,4.67
bcc9dd23e2a8bd8267cf92b19304a1b9,3,3,202.79,3,1,bcc9dd23e2a8bd8267cf92b19304a1b9,2.33
be3b4b0f050a6aa1b2d901c4b77e979f,3,8,578.20,8,8,be3b4b0f050a6aa1b2d901c4b77e979f,2.75
c04d70d515d15a7e3db3a73320598566,3,4,158.20,4,4,c04d70d515d15a7e3db3a73320598566,5.00
c0e6839516f5398edc34adf5f1d53d1a,3,3,432.92,1,1,c0e6839516f5398edc34adf5f1d53d1a,2.67
c113b8df1fc375bc3d73d29c1b1144d1,3,5,333.00,5,5,c113b8df1fc375bc3d73d29c1b1144d1,4.20
c161d1327ebc3a156c09582ab2f59f6c,3,3,52.99,2,2,c161d1327ebc3a156c09582ab2f59f6c,3.00
c1849d4d32d7a6cecd5aa471809d3135,3,3,388.98,3,3,c1849d4d32d7a6cecd5aa471809d3135,4.33
c1d1ebb4745cc43cb6f05e9c8a705c9a,3,3,34.50,1,0,c1d1ebb4745cc43cb6f05e9c8a705c9a,2.33
c32fc744b9160ac853450488e3cfea93,3,3,185.70,2,2,c32fc744b9160ac853450488e3cfea93,2.33
c394e193cda3b4225ff2094d32184849,3,12,3419.88,11,11,c394e193cda3b4225ff2094d32184849,4.67
c3f5668699a1b04c0fa61ecea1e2bff6,3,3,407.81,3,3,c3f5668699a1b04c0fa61ecea1e2bff6,5.00
c5ebe6598748b0aeaa61cfb820478b92,3,3,297.00,3,3,c5ebe6598748b0aeaa61cfb820478b92,4.67
010543a62bd80aa422851e79a3bc7540,2,2,1416.00,2,2,010543a62bd80aa422851e79a3bc7540,4.50
024b564ae893ce8e9bfa02c10a401ece,2,8,706.40,8,8,024b564ae893ce8e9bfa02c10a401ece,4.75
02a2272692e13558373c66db98f05e2e,2,2,54.98,0,0,02a2272692e13558373c66db98f05e2e,3.00
038b75b729c8a9a04b0d07cba7eabe86,2,2,467.00,2,1,038b75b729c8a9a04b0d07cba7eabe86,3.50
05aebce0b5c8f0d41b29b686f2d05fd3,2,2,74.99,2,1,05aebce0b5c8f0d41b29b686f2d05fd3,5.00
062c325cd6a2b87845fab56b4ec2eeae,2,2,133.22,2,2,062c325cd6a2b87845fab56b4ec2eeae,5.00
07d75e33f2750d97d467fb57e4dfdd8a,2,2,722.40,2,2,07d75e33f2750d97d467fb57e4dfdd8a,2.50
07e8e8fc5222bb358e6f259da3197074,2,2,51.80,2,2,07e8e8fc5222bb358e6f259da3197074,4.00
091065b789659bc3cd9af9cb3a6253ff,2,2,1359.00,2,2,091065b789659bc3cd9af9cb3a6253ff,3.50
0a82f5fb06a4fe4ac2cf7cb412ec71b8,2,2,462.00,2,2,0a82f5fb06a4fe4ac2cf7cb412ec71b8,5.00
0aa124728afc1131dff5655f4c6f487b,2,2,850.92,0,0,0aa124728afc1131dff5655f4c6f487b,1.00
0ade5cc4a305ed7093a23f68ca47519c,2,2,158.88,2,2,0ade5cc4a305ed7093a23f68ca47519c,5.00
0af977692321d895349eded183341d28,2,2,257.75,2,2,0af977692321d895349eded183341d28,4.50
0b3f27369a4d8df98f7eb91077e438ac,2,2,146.51,2,2,0b3f27369a4d8df98f7eb91077e438ac,3.67
0daf5180aa44356f60f8effa533b55a2,2,2,144.80,2,1,0daf5180aa44356f60f8effa533b55a2,5.00
11742f81550ac064cc9a40f67151d9ad,2,2,781.90,2,2,11742f81550ac064cc9a40f67151d9ad,5.00
11938fcc75f6902fea1d0a6f72b54a57,2,2,594.98,2,2,11938fcc75f6902fea1d0a6f72b54a57,3.00
119c7f1a00ef43fad0e57604e76a747c,2,2,189.80,2,2,119c7f1a00ef43fad0e57604e76a747c,4.50
12a8eb0f8d1cd3270695bf2a99f55966,2,2,397.00,2,1,12a8eb0f8d1cd3270695bf2a99f55966,3.50
14f2b3587172b9db894c9bad8dab520b,2,2,244.00,2,2,14f2b3587172b9db894c9bad8dab520b,2.50
15b3b1b81484422eb41df68ac87f1f50,2,2,78.35,1,1,15b3b1b81484422eb41df68ac87f1f50,1.00
160851d3ece7aa1a510f8d1a4bb8a8af,2,2,102.05,2,2,160851d3ece7aa1a510f8d1a4bb8a8af,5.00
166e8f1381e09651983c38b1f6f91c11,2,2,78.80,2,2,166e8f1381e09651983c38b1f6f91c11,5.00
1710c3aaa9c6b44ec3883ee0fe300e21,2,2,1188.90,2,2,1710c3aaa9c6b44ec3883ee0fe300e21,5.00
173d56ffbd4c56cb80fc3615487d712b,2,2,358.00,2,2,173d56ffbd4c56cb80fc3615487d712b,5.00
17998cf586426bf0f2c3726cb0a4b211,2,2,69.80,2,2,17998cf586426bf0f2c3726cb0a4b211,4.00
1967a9e2ad6f51802b093147d861df58,2,2,380.00,0,0,1967a9e2ad6f51802b093147d861df58,1.00
1b0b0f4f95e962d6f32fe90c759d0479,2,2,139.80,2,2,1b0b0f4f95e962d6f32fe90c759d0479,5.00
1cbdc7cf130a41fd13a3c2a7d2fcfda7,2,2,165.80,2,2,1cbdc7cf130a41fd13a3c2a7d2fcfda7,5.00
1d0646a72178a6fb37ee8082140e06ec,2,2,61.00,2,2,1d0646a72178a6fb37ee8082140e06ec,5.00
1d139e3a3b14025640d8df1b230aace0,2,2,36.49,2,2,1d139e3a3b14025640d8df1b230aace0,3.50
1de62b6f2fd96227629786db492433db,2,2,208.80,2,2,1de62b6f2fd96227629786db492433db,5.00
1e26c56af8d48424e1df0140a2401f83,2,2,258.90,2,2,1e26c56af8d48424e1df0140a2401f83,5.00
1e9d5a33694bddb76316fd1f54734d20,2,2,318.00,2,2,1e9d5a33694bddb76316fd1f54734d20,4.50
1fbe10c70e30765ed1de86d9f7e98409,2,6,98.75,6,6,1fbe10c70e30765ed1de86d9f7e98409,1.50
20611af7866c6068fd5ae1f9dbe15c92,2,2,219.80,2,2,20611af7866c6068fd5ae1f9dbe15c92,4.50
20d53aad4fe5ee93a64f8839609d3586,2,2,51.90,1,0,20d53aad4fe5ee93a64f8839609d3586,2.50
21d59342ba150175ca2aa4f8faddeca6,2,2,259.90,2,2,21d59342ba150175ca2aa4f8faddeca6,4.50
23ff42c4bf1f8f16cddb19d8b972974a,2,3,174.70,3,3,23ff42c4bf1f8f16cddb19d8b972974a,4.33
24a6daf925d9d591870a66660416de31,2,2,60.00,2,2,24a6daf925d9d591870a66660416de31,4.50
253c025bab43881055aeecde5e2d8b77,2,2,94.82,2,1,253c025bab43881055aeecde5e2d8b77,4.50
26562f211dd1364af2a8596dc945e8ae,2,2,99.00,2,2,26562f211dd1364af2a8596dc945e8ae,5.00
26f6b7ab07be3e9e69ce82a6552efc19,2,2,54.80,2,1,26f6b7ab07be3e9e69ce82a6552efc19,3.00
296729ffb9b684050dd24836dac4494a,2,2,114.00,2,2,296729ffb9b684050dd24836dac4494a,5.00
299c89a525fee36c567f4fe72f038100,2,2,658.00,1,1,299c89a525fee36c567f4fe72f038100,2.00
2a167ca73899c85001a837d8fb4962f6,2,3,4097.00,3,3,2a167ca73899c85001a837d8fb4962f6,4.33
2aafae69bf4c41fbd94053d9413e87ee,2,2,94.00,2,2,2aafae69bf4c41fbd94053d9413e87ee,4.50
2c54051840f19eca309a5423cf22df36,2,2,23.70,2,2,2c54051840f19eca309a5423cf22df36,4.50
2cb4700db635baa1c0d4f90ed27b6669,2,2,199.80,2,2,2cb4700db635baa1c0d4f90ed27b6669,2.00
2d378dbb39815785238c0139c7647fb7,2,2,1154.00,2,2,2d378dbb39815785238c0139c7647fb7,5.00
2d9e8987a2ea5cf88dce330249043ff1,2,2,239.80,2,2,2d9e8987a2ea5cf88dce330249043ff1,4.50
2ec6e37d992a95eaddb3369dcbcc76d9,2,2,159.80,2,2,2ec6e37d992a95eaddb3369dcbcc76d9,1.50
2f9b7ce230a057a98a9f5df5893ee36c,2,2,141.82,2,2,2f9b7ce230a057a98a9f5df5893ee36c,4.50
2fa13c8bd5705d279f7ed5cc9ec61c68,2,4,87.40,4,4,2fa13c8bd5705d279f7ed5cc9ec61c68,5.00
324583d68897f5ddbaf38f6248322176,2,3,84.00,3,1,324583d68897f5ddbaf38f6248322176,1.00
328acb143b4a73aad6bee8e734f5d20d,2,2,699.98,2,2,328acb143b4a73aad6bee8e734f5d20d,4.00
333c4210e76a1aa2ab817b99437e3ff1,2,2,335.00,2,2,333c4210e76a1aa2ab817b99437e3ff1,5.00
35b96509602ec4b7da831b5cd73ff2c2,2,2,558.90,2,2,35b96509602ec4b7da831b5cd73ff2c2,4.50
3606774ec64634822d78dc2db6d37045,2,2,299.80,1,1,3606774ec64634822d78dc2db6d37045,3.00
36f98ad67cc981f50ce8aed093d5783c,2,2,119.40,2,2,36f98ad67cc981f50ce8aed093d5783c,4.00
37303482a42fb700d8d127e70a9cd6c8,2,2,148.89,1,1,37303482a42fb700d8d127e70a9cd6c8,3.00
391bbd13b6452244774beff1824006ed,2,2,127.80,1,0,391bbd13b6452244774beff1824006ed,1.00
392f7f2c797e4dc077e4311bde2ab8ce,2,2,52.00,2,2,392f7f2c797e4dc077e4311bde2ab8ce,5.00
3bb32fedaa74e4ad20f4ce067733bd31,2,3,103.70,3,3,3bb32fedaa74e4ad20f4ce067733bd31,4.67
3d62f86afa7c73be2628a3be1423f5a0,2,2,12.00,2,2,3d62f86afa7c73be2628a3be1423f5a0,4.00
3d68c634a99a1ba46dbca3967a69c623,2,2,594.00,2,2,3d68c634a99a1ba46dbca3967a69c623,5.00
3dc69bf2c42f0568a5c4791ec3fd3745,2,2,300.00,1,1,3dc69bf2c42f0568a5c4791ec3fd3745,4.00
3ef37b7ca6dd2b80bd8af81a62504996,2,2,700.00,2,2,3ef37b7ca6dd2b80bd8af81a62504996,4.50
3fe7120d6257285ac6a3ce7cb071ccec,2,2,199.98,2,2,3fe7120d6257285ac6a3ce7cb071ccec,3.50
3febca52652e7209509ccfe61cbde40e,2,2,84.00,0,0,3febca52652e7209509ccfe61cbde40e,2.00
40536e7ca18e1bce252828e5876466cc,2,4,463.96,0,0,40536e7ca18e1bce252828e5876466cc,1.00
40ec8ab6cdafbcc4f544da38c67da39a,2,2,117.80,2,2,40ec8ab6cdafbcc4f544da38c67da39a,5.00
42b6488f5b8246d9141712abd4b1b693,2,2,247.99,2,2,42b6488f5b8246d9141712abd4b1b693,4.00
43b2c864251aa0ce4030c746984e088a,2,2,94.80,2,2,43b2c864251aa0ce4030c746984e088a,3.00
44717f64ec2a457979cf83c429077666,2,3,107.00,3,3,44717f64ec2a457979cf83c429077666,5.00
44ed138eca6214d572ce1d813fb0049b,2,3,129.79,3,3,44ed138eca6214d572ce1d813fb0049b,4.67
455f46ef09a9e45667e2981df84b5cc2,2,2,59.80,1,1,455f46ef09a9e45667e2981df84b5cc2,2.50
458c6fa920810ce2492da71bc26d9eec,2,2,756.76,2,2,458c6fa920810ce2492da71bc26d9eec,2.50
458d868c9642f55f18f04e951a3fdde6,2,2,2718.00,2,2,458d868c9642f55f18f04e951a3fdde6,5.00
47f55702f598c7c6cc8458b0fbc1c49a,2,2,127.50,1,1,47f55702f598c7c6cc8458b0fbc1c49a,5.00
48b6c3f4c6a93171da04b75313f2130f,2,2,290.26,2,2,48b6c3f4c6a93171da04b75313f2130f,5.00
48e954b2da4f6a750c844173b347ed40,2,6,397.80,6,6,48e954b2da4f6a750c844173b347ed40,4.17
491a5ada3aa1678414e990262c4bbdc1,2,2,2840.00,1,1,491a5ada3aa1678414e990262c4bbdc1,3.00
4a1917ef994878940e1fb03eeb787ad7,2,3,768.00,3,3,4a1917ef994878940e1fb03eeb787ad7,2.67
4b98b0428fc1932cc2514ef9ce2505e6,2,2,327.63,2,1,4b98b0428fc1932cc2514ef9ce2505e6,2.33
4bde6149c15cf7e177b36fa060dd6de8,2,2,159.80,2,2,4bde6149c15cf7e177b36fa060dd6de8,5.00
4bf658053d453036c70976bccb2c31b2,2,2,1742.99,2,2,4bf658053d453036c70976bccb2c31b2,4.50
4c4d546adf3c3868fe19c9ec6e9ffda9,2,3,111.70,3,3,4c4d546adf3c3868fe19c9ec6e9ffda9,3.67
4c60877808f4318ef1107fbeb8f89afa,2,2,118.00,2,2,4c60877808f4318ef1107fbeb8f89afa,4.00
4ce8b55b4bfa4659184e7becc1fba3f2,2,2,199.00,2,2,4ce8b55b4bfa4659184e7becc1fba3f2,3.00
4d6fb82c629c7a5028bfd973c07b05e0,2,2,278.00,0,0,4d6fb82c629c7a5028bfd973c07b05e0,2.00
4d9fea3499bdc22aa4da4e339365f215,2,2,192.54,2,2,4d9fea3499bdc22aa4da4e339365f215,5.00
4e0d109ccfba9a1151c103049880c857,2,2,279.89,2,2,4e0d109ccfba9a1151c103049880c857,3.00
4e2627090e6e5b9fabba883a37897683,2,5,199.50,1,1,4e2627090e6e5b9fabba883a37897683,1.00
4eeb99008a0f59d2c7759c59f9a346eb,2,2,1282.00,2,2,4eeb99008a0f59d2c7759c59f9a346eb,4.50
4f0d637c1197fd65405ebd755ac9f86b,2,2,199.80,2,2,4f0d637c1197fd65405ebd755ac9f86b,5.00
4f1f1c8666cdb6442f775c4e8caed465,2,2,944.98,2,2,4f1f1c8666cdb6442f775c4e8caed465,5.00
4fe2f67634d00c021aa01f96b6f2d68e,2,2,86.80,2,2,4fe2f67634d00c021aa01f96b6f2d68e,5.00
51209b446b2073894bdc0face6c73ffc,2,4,359.60,4,4,51209b446b2073894bdc0face6c73ffc,4.00
513a54369b6a8a6602fcb0e129c6d78d,2,2,47.80,2,2,513a54369b6a8a6602fcb0e129c6d78d,4.50
528bcf6680c36dddf07620bd35b33a6f,2,2,969.98,2,1,528bcf6680c36dddf07620bd35b33a6f,4.50
528ce32f560edd11add4169f6a5b65be,2,2,59.80,2,2,528ce32f560edd11add4169f6a5b65be,5.00
52bb00821bcdd358a5a5a27e1f6be5a1,2,2,349.80,2,2,52bb00821bcdd358a5a5a27e1f6be5a1,4.50
533d46c1b06970e99f09523a61df4972,2,2,159.98,2,2,533d46c1b06970e99f09523a61df4972,4.50
539ed9e19811677513447759be5eccfc,2,2,32.83,2,2,539ed9e19811677513447759be5eccfc,3.00
553a440137d6e0cf776aee0bb83ac9f5,2,2,144.80,2,1,553a440137d6e0cf776aee0bb83ac9f5,1.00
5563732abe64c3036cb97ad924128dd1,2,3,404.00,3,3,5563732abe64c3036cb97ad924128dd1,4.67
5587130f9850696ed7fafbc91c2cee44,2,2,69.80,2,2,5587130f9850696ed7fafbc91c2cee44,5.00
559d56f3b8f0bc2e5a9a62fe2ce2a39f,2,2,385.00,2,1,559d56f3b8f0bc2e5a9a62fe2ce2a39f,2.50
5659d77e8d90378e39b960ad5956f64e,2,2,182.48,2,1,5659d77e8d90378e39b960ad5956f64e,2.50
56db5c0782e8f7ddc9343f9576ff6d16,2,2,734.80,2,2,56db5c0782e8f7ddc9343f9576ff6d16,3.00
570d4583587a5fe2d47c7be89b91ad27,2,2,125.25,2,2,570d4583587a5fe2d47c7be89b91ad27,5.00
5733d806668f8712c24b9abaefbfa642,2,2,243.80,2,2,5733d806668f8712c24b9abaefbfa642,5.00
57d2ba47f7a3209aa347532ae75c1165,2,2,318.00,2,2,57d2ba47f7a3209aa347532ae75c1165,4.00
58c851d1a3c7cd3da329eb59453fed44,2,2,268.99,2,2,58c851d1a3c7cd3da329eb59453fed44,5.00
59bbc819b99a733f02f0d6b49d1c253d,2,2,139.80,2,2,59bbc819b99a733f02f0d6b49d1c253d,5.00
5a32c398a06c345440bf2a683b017ad3,2,2,79.80,1,1,5a32c398a06c345440bf2a683b017ad3,3.00
5a9c0859cb00fd8aa4db443837f0a700,2,2,208.00,2,2,5a9c0859cb00fd8aa4db443837f0a700,4.50
5bc237df65098fe211bb4818f4d26d78,2,2,126.80,2,2,5bc237df65098fe211bb4818f4d26d78,4.50
5c603ffb38cbbf25a0e0698941324143,2,2,348.80,0,0,5c603ffb38cbbf25a0e0698941324143,1.00
5ca5d579b5857ee8709479b1047cecc3,2,2,339.89,1,0,5ca5d579b5857ee8709479b1047cecc3,1.00
5d505d2298ad549e4e4e835562fa0c1e,2,2,249.80,2,2,5d505d2298ad549e4e4e835562fa0c1e,5.00
5de1c80811ce7007f62f00d971236c09,2,2,76.80,2,2,5de1c80811ce7007f62f00d971236c09,5.00
5e9f5bd34e0830569f05c9d4f56e04a8,2,2,239.98,2,2,5e9f5bd34e0830569f05c9d4f56e04a8,4.50
6025c79c035c3d772133b8b8238463b2,2,4,989.74,4,4,6025c79c035c3d772133b8b8238463b2,5.00
60ad151920c4f6f3ebbe8cfdf6166779,2,2,130.00,0,0,60ad151920c4f6f3ebbe8cfdf6166779,1.00
612a743d294c27884fb7b80d2b19ba35,2,3,3057.70,3,3,612a743d294c27884fb7b80d2b19ba35,4.33
615c3462099ffa940d37b17dfda19594,2,2,229.00,2,2,615c3462099ffa940d37b17dfda19594,5.00
6179a28a13a726c29b3bf54c070dccab,2,2,600.00,1,1,6179a28a13a726c29b3bf54c070dccab,3.00
6187a137b2af59dfdbad8d9f8c373c14,2,2,74.80,2,2,6187a137b2af59dfdbad8d9f8c373c14,3.00
62d977e2b2aee830de3e039a28490d12,2,2,399.80,0,0,62d977e2b2aee830de3e039a28490d12,1.00
630008e0f062605a415d694489f6f82e,2,3,105.15,1,1,630008e0f062605a415d694489f6f82e,3.00
63272377184e969942f7fff221be858d,2,2,149.70,2,2,63272377184e969942f7fff221be858d,5.00
643c01d7c56a724bec0454f4780e8a3e,2,2,205.55,2,2,643c01d7c56a724bec0454f4780e8a3e,4.50
64cc804291f90c81f02bfc2bb58ff55a,2,2,517.60,2,2,64cc804291f90c81f02bfc2bb58ff55a,5.00
65c255b299faf2d12050937cc219c46c,2,2,88.20,2,2,65c255b299faf2d12050937cc219c46c,4.50
6601ee6383e7f452be71929f8de48bbb,2,2,153.60,2,2,6601ee6383e7f452be71929f8de48bbb,4.00
67e43d802fde8cfd3f9580124f8167d1,2,3,36.00,0,0,67e43d802fde8cfd3f9580124f8167d1,1.00
685b870da5b52a710782c9c0fefbeb5b,2,2,627.00,2,0,685b870da5b52a710782c9c0fefbeb5b,2.00
6902157ee16728322d61a1321fa79e58,2,2,159.80,2,2,6902157ee16728322d61a1321fa79e58,3.00
693660429f9dc4ff704eb3d88dad54d7,2,2,124.00,2,2,693660429f9dc4ff704eb3d88dad54d7,4.00
69a43819c758c65a5befb0b471c954d7,2,3,299.85,3,3,69a43819c758c65a5befb0b471c954d7,4.00
69b5eaa096c3f9d1e5c398c597f567d6,2,2,938.00,2,2,69b5eaa096c3f9d1e5c398c597f567d6,5.00
6a53b90c3ad9e0b56d9fe5c69165fff5,2,4,139.78,4,4,6a53b90c3ad9e0b56d9fe5c69165fff5,3.50
6bcb2352a2a0c38b845f598298ab9d26,2,2,31.80,1,1,6bcb2352a2a0c38b845f598298ab9d26,3.00
6bef34c5be6f2bbd70aa5165f6df94b1,2,2,1198.00,2,2,6bef34c5be6f2bbd70aa5165f6df94b1,2.00
6c9875b2f94ba781186f0c1aed8d1687,2,4,25.00,4,4,6c9875b2f94ba781186f0c1aed8d1687,5.00
6dc9bec584588412a6a338830946a3e4,2,2,560.00,1,1,6dc9bec584588412a6a338830946a3e4,1.50
6f835fd4be26989b1b064399da346143,2,2,197.80,2,2,6f835fd4be26989b1b064399da346143,5.00
70c4eedec9cb4a85cda2f3f9673557b4,2,2,479.80,1,1,70c4eedec9cb4a85cda2f3f9673557b4,5.00
71593c7413973a1e160057b80d4958f6,2,5,299.50,5,5,71593c7413973a1e160057b80d4958f6,3.40
7315baebc0572ff220d226283dc66728,2,2,49.85,2,2,7315baebc0572ff220d226283dc66728,4.00
731ef20c231d9a7103a425e83fd91271,2,3,1692.00,3,3,731ef20c231d9a7103a425e83fd91271,3.67
734def04b237117a09321dd6d8f3f2a2,2,2,1252.43,2,2,734def04b237117a09321dd6d8f3f2a2,5.00
739c7d7be81f63812dea0d1b1451c651,2,2,77.50,2,2,739c7d7be81f63812dea0d1b1451c651,4.00
73da1880b39c71de2b262bc7720c1494,2,2,398.00,2,2,73da1880b39c71de2b262bc7720c1494,5.00
747c1cdcd1737dcfbd1547f6eb6f2cf3,2,2,193.10,2,2,747c1cdcd1737dcfbd1547f6eb6f2cf3,2.50
74a9b9bddf14ece02beb81f52c41a88d,2,2,95.00,2,2,74a9b9bddf14ece02beb81f52c41a88d,3.50
76833248bbc0e65a0293ec62023e4396,2,2,2399.98,2,2,76833248bbc0e65a0293ec62023e4396,5.00
76d336555bb25f3165d2f0d6da719c40,2,2,330.00,1,1,76d336555bb25f3165d2f0d6da719c40,2.00
76de363de16dacc923eec8daf91df504,2,2,360.00,2,2,76de363de16dacc923eec8daf91df504,2.50
77dcbb67ccb3659bd58eaf5661560a30,2,2,984.00,0,0,77dcbb67ccb3659bd58eaf5661560a30,1.00
782f78b632a43875dd5b53e3e49c9564,2,3,146.01,2,2,782f78b632a43875dd5b53e3e49c9564,3.67
788f22bafdd7ab0e1e79f19db72f16a4,2,2,125.80,2,2,788f22bafdd7ab0e1e79f19db72f16a4,4.50
78ba5933c21686d1c2f64669c8c459e7,2,2,191.80,2,2,78ba5933c21686d1c2f64669c8c459e7,4.33
791cfcfe22fe4a771ece27f90017da92,2,2,596.26,1,0,791cfcfe22fe4a771ece27f90017da92,1.50
7994081388d55b9cf976c050653dd359,2,6,1020.00,1,1,7994081388d55b9cf976c050653dd359,1.67
79ee721b6f766066a80264402548d359,2,2,538.00,0,0,79ee721b6f766066a80264402548d359,1.00
7ad41305e96a6cab8294cd65891e9a86,2,2,180.00,2,2,7ad41305e96a6cab8294cd65891e9a86,5.00
7c4adcc13272c0e26fa23aac642adb7b,2,2,135.00,2,1,7c4adcc13272c0e26fa23aac642adb7b,3.00
7caa63f175b1cecbfaadd8b5ab9998c7,2,2,39.80,1,1,7caa63f175b1cecbfaadd8b5ab9998c7,2.00
7d484ca289afaac6bf5fc6a1e96d2226,2,2,183.20,2,1,7d484ca289afaac6bf5fc6a1e96d2226,4.00
7dea6f73af847b42cc3985bd620f994d,2,2,324.00,2,2,7dea6f73af847b42cc3985bd620f994d,4.00
7e959205cebc10adefcb331f934238a4,2,2,513.90,0,0,7e959205cebc10adefcb331f934238a4,1.00
7f02656561b680def9986c0795a8a080,2,2,84.00,1,1,7f02656561b680def9986c0795a8a080,3.00
8132b9bd16876e1b0f8808d43825dd48,2,3,727.90,1,1,8132b9bd16876e1b0f8808d43825dd48,2.33
81ed90f07c0bacb7594940ba2ef676aa,2,2,223.90,2,2,81ed90f07c0bacb7594940ba2ef676aa,4.50
830379336fad8c6f3b15a4a3ddb5c66e,2,4,268.00,4,4,830379336fad8c6f3b15a4a3ddb5c66e,4.50
83c8aafbefb034674a70de0eac5b8954,2,2,134.90,2,2,83c8aafbefb034674a70de0eac5b8954,5.00
83d7070a0b9a8b4625fa8682b819fabb,2,2,694.77,0,0,83d7070a0b9a8b4625fa8682b819fabb,1.00
84c945f15571830c1a91a33978e94009,2,2,51.98,2,2,84c945f15571830c1a91a33978e94009,4.50
84deb808079d1be601c209c1e771b1cc,2,2,34.93,2,2,84deb808079d1be601c209c1e771b1cc,5.00
85e7c62c1d6ea078c3897424f867a7c8,2,2,60.00,2,2,85e7c62c1d6ea078c3897424f867a7c8,4.50
85ecf03781da592876b7844acc1b729f,2,2,251.00,2,1,85ecf03781da592876b7844acc1b729f,4.50
88ef59b51bdaa941d10a853429f2b6ce,2,2,252.90,2,2,88ef59b51bdaa941d10a853429f2b6ce,2.00
89757206b887aed36f3e18d858460fea,2,2,120.50,2,2,89757206b887aed36f3e18d858460fea,5.00
89d9a386b0b6e5fc8403071b03f7206a,2,5,167.00,5,5,89d9a386b0b6e5fc8403071b03f7206a,3.40
89dda63a3c907c468ec88c310ed91213,2,2,734.99,1,1,89dda63a3c907c468ec88c310ed91213,3.00
8a1ff5c35f6595a73fef4c7b96e4908a,2,2,1598.00,2,2,8a1ff5c35f6595a73fef4c7b96e4908a,5.00
8a207b6080964f3c1fc9d35bd6096ba4,2,3,553.70,3,2,8a207b6080964f3c1fc9d35bd6096ba4,5.00
8a8835a43bda99fd37310ad76c457510,2,3,224.34,3,3,8a8835a43bda99fd37310ad76c457510,4.33
8c351ed7c326c62123318f4f3246e906,2,2,114.90,2,2,8c351ed7c326c62123318f4f3246e906,5.00
8c91bfea4263b8fba54081460693e2a1,2,2,739.00,2,2,8c91bfea4263b8fba54081460693e2a1,5.00
8c9348f33ae3dada25c99c99ade2af78,2,2,312.99,2,2,8c9348f33ae3dada25c99c99ade2af78,5.00
8cb7c5ddf41f4d506eba76e9a4702a25,2,2,138.00,1,1,8cb7c5ddf41f4d506eba76e9a4702a25,3.00
8ccf3cf69651cc1d8a02c8bfaf3b8568,2,2,250.00,2,1,8ccf3cf69651cc1d8a02c8bfaf3b8568,3.50
8cf21434553b02cbd37c0bbd07e041b0,2,2,94.98,1,1,8cf21434553b02cbd37c0bbd07e041b0,2.50
8def3db7f272735afb2ecd03aeca09a7,2,2,196.00,2,2,8def3db7f272735afb2ecd03aeca09a7,5.00
8e29d051f810eb22959ede205b462b9f,2,2,599.80,2,1,8e29d051f810eb22959ede205b462b9f,4.00
8e4f041ff58e7845456d3482524014b3,2,2,133.80,2,1,8e4f041ff58e7845456d3482524014b3,3.00
8ea394aed8138685abe1eb9f25e1021d,2,2,1340.00,2,2,8ea394aed8138685abe1eb9f25e1021d,4.00
8eb88b0acb3f90a717ad659221471fa7,2,2,119.80,2,2,8eb88b0acb3f90a717ad659221471fa7,4.50
8f0fbe2cd4d472157dc1cdef6edecaa9,2,2,71.88,2,2,8f0fbe2cd4d472157dc1cdef6edecaa9,3.00
8ff38bc3969e67c36c48343a07090f66,2,8,3472.00,8,8,8ff38bc3969e67c36c48343a07090f66,2.50
90b57083da5d803237da74daec6dcb2b,2,2,206.90,2,2,90b57083da5d803237da74daec6dcb2b,5.00
910a922b426b7ff95eaee129ad6c0e1f,2,2,119.80,2,2,910a922b426b7ff95eaee129ad6c0e1f,5.00
918f6fbcf3ab724d805867303e593a1b,2,3,79.70,3,3,918f6fbcf3ab724d805867303e593a1b,4.33
933446e9a59dece7ae9175103820ca8f,2,3,381.39,1,1,933446e9a59dece7ae9175103820ca8f,2.33
9535a841eecebed61a9fb1ac1cbb5597,2,2,784.90,2,2,9535a841eecebed61a9fb1ac1cbb5597,3.00
9558aa23f77a9e0a0eca83540999f43b,2,2,125.70,1,1,9558aa23f77a9e0a0eca83540999f43b,3.00
968ee78631915a63fef426d6733d7422,2,2,450.00,2,2,968ee78631915a63fef426d6733d7422,3.00
96e5dc09087bad639b4ee193104ec2e5,2,2,101.90,2,2,96e5dc09087bad639b4ee193104ec2e5,4.50
98dddbc4601dd4443ca174359b237166,2,2,158.00,2,2,98dddbc4601dd4443ca174359b237166,5.00
98e164d549402270247f3c96a1a158ef,2,2,162.70,2,2,98e164d549402270247f3c96a1a158ef,2.50
9996ae921c50e8dff411ac69c0b4bb8b,2,3,29.70,3,3,9996ae921c50e8dff411ac69c0b4bb8b,2.33
999f6d9a1c7c81f43be44c6b7d076210,2,2,28.00,2,2,999f6d9a1c7c81f43be44c6b7d076210,4.50
99cd94252748d2bdde08e17858233602,2,2,159.80,2,2,99cd94252748d2bdde08e17858233602,4.50
9b1050e85becf3ae99c1cf4934c9bc5d,2,2,85.14,0,0,9b1050e85becf3ae99c1cf4934c9bc5d,2.50
9b1ab052f5fca308ba743ac789ebb2e1,2,2,294.09,2,2,9b1ab052f5fca308ba743ac789ebb2e1,4.00
9b1f656ca3060f8af17a50d8a024b533,2,2,41.00,2,1,9b1f656ca3060f8af17a50d8a024b533,5.00
9b76ad3d04236f76bc71c59470305e13,2,3,394.70,3,3,9b76ad3d04236f76bc71c59470305e13,5.00
9bade61a92bed55a25d2b67b9f4ed739,2,3,117.68,3,3,9bade61a92bed55a25d2b67b9f4ed739,2.33
9c4d31c7e46ab03a43fc06e3142afd4e,2,2,1218.90,2,2,9c4d31c7e46ab03a43fc06e3142afd4e,4.50
9d213f303afae4983637247556438ede,2,3,47.70,3,3,9d213f303afae4983637247556438ede,5.00
9dd459b29a14bf89d47183cf2cd0e4c7,2,2,180.00,2,1,9dd459b29a14bf89d47183cf2cd0e4c7,5.00
9e17b9d64683aebcbb9ee362d06463b4,2,3,98.70,0,0,9e17b9d64683aebcbb9ee362d06463b4,1.00
9e7c5f4d7770eab65738cca38f9efccf,2,2,184.80,2,2,9e7c5f4d7770eab65738cca38f9efccf,3.50
9f56a7a649097b166d8ed286ad86a15c,2,2,27.98,0,0,9f56a7a649097b166d8ed286ad86a15c,1.00
a0e19590a0923cdd0614ea9427713ced,2,7,258.30,0,0,a0e19590a0923cdd0614ea9427713ced,1.00
a11a0e0ca67423425691db355cff69b0,2,2,448.90,2,1,a11a0e0ca67423425691db355cff69b0,5.00
a154d7316f158bb42e6fa18bbe3afd3a,2,2,139.80,2,1,a154d7316f158bb42e6fa18bbe3afd3a,3.00
a20d8058c866dbaeca014d2cd20ac62e,2,2,1194.00,2,1,a20d8058c866dbaeca014d2cd20ac62e,5.00
a247197e2e9c19a6a53a6888cb8b660f,2,2,798.00,0,0,a247197e2e9c19a6a53a6888cb8b660f,1.00
a2a41aedb70551d4a85aa04dc2fced48,2,2,52.79,2,2,a2a41aedb70551d4a85aa04dc2fced48,4.00
a2e85714b56b1cb6bb24a9a6e6cad36f,2,3,339.70,0,0,a2e85714b56b1cb6bb24a9a6e6cad36f,1.00
a3b0df0065e264a91b7bbf5f844af5cd,2,2,186.69,2,2,a3b0df0065e264a91b7bbf5f844af5cd,5.00
a45314082d50d578a4721c9787ce09ab,2,2,424.90,2,2,a45314082d50d578a4721c9787ce09ab,5.00
a4e634166243bbb3a13fa584463fa468,2,2,155.55,0,0,a4e634166243bbb3a13fa584463fa468,2.00
a513150f33f99a06569e9cd5c4bb889b,2,2,677.00,2,2,a513150f33f99a06569e9cd5c4bb889b,4.33
a5ff20ff766e7f50bd5066f33da14413,2,4,66.59,4,4,a5ff20ff766e7f50bd5066f33da14413,3.00
a70e9066dbfd10b6b97a3f54a1356762,2,4,1716.00,4,4,a70e9066dbfd10b6b97a3f54a1356762,5.00
a7b7354cc588f7566a848bcbb1ce3d96,2,2,79.80,2,2,a7b7354cc588f7566a848bcbb1ce3d96,4.00
a7d0f8dd44f57ef6de7f7f02e3d82630,2,2,73.79,2,2,a7d0f8dd44f57ef6de7f7f02e3d82630,4.50
a7dc4098e4da6e41b426269d12ae7e91,2,3,518.00,3,3,a7dc4098e4da6e41b426269d12ae7e91,3.67
a81466620e46a6970b22ef40379fdfc9,2,2,321.80,2,2,a81466620e46a6970b22ef40379fdfc9,5.00
a89e143d5211473ae18db9577ee34b64,2,2,140.00,1,1,a89e143d5211473ae18db9577ee34b64,3.00
aa17b35ce4de7b565be3249ba838944f,2,2,79.80,2,2,aa17b35ce4de7b565be3249ba838944f,4.50
aae5953b9edddf14749c0d65d60eb4b9,2,2,173.00,2,2,aae5953b9edddf14749c0d65d60eb4b9,5.00
ab75b89cc49c9ab3160d0c91565a442a,2,2,37.98,1,1,ab75b89cc49c9ab3160d0c91565a442a,1.50
abe021b01ba992245271b9aa422032df,2,2,6720.00,2,2,abe021b01ba992245271b9aa422032df,3.50
b05b432bf68945d4d9783f9e3ca29ee8,2,2,224.80,2,2,b05b432bf68945d4d9783f9e3ca29ee8,4.50
b12cfd255810394b60caef18ae163547,2,2,560.00,2,2,b12cfd255810394b60caef18ae163547,4.50
b26741d31a563d769b4af0465ab20c56,2,2,648.00,2,2,b26741d31a563d769b4af0465ab20c56,4.00
b416191c9813d821a295cfabafff4161,2,2,117.80,2,2,b416191c9813d821a295cfabafff4161,2.50
b452cb0ae35044c4a53179c39f49fb06,2,2,63.70,2,2,b452cb0ae35044c4a53179c39f49fb06,4.00
b5bb2b985208834bd5bd86c7a402bbad,2,2,621.06,2,2,b5bb2b985208834bd5bd86c7a402bbad,5.00
b77a27b1864483e721dc831d5ba4afa0,2,2,41.80,1,1,b77a27b1864483e721dc831d5ba4afa0,3.50
b7ba853e9551f4558440881fd3e5c815,2,2,376.80,1,1,b7ba853e9551f4558440881fd3e5c815,1.00
b7d5b4b87af9d42b601865d3f3810bff,2,2,1049.00,1,1,b7d5b4b87af9d42b601865d3f3810bff,2.00
b8d890108a7a80e4f5d59eea9f362438,2,3,89.70,3,2,b8d890108a7a80e4f5d59eea9f362438,3.33
b906dd0e57f282c7089171b6ed07982e,2,2,175.00,2,2,b906dd0e57f282c7089171b6ed07982e,4.00
b9ec22de23f18567de0e09d776ca0309,2,2,341.98,2,2,b9ec22de23f18567de0e09d776ca0309,5.00
ba89796db68db180bd389de96b2ff3b6,2,2,309.80,2,2,ba89796db68db180bd389de96b2ff3b6,5.00
bb3dca718920a4d7ec3cc9ffb025108b,2,3,108.00,3,3,bb3dca718920a4d7ec3cc9ffb025108b,2.33
bb5d956dece964a06c12bceb66b923ae,2,2,1278.36,2,2,bb5d956dece964a06c12bceb66b923ae,5.00
bb7ad8a45c027be8ab075b8e465f8ca0,2,2,19.98,2,2,bb7ad8a45c027be8ab075b8e465f8ca0,5.00
bbd3acfe6de99892e73940d3fdceaf68,2,2,69.00,2,2,bbd3acfe6de99892e73940d3fdceaf68,3.00
bbe87dce25ba8b38bb61cc7210a3f10b,2,2,287.00,2,2,bbe87dce25ba8b38bb61cc7210a3f10b,5.00
bc39d8938f90a3a2b98193723ed59774,2,2,306.80,2,2,bc39d8938f90a3a2b98193723ed59774,4.00
be1e9e378700cecaa4ebf71433d7915c,2,2,119.89,2,0,be1e9e378700cecaa4ebf71433d7915c,3.00
bec568278124768c474ee90971ca94d1,2,2,219.90,2,2,bec568278124768c474ee90971ca94d1,4.50
bede56095ba33c42038fb85f707b8a42,2,2,3973.90,2,2,bede56095ba33c42038fb85f707b8a42,4.50
bee36b4f9a2b9fdcaff6ec05df202ed0,2,2,33.80,1,1,bee36b4f9a2b9fdcaff6ec05df202ed0,3.00
bf0045791395e66460eb04749c68672a,2,2,119.80,2,2,bf0045791395e66460eb04749c68672a,4.00
c004e5ea15737026cecaee0447e00b75,2,2,4700.00,1,0,c004e5ea15737026cecaee0447e00b75,1.00
c13fb473e7cb8b83ccd543c094df0608,2,2,54.80,2,2,c13fb473e7cb8b83ccd543c094df0608,3.50
c1552b1dab6e6f760950368ae61fb600,2,2,53.80,2,2,c1552b1dab6e6f760950368ae61fb600,2.50
c1f12f926d0ba950578b4fa41115cbb6,2,4,479.60,4,3,c1f12f926d0ba950578b4fa41115cbb6,4.50
c286ec035ee04ba81c97508f0b5df544,2,2,493.00,1,1,c286ec035ee04ba81c97508f0b5df544,2.50
c2bda99904207edd1834f03e0022b007,2,2,79.80,1,1,c2bda99904207edd1834f03e0022b007,2.50
c3251e13f1bbda6c74e37c160f991e19,2,2,437.80,2,2,c3251e13f1bbda6c74e37c160f991e19,5.00
c353f8fc0ce8344999f17d578eb69a5e,2,2,175.98,2,2,c353f8fc0ce8344999f17d578eb69a5e,5.00
c398bc00a606d33758afd91f4e64fd15,2,2,150.00,2,2,c398bc00a606d33758afd91f4e64fd15,4.50
c3ee2331a724e6fc02c4b698b57a73f3,2,3,1347.00,3,3,c3ee2331a724e6fc02c4b698b57a73f3,3.00
c4b911d06343b21dd906651f8101cb49,2,2,90.98,0,0,c4b911d06343b21dd906651f8101cb49,1.00
c6381b1321d7d97717a5bb4ed5b77882,2,3,66.00,3,3,c6381b1321d7d97717a5bb4ed5b77882,3.67
c76d418370990614e89e956c7a7567d9,2,2,305.24,2,2,c76d418370990614e89e956c7a7567d9,3.50
c7c7b2682c648339a0e9846bb1023a39,2,3,168.00,3,3,c7c7b2682c648339a0e9846bb1023a39,4.67
c8025364abeecb115431bf95c11a747f,2,2,928.00,2,1,c8025364abeecb115431bf95c11a747f,4.50
cac4e0bc1a3269fa2b6ea5e763f6115b,2,3,57.88,3,3,cac4e0bc1a3269fa2b6ea5e763f6115b,5.00
cad9969167c09b48ae6f1d123f7fa68d,2,2,43.20,1,1,cad9969167c09b48ae6f1d123f7fa68d,3.00
cb0b3bcf14e0a709df412a99424a59d7,2,2,460.00,2,2,cb0b3bcf14e0a709df412a99424a59d7,4.50
cb32766839f443db85c82a43c4a6c19e,2,2,234.00,2,2,cb32766839f443db85c82a43c4a6c19e,3.00
cbbd5ae8f53de5f5097cd8217b529e24,2,2,351.80,1,1,cbbd5ae8f53de5f5097cd8217b529e24,2.50
cc80e2f693fa6e2408f47ccf62413fc1,2,2,420.00,2,2,cc80e2f693fa6e2408f47ccf62413fc1,4.00
d26aa40b90272d4843d63be7c1462c8d,2,2,152.90,2,2,d26aa40b90272d4843d63be7c1462c8d,4.50
d2df77822373f19934e87694d8640767,2,2,155.90,2,2,d2df77822373f19934e87694d8640767,3.00
d3891911c2feae53c52fea2bd14054e5,2,2,141.00,2,2,d3891911c2feae53c52fea2bd14054e5,5.00
d4a5e99e0dd915df64ba55a7fbd583fd,2,6,65.15,6,6,d4a5e99e0dd915df64ba55a7fbd583fd,1.67
d52cbce9845184537284a23c3bc3da0e,2,4,75.00,4,4,d52cbce9845184537284a23c3bc3da0e,5.00
d58d521f3789def2e7a22715e0badd93,2,2,65.98,2,2,d58d521f3789def2e7a22715e0badd93,3.50
d63c73efd41eb002280e7ec831424edb,2,2,5598.00,2,2,d63c73efd41eb002280e7ec831424edb,4.00
d65f31d2413268e671989503f6cf9993,2,3,488.80,0,0,d65f31d2413268e671989503f6cf9993,1.00
d6cd01c59123df02fc226eadbadb5f89,2,3,244.90,1,1,d6cd01c59123df02fc226eadbadb5f89,2.33
d7ab82074b5f1dfba46db123df101bff,2,3,38.67,3,3,d7ab82074b5f1dfba46db123df101bff,4.33
d8dd176509baa37f359644d082bf7f7b,2,2,198.00,2,0,d8dd176509baa37f359644d082bf7f7b,1.50
da20530872245d6cd9d2f5725613c430,2,3,314.96,3,3,da20530872245d6cd9d2f5725613c430,4.67
dd39ad39b5d3df33037e141c72497ba6,2,2,135.80,2,2,dd39ad39b5d3df33037e141c72497ba6,5.00
dd58ee93286b0821565574c570e9e1dc,2,2,2948.00,2,2,dd58ee93286b0821565574c570e9e1dc,5.00
dd8a29ce82d5c705ba932d81494600a5,2,2,205.75,2,2,dd8a29ce82d5c705ba932d81494600a5,3.50
dedcab67899479e4ea5dcc4eba47f587,2,2,84.00,2,2,dedcab67899479e4ea5dcc4eba47f587,4.50
dff87e4de60c9736ce8df835951b09bc,2,2,998.00,0,0,dff87e4de60c9736ce8df835951b09bc,2.50
e0487761face83d64fcada2408959a36,2,2,49.25,2,2,e0487761face83d64fcada2408959a36,4.50
e0a3c37054ade6478d923a6efc10f308,2,2,219.80,2,2,e0a3c37054ade6478d923a6efc10f308,5.00
e4253cef933647000a82ff39c67b7bde,2,2,68.00,0,0,e4253cef933647000a82ff39c67b7bde,2.00
e4f121bf6ef8b9a1d4d3e65dd0473fab,2,2,70.00,2,1,e4f121bf6ef8b9a1d4d3e65dd0473fab,3.00
e503f22be6a4f456d9851920a5d9c670,2,2,198.90,2,2,e503f22be6a4f456d9851920a5d9c670,4.00
e546117ed9cafbc40239c0c78635c584,2,2,456.00,2,2,e546117ed9cafbc40239c0c78635c584,4.50
e560e4022d8f7aebf155db95946c5c0f,2,2,780.00,2,2,e560e4022d8f7aebf155db95946c5c0f,5.00
e5cbe890e679490127e9a390b46bbd20,2,2,908.99,2,2,e5cbe890e679490127e9a390b46bbd20,4.50
e83e93b71371817b11d78a63ff156aee,2,3,286.00,3,3,e83e93b71371817b11d78a63ff156aee,4.67
e88165a185134e13fdfc85d4fa654db8,2,2,108.00,2,1,e88165a185134e13fdfc85d4fa654db8,3.00
e88f7a2995ba184710d339c5c4bf2e30,2,2,251.60,2,2,e88f7a2995ba184710d339c5c4bf2e30,5.00
e94b64dc6979b302a5a5be1662c83bb6,2,2,306.89,2,2,e94b64dc6979b302a5a5be1662c83bb6,5.00
ea846a0e7ad98a741783e886d89dfa44,2,3,137.00,3,3,ea846a0e7ad98a741783e886d89dfa44,5.00
eb4a59a06b3948e851a7d7a830bcbc42,2,2,64.00,1,1,eb4a59a06b3948e851a7d7a830bcbc42,3.00
eb9cd5b35d95206585e2185318cb5c61,2,3,550.00,3,2,eb9cd5b35d95206585e2185318cb5c61,2.33
ec5c1d94df153d473b37f880977ae58e,2,3,199.67,3,3,ec5c1d94df153d473b37f880977ae58e,1.67
ec8463980a4e0ea9f8517aea1ed0c419,2,8,239.20,8,2,ec8463980a4e0ea9f8517aea1ed0c419,5.00
ed49da7cadefc454d6a67de249eab240,2,2,43.00,1,1,ed49da7cadefc454d6a67de249eab240,3.00
ee2fbacc2fc3794e656cc4d933d59ce7,2,3,464.97,3,3,ee2fbacc2fc3794e656cc4d933d59ce7,4.33
f0ec78809fe0bc3edb11c9fe5b97b059,2,2,62.60,2,2,f0ec78809fe0bc3edb11c9fe5b97b059,4.00
f1198c871e0171278b63f40d112caeec,2,2,475.80,2,2,f1198c871e0171278b63f40d112caeec,4.50
f18112da765e0971ca5d510dec322bdd,2,2,327.80,2,2,f18112da765e0971ca5d510dec322bdd,4.00
f1ce5fdecd64935c28b9ff932751d0dc,2,2,158.00,2,2,f1ce5fdecd64935c28b9ff932751d0dc,4.50
f266295f49a28eee21f413e0cbb0521d,2,2,149.80,2,2,f266295f49a28eee21f413e0cbb0521d,4.50
f356c348fbc8df6a882823e21f5ce8b7,2,2,195.18,2,2,f356c348fbc8df6a882823e21f5ce8b7,2.50
f3975e8a41157005d4bcbb358678cd9b,2,2,178.80,2,2,f3975e8a41157005d4bcbb358678cd9b,5.00
f410c8873029fcc3809b9df6d0b28914,2,2,289.80,2,2,f410c8873029fcc3809b9df6d0b28914,5.00
f5403d3f50089112c4eed37928b7f622,2,2,190.80,0,0,f5403d3f50089112c4eed37928b7f622,1.00
f543ba3c973276f519d89d59bd46cead,2,2,258.00,0,0,f543ba3c973276f519d89d59bd46cead,2.33
f664f98bfda2eaf266a23ff144e7a872,2,2,153.99,2,2,f664f98bfda2eaf266a23ff144e7a872,3.00
f682e0f848abafc6f41e0d4e868c66ef,2,2,269.98,2,1,f682e0f848abafc6f41e0d4e868c66ef,3.50
f7315bb81aea4ddca2d39e249a801c98,2,2,379.80,2,1,f7315bb81aea4ddca2d39e249a801c98,4.50
f8e2c1b59cd4225a3e4fd0d013a76b93,2,3,219.80,3,3,f8e2c1b59cd4225a3e4fd0d013a76b93,5.00
f9bbdd976532d50b7816d285a22bd01e,2,2,268.00,2,1,f9bbdd976532d50b7816d285a22bd01e,5.00
f9eedec3129e8cc6b6429c42d0808c5b,2,2,789.80,2,2,f9eedec3129e8cc6b6429c42d0808c5b,4.50
f9f68daa2af419d38f745478bcb3da1a,2,2,22.40,1,1,f9f68daa2af419d38f745478bcb3da1a,3.00
fb8904a8ea99f8831b64ce27db2c1765,2,2,278.00,2,1,fb8904a8ea99f8831b64ce27db2c1765,4.50
fc5a0d7a310a7a41abf86a458585ff2b,2,2,162.80,1,1,fc5a0d7a310a7a41abf86a458585ff2b,2.50
fd312b6bf05efac6c3772d5b52205d8a,2,4,118.70,4,4,fd312b6bf05efac6c3772d5b52205d8a,5.00
fedf2c1386e137f296b3bbf3b635e69d,2,5,131.74,5,5,fedf2c1386e137f296b3bbf3b635e69d,3.20
ff314fa6033cc68ec451c47aee2d6ba4,2,2,537.90,2,2,ff314fa6033cc68ec451c47aee2d6ba4,5.00
ccbd753e6863fe7314dc6c0ca5a074e7,1,1,495.00,1,1,ccbd753e6863fe7314dc6c0ca5a074e7,4.00
cd2169d9f31ff6fbb9ca3373b0c9e354,1,1,569.00,1,1,cd2169d9f31ff6fbb9ca3373b0c9e354,4.00
cd233f8bfa30ebfd651f47ee7d054951,1,1,79.90,1,1,cd233f8bfa30ebfd651f47ee7d054951,5.00
ce33c6211beaa8fef4cae8b52db39862,1,1,49.00,1,1,ce33c6211beaa8fef4cae8b52db39862,3.00
ce3ad9de960102d0677a81f5d0bb7b2d,1,1,158.00,1,1,ce3ad9de960102d0677a81f5d0bb7b2d,5.00
ce4755084bc097113867e6454f8f5e52,1,1,18.90,1,1,ce4755084bc097113867e6454f8f5e52,5.00
ceb7b4fb9401cd378de7886317ad1b47,1,1,399.90,0,0,ceb7b4fb9401cd378de7886317ad1b47,3.00
cecd97bc34ed8330bd4cd15713eda670,1,1,57.99,1,1,cecd97bc34ed8330bd4cd15713eda670,1.00
cf281cf8b7affbdfe751b29cc85580e1,1,1,64.90,0,0,cf281cf8b7affbdfe751b29cc85580e1,1.00
cf6f6bc4df3999b9c6440f124fb2f687,1,1,3.50,0,0,cf6f6bc4df3999b9c6440f124fb2f687,5.00
d180e07dc1e58c31c3f0cd599dc4d945,1,1,58.80,1,1,d180e07dc1e58c31c3f0cd599dc4d945,3.00
d1a1b40ec554c593a1a99366746289dd,1,1,49.70,0,0,d1a1b40ec554c593a1a99366746289dd,2.00
d1a5cc844736958c11b8efab9a2b4c87,1,1,237.60,1,0,d1a5cc844736958c11b8efab9a2b4c87,1.00
d1aa1ec0839dcab73a6161130eb1f94a,1,1,119.90,1,0,d1aa1ec0839dcab73a6161130eb1f94a,4.00
d1e2fe627180431ffda076abb303c56f,1,1,289.00,0,0,d1e2fe627180431ffda076abb303c56f,1.00
d2572f31e9023e9850ef986a636ff9bf,1,1,279.00,1,1,d2572f31e9023e9850ef986a636ff9bf,5.00
d263fa444c1504a75cbca5cc465f592a,1,1,399.00,1,1,d263fa444c1504a75cbca5cc465f592a,5.00
d297f1055de2956aedfd3b04113dce3e,1,1,54.30,1,1,d297f1055de2956aedfd3b04113dce3e,4.00
d36b07fd3c5088e477a72d1fccfe29d4,1,1,328.90,1,1,d36b07fd3c5088e477a72d1fccfe29d4,5.00
d3e7d37c0df9aef383f3f2a15b0dddfb,1,1,161.00,1,1,d3e7d37c0df9aef383f3f2a15b0dddfb,5.00
d4828feed4cda2cd9d6b37899a95a71e,1,1,39.90,1,1,d4828feed4cda2cd9d6b37899a95a71e,2.00
d4d99b60c4c94cd35acd502cec65dc8d,1,1,72.90,1,1,d4d99b60c4c94cd35acd502cec65dc8d,3.00
d4f91e8be86b38da2ee35bc489645a9d,1,1,49.99,1,1,d4f91e8be86b38da2ee35bc489645a9d,5.00
d598f929fc44e1e38678e7f47250ec04,1,1,69.90,1,1,d598f929fc44e1e38678e7f47250ec04,5.00
d63f306de130e0391d38a792541723b8,1,1,49.00,1,1,d63f306de130e0391d38a792541723b8,5.00
d7827b2af99326a03b0ed9c7a24db0d3,1,1,1455.00,1,1,d7827b2af99326a03b0ed9c7a24db0d3,5.00
d7d517afce974cd491b8d52bb5b5b1fc,1,1,89.99,1,1,d7d517afce974cd491b8d52bb5b5b1fc,4.00
d7f1cfc638473be93baedbfd02208016,1,1,30.00,1,1,d7f1cfc638473be93baedbfd02208016,5.00
d85efbc8eff2b7adf524e2820569adc8,1,1,55.00,1,1,d85efbc8eff2b7adf524e2820569adc8,5.00
d8b8f2cf9ff6ba0389072541cb42498c,1,1,149.00,1,1,d8b8f2cf9ff6ba0389072541cb42498c,5.00
d8bf0fc082fd4a77fc2e5679b6c00133,1,1,139.90,1,1,d8bf0fc082fd4a77fc2e5679b6c00133,5.00
d93b8458c6fe139d85cfa5eadbf55bd2,1,1,19.90,1,1,d93b8458c6fe139d85cfa5eadbf55bd2,5.00
d9b00a97818674c7f8d8b1ef0e689679,1,1,69.90,1,1,d9b00a97818674c7f8d8b1ef0e689679,3.00
d9c349beabc06aa6ff1c6d68b5e9e22e,1,1,168.10,1,1,d9c349beabc06aa6ff1c6d68b5e9e22e,5.00
da2782c804606d2a5d8e1760dbb3e7ec,1,1,89.00,1,0,da2782c804606d2a5d8e1760dbb3e7ec,1.00
da3fede3469bf49b7293ce3fc45b294d,1,1,44.90,1,1,da3fede3469bf49b7293ce3fc45b294d,5.00
da4d149c0ddbac90557103ac0a0ec356,1,1,730.00,0,0,da4d149c0ddbac90557103ac0a0ec356,3.00
dadc51ef321949ec9a3ab25cd902e23d,1,1,85.00,0,0,dadc51ef321949ec9a3ab25cd902e23d,1.00
db6a4d4b5f1f5f98820ce6ce2619e2de,1,1,135.99,1,1,db6a4d4b5f1f5f98820ce6ce2619e2de,5.00
db7ed69a53aa9fb1c01930ba54a88bbe,1,1,109.00,1,1,db7ed69a53aa9fb1c01930ba54a88bbe,5.00
dbc51f5e45d654ecc16cb68e6817ecea,1,1,199.99,1,1,dbc51f5e45d654ecc16cb68e6817ecea,4.00
dc120d932ddf9d4dfb6fd68beefda622,1,1,130.00,1,1,dc120d932ddf9d4dfb6fd68beefda622,1.00
dcb7367a92f5ffb89f1e2152ed260285,1,1,79.90,1,1,dcb7367a92f5ffb89f1e2152ed260285,5.00
dd264199fc8b687ad029de7de6d760e6,1,1,87.90,1,1,dd264199fc8b687ad029de7de6d760e6,5.00
dd5450b022b2d00a2145a66331e1aef6,1,1,59.00,1,1,dd5450b022b2d00a2145a66331e1aef6,5.00
dd88d13bea9e4c2bf47daf224f8141e5,1,1,458.00,1,1,dd88d13bea9e4c2bf47daf224f8141e5,5.00
dd9661d3cda1e6feb237f0c4d8b26f2e,1,1,174.00,1,1,dd9661d3cda1e6feb237f0c4d8b26f2e,5.00
dda37071807e404c5bb2a1590c66326f,1,1,199.99,1,1,dda37071807e404c5bb2a1590c66326f,5.00
dde698c6d0bd24834c586e5111c2bba7,1,1,155.90,1,1,dde698c6d0bd24834c586e5111c2bba7,5.00
deaadd805612bf94faaa9fa702516e11,1,1,50.00,0,0,deaadd805612bf94faaa9fa702516e11,1.00
df683dfda87bf71ac3fc63063fba369d,1,1,39.90,1,0,df683dfda87bf71ac3fc63063fba369d,1.00
e00d85ce20ea50c1224c66ca5050527d,1,1,149.00,1,1,e00d85ce20ea50c1224c66ca5050527d,4.00
e0482f2c769468c3bbcd8a01e09d98c5,1,1,189.00,1,1,e0482f2c769468c3bbcd8a01e09d98c5,4.00
e0b162a693bc7f9eab00f783a31d60ea,1,1,20.00,1,1,e0b162a693bc7f9eab00f783a31d60ea,5.00
e116c7455dd26a4d8c3e92532583905f,1,2,36.76,0,0,e116c7455dd26a4d8c3e92532583905f,4.00
e174dc2de86d60fee178170a154c05e7,1,1,19.80,0,0,e174dc2de86d60fee178170a154c05e7,1.00
e1a210d482714ce337763a19aef94ba4,1,1,49.90,0,0,e1a210d482714ce337763a19aef94ba4,1.00
e1bed63d68ac36fe1f3061befe196af5,1,1,199.00,1,1,e1bed63d68ac36fe1f3061befe196af5,5.00
e1c76f339ebd5460999f25a2aa8c92c5,1,1,899.90,1,1,e1c76f339ebd5460999f25a2aa8c92c5,5.00
e433f5fd4050e3352b5d83522b7fe24b,1,1,548.06,1,1,e433f5fd4050e3352b5d83522b7fe24b,4.00
e46bc031f2c5bae4ccb40bb90712e9b4,1,1,277.30,0,0,e46bc031f2c5bae4ccb40bb90712e9b4,1.00
e5545d4d4473876ea78c5bcebca365c3,1,1,44.50,1,1,e5545d4d4473876ea78c5bcebca365c3,5.00
e595809a6c31ec4314fd06ef198c244d,1,1,39.00,1,1,e595809a6c31ec4314fd06ef198c244d,5.00
e59e575a175fadcadf8479e191770425,1,1,199.90,1,1,e59e575a175fadcadf8479e191770425,5.00
e5def42655b7490edac5a56fe8e9e603,1,1,129.90,1,1,e5def42655b7490edac5a56fe8e9e603,5.00
e628d4a53c109f09ca88098338b3a3f5,1,1,285.00,0,0,e628d4a53c109f09ca88098338b3a3f5,1.00
e64882b4ef12aee8d0faca4db5b681f4,1,2,230.00,2,2,e64882b4ef12aee8d0faca4db5b681f4,4.00
e64ddbe1cbcf4f2fc3092b7c481f3f9d,1,1,20.90,1,1,e64ddbe1cbcf4f2fc3092b7c481f3f9d,5.00
e6ffc9ac6a7adc9d16a1cfc2286dd546,1,1,34.99,0,0,e6ffc9ac6a7adc9d16a1cfc2286dd546,1.00
e72b4feb7abe210c52aa667abc25a3a2,1,2,38.20,2,2,e72b4feb7abe210c52aa667abc25a3a2,5.00
e732329483fd5f27367dd997b47f598a,1,1,109.90,1,1,e732329483fd5f27367dd997b47f598a,5.00
e76ecc7e9a1a1e3c6df9d2a8261c423d,1,1,20.00,1,1,e76ecc7e9a1a1e3c6df9d2a8261c423d,5.00
e8ff5a6ceb895583033fc2a0f314e3c2,1,1,139.89,1,1,e8ff5a6ceb895583033fc2a0f314e3c2,5.00
e908c0f3646e8b60375734a350d95d71,1,1,2951.00,1,1,e908c0f3646e8b60375734a350d95d71,4.00
e9874ae10b2d60d43917b6bbfa13a599,1,1,199.00,1,1,e9874ae10b2d60d43917b6bbfa13a599,5.00
e9b6c33b71b67737693b4cfa68341c8d,1,1,119.90,1,1,e9b6c33b71b67737693b4cfa68341c8d,4.00
eaaa46e98c9e61f6764dd1d7a2ab8b3e,1,1,98.00,1,1,eaaa46e98c9e61f6764dd1d7a2ab8b3e,5.00
eae9af4811c294c56795d70e715b7337,1,1,15.90,1,1,eae9af4811c294c56795d70e715b7337,5.00
eb1bf309f4f6af9a97e9ddac3fdbeabe,1,1,22.30,1,1,eb1bf309f4f6af9a97e9ddac3fdbeabe,5.00
eb9267cccc90f1b49c8d2f9887c7dd97,1,1,319.90,1,1,eb9267cccc90f1b49c8d2f9887c7dd97,5.00
ebd1417732defaf66c50b5a800eb293e,1,1,309.00,1,1,ebd1417732defaf66c50b5a800eb293e,5.00
ebe3dabc4955c9b0d695e7bda38bf5c3,1,1,55.00,1,0,ebe3dabc4955c9b0d695e7bda38bf5c3,3.00
edb58a1390adf273840030a3d6253829,1,1,39.90,1,1,edb58a1390adf273840030a3d6253829,5.00
edb65fe661681b1c0de8bd47c8655855,1,1,69.00,1,1,edb65fe661681b1c0de8bd47c8655855,3.00
ede2977fbaf3738583170735ca403f6c,1,1,289.90,1,1,ede2977fbaf3738583170735ca403f6c,5.00
edf3fabebcc20f7463cc9c53da932ea8,1,1,219.90,1,0,edf3fabebcc20f7463cc9c53da932ea8,4.00
ee27a8f15b1dded4d213a468ba4eb391,1,1,6499.00,1,1,ee27a8f15b1dded4d213a468ba4eb391,5.00
efb628aa07c8ca93d7db0d85b91a4f5a,1,1,204.00,1,0,efb628aa07c8ca93d7db0d85b91a4f5a,4.00
f00f5b35d0abcacbdd863672f4bb2c1a,1,1,299.00,1,1,f00f5b35d0abcacbdd863672f4bb2c1a,4.00
f0563bacf40c311f1c4d3d6b67b8a7a7,1,1,1199.00,0,0,f0563bacf40c311f1c4d3d6b67b8a7a7,1.00
f09b760d23495ac9a7e00d29b769007c,1,1,21.90,1,1,f09b760d23495ac9a7e00d29b769007c,4.00
f09e26011d833ddab11593c1a097a92a,1,1,79.90,0,0,f09e26011d833ddab11593c1a097a92a,1.00
f0ec6a2adb05c62655a26dd347b8dede,1,2,72.00,0,0,f0ec6a2adb05c62655a26dd347b8dede,1.00
f114dca2828bf718548db175ebe2cfcd,1,1,139.00,1,1,f114dca2828bf718548db175ebe2cfcd,1.00
f1fdf2d13186575751aa25876536d85c,1,1,26.30,1,1,f1fdf2d13186575751aa25876536d85c,5.00
f26d70155c2b6326fcfa1780c8c684e4,1,1,202.89,1,1,f26d70155c2b6326fcfa1780c8c684e4,5.00
f3041c2e75ec683697a6a5ea82192210,1,1,145.00,1,1,f3041c2e75ec683697a6a5ea82192210,5.00
f3055483058c84d75ca2a3314fb4deef,1,1,67.50,0,0,f3055483058c84d75ca2a3314fb4deef,1.00
f307937c1bb287c3efc2a514b94b0d1d,1,1,189.99,1,1,f307937c1bb287c3efc2a514b94b0d1d,5.00
f3511c85f59f8dec53d140501ee8e7a8,1,1,69.90,1,1,f3511c85f59f8dec53d140501ee8e7a8,5.00
f3862c2188522d89860c38a3ea8b550d,1,1,15.50,1,1,f3862c2188522d89860c38a3ea8b550d,5.00
f43827dd686be3a4a80e00aa299990fb,1,2,95.54,2,2,f43827dd686be3a4a80e00aa299990fb,2.00
f524ad65d7e0f1daab730ef2d2e86196,1,2,578.00,2,0,f524ad65d7e0f1daab730ef2d2e86196,1.00
f5b84683a9bf9e1df748cf40f601b39c,1,1,83.90,1,1,f5b84683a9bf9e1df748cf40f601b39c,5.00
f7c31656c19db6275a8acadca289f426,1,1,61.56,1,1,f7c31656c19db6275a8acadca289f426,3.00
f8f35af4634605e6693c17cc3ffff5a8,1,1,90.00,1,1,f8f35af4634605e6693c17cc3ffff5a8,5.00
f90f77ef2799a27f80d90c425ca944f7,1,1,70.00,1,1,f90f77ef2799a27f80d90c425ca944f7,5.00
f9a02f1922d1de564392e656d82b3fda,1,1,125.90,0,0,f9a02f1922d1de564392e656d82b3fda,4.00
f9eda05b67bef472deaddbba84aca289,1,1,185.00,0,0,f9eda05b67bef472deaddbba84aca289,1.00
fa18c782a4866d313cadab567097f8f1,1,1,58.99,0,0,fa18c782a4866d313cadab567097f8f1,1.00
fa5fdc4e4bb6bd1009ad0e4ac4096562,1,1,161.99,1,1,fa5fdc4e4bb6bd1009ad0e4ac4096562,5.00
fa7ad8ae9bcb2c4493fdf38e96b1d74f,1,2,88.00,0,0,fa7ad8ae9bcb2c4493fdf38e96b1d74f,1.00
fa8d335d68129e464e60c1826a683e96,1,1,139.90,1,1,fa8d335d68129e464e60c1826a683e96,4.00
fb503a924a0b9db19d83dd0ac6dbef8c,1,1,13.90,1,1,fb503a924a0b9db19d83dd0ac6dbef8c,5.00
fc0b214b59a83615fea981c6424a02ae,1,1,159.90,1,1,fc0b214b59a83615fea981c6424a02ae,5.00
fc4751cfe3b279c419615b9b00c1abb4,1,1,453.70,1,1,fc4751cfe3b279c419615b9b00c1abb4,5.00
fc6295add6f51a0936407ead70c1001d,1,4,160.00,4,4,fc6295add6f51a0936407ead70c1001d,1.00
fc99f99385ae90f66f01733856fb88c9,1,1,89.90,0,0,fc99f99385ae90f66f01733856fb88c9,1.00
fd435faa3c0422b60440ea3480d0e77c,1,1,749.00,1,1,fd435faa3c0422b60440ea3480d0e77c,5.00
fdf736c18c589ed030e058312203e1b2,1,1,30.00,1,1,fdf736c18c589ed030e058312203e1b2,5.00
fe19dce63ae80346207c6c55713d1023,1,1,49.90,1,1,fe19dce63ae80346207c6c55713d1023,5.00
fe9d9cf8631285d5982c6e2cf27fb114,1,1,69.90,1,1,fe9d9cf8631285d5982c6e2cf27fb114,4.00
feb793c88d836c3a75efa4b5a3465d70,1,1,466.00,1,1,feb793c88d836c3a75efa4b5a3465d70,5.00
fec6912baad85d41729669edd6b4d3b8,1,1,210.00,0,0,fec6912baad85d41729669edd6b4d3b8,1.00
fedaedd3ca31d56ab33e92035e4b361c,1,1,39.90,1,1,fedaedd3ca31d56ab33e92035e4b361c,4.00
ffcfefa19b08742c5d315f2791395ee5,1,1,69.90,0,0,ffcfefa19b08742c5d315f2791395ee5,1.00
001e6ad469a905060d959994f1b41e4f,1,1,250.00,0,0,001e6ad469a905060d959994f1b41e4f,1.00
003554e2dce176b5555353e4f3555ac8,1,1,120.00,1,1,003554e2dce176b5555353e4f3555ac8,5.00
00ab3eff1b5192e5f1a63bcecfee11c8,1,1,98.00,1,1,00ab3eff1b5192e5f1a63bcecfee11c8,5.00
00d8b143d12632bad99c0ad66ad52825,1,1,86.00,1,1,00d8b143d12632bad99c0ad66ad52825,5.00
010da0602d7774602cd1b3f5fb7b709e,1,5,849.50,5,5,010da0602d7774602cd1b3f5fb7b709e,1.00
011b0eaba87386a2ae96a7d32bb531d1,1,2,99.98,2,2,011b0eaba87386a2ae96a7d32bb531d1,4.00
028872bfa080090a9d0abd4f1af168f8,1,3,70.50,3,3,028872bfa080090a9d0abd4f1af168f8,5.00
0336182e1b3e92f029d5354832045fdf,1,2,29.80,2,2,0336182e1b3e92f029d5354832045fdf,2.00
04843805947f0fc584fc1969b6e50fe7,1,2,1400.00,2,0,04843805947f0fc584fc1969b6e50fe7,5.00
04ee0ec01589969663ba5967c0e0bdc0,1,1,289.49,1,1,04ee0ec01589969663ba5967c0e0bdc0,5.00
05a48cc8859962767935ab9087417fbb,1,1,42.90,1,1,05a48cc8859962767935ab9087417fbb,5.00
05ca864204d09595ae591b93ea9cf93d,1,1,179.90,1,0,05ca864204d09595ae591b93ea9cf93d,5.00
07a9bc7f61396b658ddf3ac534efe44c,1,1,119.90,1,1,07a9bc7f61396b658ddf3ac534efe44c,3.50
08d1c9478fb0d7d7fcac9c0da4e82fc7,1,1,538.00,1,1,08d1c9478fb0d7d7fcac9c0da4e82fc7,5.00
0936e1837d0c79253456bbb2ffaaef10,1,2,38.90,2,2,0936e1837d0c79253456bbb2ffaaef10,5.00
0a198e95d32b1be2da9424c962a6ebfa,1,1,69.99,1,1,0a198e95d32b1be2da9424c962a6ebfa,5.00
0af2ab31141893d26aca5a404a537dab,1,1,59.00,1,1,0af2ab31141893d26aca5a404a537dab,5.00
0b09101900100c0e9d312861fad5a1b9,1,1,153.75,1,1,0b09101900100c0e9d312861fad5a1b9,4.00
0b1ca3ef18a63d7eb0c8897fa0849c08,1,1,55.00,1,1,0b1ca3ef18a63d7eb0c8897fa0849c08,5.00
0b36063d5818f81ccb94b54adfaebbf5,1,15,765.00,15,15,0b36063d5818f81ccb94b54adfaebbf5,5.00
0b46f784306be7200ca1700aa55d819f,1,1,19.90,1,1,0b46f784306be7200ca1700aa55d819f,5.00
0bb27263628258b8111a0262769fa9db,1,1,22.20,1,1,0bb27263628258b8111a0262769fa9db,5.00
0ee4fb99ac55ffbbc98795aa01b7f8fa,1,1,59.90,1,1,0ee4fb99ac55ffbbc98795aa01b7f8fa,5.00
0f519b0d2e5eb2227c93dd25038bfc01,1,1,79.90,1,1,0f519b0d2e5eb2227c93dd25038bfc01,5.00
0f80a40c312b2472dca482cf50f5186f,1,1,129.90,1,1,0f80a40c312b2472dca482cf50f5186f,3.00
0f94588695d71662beec8d883ffacf09,1,1,9.00,1,1,0f94588695d71662beec8d883ffacf09,5.00
101921376b577a4540dc30e9009133ca,1,1,373.00,0,0,101921376b577a4540dc30e9009133ca,2.00
134b867a0f7f8bbe6abf10f91874891e,1,1,789.89,1,1,134b867a0f7f8bbe6abf10f91874891e,4.00
139157dd4daa45c25b0807ffff348363,1,1,29.90,1,1,139157dd4daa45c25b0807ffff348363,4.00
13d95f0f6f73943d4ceffad0fc2cd32c,1,1,249.99,1,0,13d95f0f6f73943d4ceffad0fc2cd32c,3.00
13e85aac53340018b40c2af68001b7e0,1,1,17.80,1,1,13e85aac53340018b40c2af68001b7e0,5.00
1444c08e64d55fb3c25f0f09c07ffcf2,1,1,2749.00,1,1,1444c08e64d55fb3c25f0f09c07ffcf2,1.00
154bdf805377afea75a3bd158e9eab10,1,1,89.90,1,0,154bdf805377afea75a3bd158e9eab10,1.00
15ac3c501e2599e4917316fde5c5669a,1,1,144.20,0,0,15ac3c501e2599e4917316fde5c5669a,1.00
15aec03fe4cf30dfa574cf550f5ff5ff,1,1,28.90,0,0,15aec03fe4cf30dfa574cf550f5ff5ff,1.00
164a5a8794e6d42e14f55e447b12a3bc,1,1,73.99,1,1,164a5a8794e6d42e14f55e447b12a3bc,5.00
16bdc8cefd0e32a6f0824d296c5ad14a,1,1,41.76,1,1,16bdc8cefd0e32a6f0824d296c5ad14a,5.00
1703bc09972dab9782e7a9194943b69f,1,1,249.90,1,1,1703bc09972dab9782e7a9194943b69f,5.00
1746c1ae87ac63d530c7c943d0ac42e2,1,1,229.90,1,1,1746c1ae87ac63d530c7c943d0ac42e2,5.00
17adeba047385fb0c67d8e90b4296d21,1,3,809.70,0,0,17adeba047385fb0c67d8e90b4296d21,1.00
1927cdb9fa74f5270097f6250e8e8f34,1,1,120.00,1,1,1927cdb9fa74f5270097f6250e8e8f34,5.00
19484c79cef6c062cb177aa4ef2fcc3c,1,1,201.90,1,0,19484c79cef6c062cb177aa4ef2fcc3c,1.00
1992f8fb6b19fcccd97ca819811e7267,1,1,28.80,0,0,1992f8fb6b19fcccd97ca819811e7267,1.00
19a7c9f66ffa6452ff4b4c0cca71da27,1,1,279.00,1,1,19a7c9f66ffa6452ff4b4c0cca71da27,5.00
19d62d484cba71963c93f0f00ab42013,1,1,139.90,1,1,19d62d484cba71963c93f0f00ab42013,4.00
1a6245add4353f18ed55138808906979,1,1,30.00,0,0,1a6245add4353f18ed55138808906979,3.00
1a8e2d9c38b84a9702ac7922924b0573,1,1,80.00,1,1,1a8e2d9c38b84a9702ac7922924b0573,5.00
1b4b28463457a256e9a784ebe2a8f630,1,1,699.42,1,0,1b4b28463457a256e9a784ebe2a8f630,1.00
1b61fb1f0f2185d89e9a126c498e9cc7,1,1,49.70,1,1,1b61fb1f0f2185d89e9a126c498e9cc7,5.00
1c742ac33582852aaf3bcfbf5893abcf,1,1,97.90,1,1,1c742ac33582852aaf3bcfbf5893abcf,5.00
1c83418358f249c9d6affa52d579db0e,1,1,24.90,1,1,1c83418358f249c9d6affa52d579db0e,5.00
1cbcd2ee0afb3fc09963b87eb65e7e4f,1,3,90.00,3,3,1cbcd2ee0afb3fc09963b87eb65e7e4f,5.00
1d953075c2f0dd990bacf27b83b330f1,1,1,59.00,1,1,1d953075c2f0dd990bacf27b83b330f1,5.00
1e47d8b6546eb3a77b1acddcc9406242,1,1,149.90,1,1,1e47d8b6546eb3a77b1acddcc9406242,1.00
1f2eebc0e970fd3c463e4f5d9652687a,1,1,44.99,1,0,1f2eebc0e970fd3c463e4f5d9652687a,5.00
1f7dfad2cb384ea4d2d7e1ffbd78c407,1,1,49.00,1,1,1f7dfad2cb384ea4d2d7e1ffbd78c407,1.00
1fa2d3def6adfa70e58c276bb64fe5bb,1,1,6.90,1,1,1fa2d3def6adfa70e58c276bb64fe5bb,1.00
1fddcb7b326905d3ad5efe82187db347,1,1,92.00,0,0,1fddcb7b326905d3ad5efe82187db347,1.00
1fe61aa5494bd3ae92a2c13e067c810f,1,2,537.76,2,2,1fe61aa5494bd3ae92a2c13e067c810f,4.00
2039c5e51785b5dde7cf93ccb3b7be2c,1,1,159.90,1,1,2039c5e51785b5dde7cf93ccb3b7be2c,5.00
204b4e07bddef3c9b317f70189135b22,1,1,73.40,1,1,204b4e07bddef3c9b317f70189135b22,5.00
2078fe5066350e7d220c0ad3a3bbc6c1,1,1,29.90,0,0,2078fe5066350e7d220c0ad3a3bbc6c1,2.00
20f0aeea30bc3b8c4420be8ced4226c0,1,1,14.90,1,0,NULL,NULL
20fd2d2080ed85fa67fad3fcbb2c1813,1,1,85.90,0,0,20fd2d2080ed85fa67fad3fcbb2c1813,1.00
2235cf78d3e2073a88146a9cb60f0dd0,1,1,178.99,1,1,2235cf78d3e2073a88146a9cb60f0dd0,5.00
22a23e5ac7061fc538cc2a019afaaf16,1,1,95.00,1,1,22a23e5ac7061fc538cc2a019afaaf16,3.00
247587846358bb1d2e4c6522020b36fe,1,1,99.00,1,1,247587846358bb1d2e4c6522020b36fe,5.00
24c1de8d9551c0b4fbc53317d53efda8,1,1,355.00,1,1,24c1de8d9551c0b4fbc53317d53efda8,5.00
258447aad3f7b01e2643c89f64dc5647,1,1,51.90,1,1,258447aad3f7b01e2643c89f64dc5647,5.00
265fdc289dffa9f1ad801c74f7d0de47,1,1,495.00,1,1,265fdc289dffa9f1ad801c74f7d0de47,5.00
26e2e5033827d2ba53929f43e03d8ffe,1,1,139.49,1,1,26e2e5033827d2ba53929f43e03d8ffe,5.00
270572bb714b00531be85e16e1550f26,1,1,96.99,1,1,270572bb714b00531be85e16e1550f26,5.00
271b8923c6a549e02d3c9fd1f8c0422b,1,1,105.19,1,0,271b8923c6a549e02d3c9fd1f8c0422b,4.00
278b6e0b20c4f61fefaa0577943d7a35,1,2,1078.00,0,0,278b6e0b20c4f61fefaa0577943d7a35,1.00
28872dc528e978a639754bc8c2ce5a4c,1,1,1009.90,1,1,28872dc528e978a639754bc8c2ce5a4c,5.00
28a26ebce31d5918b181ede016fd693b,1,1,29.90,1,1,28a26ebce31d5918b181ede016fd693b,5.00
28d162ab86bb49d719c32f0ee6186eaa,1,1,109.99,1,1,28d162ab86bb49d719c32f0ee6186eaa,4.00
29c322e3f09f886f8bacbe91dfbd979e,1,2,48.98,2,2,29c322e3f09f886f8bacbe91dfbd979e,5.00
2a50b7ee5aebecc6fd0ff9784a4747d6,1,2,199.80,2,0,2a50b7ee5aebecc6fd0ff9784a4747d6,1.00
2a73cba571d90c694b7caca072ccf6ce,1,2,342.78,2,0,2a73cba571d90c694b7caca072ccf6ce,5.00
2b402d5dc42554061f8ea98d1916f148,1,1,299.89,1,1,2b402d5dc42554061f8ea98d1916f148,5.00
2bdb95a56a36ebbc6640337ac5eac174,1,1,89.90,1,1,2bdb95a56a36ebbc6640337ac5eac174,5.00
2c00c85d30361cd2ced2969cffbbffa3,1,1,49.80,1,1,2c00c85d30361cd2ced2969cffbbffa3,5.00
2c2c9832d1bb38c5b0034a3b47d313ee,1,1,49.90,1,1,2c2c9832d1bb38c5b0034a3b47d313ee,3.00
2c538755f1ca9540af144f266e70df6c,1,1,334.99,1,1,2c538755f1ca9540af144f266e70df6c,5.00
2c9005d8043aff18b8557ffb7b13cda4,1,1,109.90,1,1,2c9005d8043aff18b8557ffb7b13cda4,5.00
2cb98e27ce1c18abdb42209b34c382a7,1,1,62.49,1,1,2cb98e27ce1c18abdb42209b34c382a7,4.00
2d20f1cd18725c91147da0791d498022,1,1,99.80,1,1,2d20f1cd18725c91147da0791d498022,5.00
2d34636518ba88f5349b732fcf8ba2e4,1,1,150.00,1,1,2d34636518ba88f5349b732fcf8ba2e4,5.00
2d8cfba3fcd3170555941605edaa196a,1,1,45.00,1,1,2d8cfba3fcd3170555941605edaa196a,5.00
2e2f44824ab87a0cb961f68bf4073e7f,1,1,48.00,1,1,2e2f44824ab87a0cb961f68bf4073e7f,2.00
2ef086a599b597572aca4433b7ed6b3d,1,1,49.00,1,1,2ef086a599b597572aca4433b7ed6b3d,5.00
2f1e7b90e01d9f086cbcb301c0c3d406,1,1,59.00,1,1,2f1e7b90e01d9f086cbcb301c0c3d406,5.00
2f3d8b4c9e2ee165075331fea3f3095a,1,1,130.00,1,1,2f3d8b4c9e2ee165075331fea3f3095a,5.00
31e60bf8d103ce47932a85f5562deb16,1,1,181.00,1,1,31e60bf8d103ce47932a85f5562deb16,5.00
3289d8c3eef4873f91ce0b1343c0dd58,1,1,199.99,1,1,3289d8c3eef4873f91ce0b1343c0dd58,5.00
3296662b1331dea51e744505065ae889,1,1,517.80,1,1,3296662b1331dea51e744505065ae889,5.00
32e5635e63cb374eb63afdd242fb6134,1,1,910.00,1,1,32e5635e63cb374eb63afdd242fb6134,5.00
32f83ffe11cd40f7adcf4eef171f52d9,1,1,29.99,1,1,32f83ffe11cd40f7adcf4eef171f52d9,5.00
3338e7a0710a195872be80e0d2423867,1,1,45.00,0,0,3338e7a0710a195872be80e0d2423867,1.00
33fd411ed63a7c2f9005e3f065d9f85d,1,1,24.90,1,1,33fd411ed63a7c2f9005e3f065d9f85d,4.00
3442033154be05bac582e173ef54fd12,1,1,161.00,1,1,3442033154be05bac582e173ef54fd12,5.00
344223b2a90784f64136a8a5da012e7f,1,1,10.90,1,0,344223b2a90784f64136a8a5da012e7f,2.00
34675b28b826facfde119785bf287dc1,1,1,21.99,1,1,34675b28b826facfde119785bf287dc1,4.00
34aefe746cd81b7f3b23253ea28bef39,1,1,8.00,0,0,34aefe746cd81b7f3b23253ea28bef39,1.00
35281d148dcf7134bae913c57db4e6da,1,1,119.99,1,1,35281d148dcf7134bae913c57db4e6da,5.00
376d67b61dce0c990155286e7ae486a4,1,1,94.00,1,1,376d67b61dce0c990155286e7ae486a4,4.00
377bc18334c78dd2f1535ef22a3ad225,1,1,135.98,1,1,377bc18334c78dd2f1535ef22a3ad225,5.00
37ceb404da208418c9032f0674e57804,1,3,204.93,0,0,37ceb404da208418c9032f0674e57804,1.00
3820c6537b3853be1a0687d5a60807ec,1,1,25.00,0,0,NULL,NULL
389e45560e33d2d0747f949dcddbc08e,1,1,39.00,1,1,389e45560e33d2d0747f949dcddbc08e,5.00
38f276ca6e7cc95a6d1bb55ac9e5550f,1,1,24.99,1,1,38f276ca6e7cc95a6d1bb55ac9e5550f,5.00
3986c0b54f6b748b75e7bd4e092aa3e5,1,1,24.99,1,1,3986c0b54f6b748b75e7bd4e092aa3e5,5.00
398cb257329ef7af7f1943a8974a3cbc,1,1,145.90,1,1,398cb257329ef7af7f1943a8974a3cbc,5.00
3a3c180dd702a725bd0ba4117689239e,1,1,41.90,1,1,3a3c180dd702a725bd0ba4117689239e,4.00
3a52d63a8f9daf5a28f3626d7eb9bd28,1,1,35.00,1,1,3a52d63a8f9daf5a28f3626d7eb9bd28,1.00
3a79f35a2344ede41af21267f61d5ec6,1,1,186.00,1,1,3a79f35a2344ede41af21267f61d5ec6,1.00
3aa3c89ae3cd482385568be76120f63c,1,1,29.90,1,1,3aa3c89ae3cd482385568be76120f63c,4.00
3ac588cd562971392504a9e17130c40b,1,1,11.90,1,1,3ac588cd562971392504a9e17130c40b,5.00
3b18f9856c6eb2413eafedb58e9eecd9,1,1,315.00,1,1,3b18f9856c6eb2413eafedb58e9eecd9,5.00
3bfad056cf05c00dabe2f895925d83b1,1,5,206.65,0,0,3bfad056cf05c00dabe2f895925d83b1,1.00
3c88ed2e76a2247933a15daa7161eb1c,1,1,155.00,1,1,3c88ed2e76a2247933a15daa7161eb1c,5.00
3d2400ac620cffa23ac81bd192f7f555,1,1,105.00,1,1,3d2400ac620cffa23ac81bd192f7f555,5.00
3da38366e7bd9baf6369071f782ecdf0,1,1,59.47,1,0,3da38366e7bd9baf6369071f782ecdf0,1.00
3ded4e2d5f135cb103e5949d7263d2dd,1,1,49.90,1,1,3ded4e2d5f135cb103e5949d7263d2dd,5.00
3e35a8bb43569389d3cebef0ce820f69,1,2,55.80,2,2,3e35a8bb43569389d3cebef0ce820f69,5.00
3e46a38ee171c503c3b4a3f23fe3bf0c,1,1,59.90,1,1,3e46a38ee171c503c3b4a3f23fe3bf0c,5.00
3e51f9cbe317bc3a88f2c76583811ee4,1,1,76.09,1,1,3e51f9cbe317bc3a88f2c76583811ee4,5.00
3ea08c48e851106d2f584349daba335f,1,1,170.00,1,1,3ea08c48e851106d2f584349daba335f,4.00
3f8247d0f772ffa58560e5c682521ad5,1,1,139.90,0,0,3f8247d0f772ffa58560e5c682521ad5,3.00
3fefda3299e6dfaea3466ef346a3571a,1,1,209.00,1,1,3fefda3299e6dfaea3466ef346a3571a,4.00
4003520d80d0bad1d5623f7aa3c63cda,1,1,70.00,1,1,4003520d80d0bad1d5623f7aa3c63cda,1.00
400f221ab83037c0ea78f1267da9624d,1,1,865.00,0,0,NULL,NULL
4125d9385a25e82d2f72d3a0fd55bc3f,1,1,42.90,1,1,4125d9385a25e82d2f72d3a0fd55bc3f,5.00
417a1e6c7321084d2a0ae0d023cfad93,1,1,48.90,1,1,417a1e6c7321084d2a0ae0d023cfad93,5.00
41958cbd3335433c8740300e8cd600d5,1,1,32.99,1,1,41958cbd3335433c8740300e8cd600d5,5.00
422be4cc81a457fdb46f47edeb968ae5,1,1,239.90,1,1,422be4cc81a457fdb46f47edeb968ae5,5.00
42d4b7e70819438f5ada61c965e92d7e,1,3,49.60,3,3,42d4b7e70819438f5ada61c965e92d7e,1.00
436bf27f2f18474fc6047702e9f8a866,1,1,29.90,1,1,436bf27f2f18474fc6047702e9f8a866,5.00
43753b27d77860f1654aa72e251a7878,1,1,23.90,1,1,43753b27d77860f1654aa72e251a7878,5.00
43a1d4bab73b816e44ef4e4facd9f9b5,1,1,189.90,1,1,43a1d4bab73b816e44ef4e4facd9f9b5,4.00
43a5d4a57af536fddc96d08be3afdfcb,1,1,75.00,1,1,43a5d4a57af536fddc96d08be3afdfcb,1.00
443d880f15cbd3572885e1d44bf2c478,1,2,94.80,2,2,443d880f15cbd3572885e1d44bf2c478,2.00
4450bd8327d471c4a11a83d1445b1b62,1,1,199.00,1,1,4450bd8327d471c4a11a83d1445b1b62,5.00
447d377bdb757058acb569025ee18a93,1,1,64.99,1,1,447d377bdb757058acb569025ee18a93,5.00
455befea1bb853c75ccbca94cff26e5c,1,1,19.99,1,1,455befea1bb853c75ccbca94cff26e5c,3.00
45a3d05fb00435e52a28859dd03703b3,1,1,1299.00,1,1,45a3d05fb00435e52a28859dd03703b3,5.00
466222e777149751370e7e98fb623b0c,1,1,87.90,1,1,466222e777149751370e7e98fb623b0c,5.00
48328ec9a579151d9cc6a86d4a59336c,1,1,1099.00,1,1,48328ec9a579151d9cc6a86d4a59336c,2.00
483ca627d131e18f988349b1655c0acd,1,1,264.00,1,1,483ca627d131e18f988349b1655c0acd,5.00
4867209cb29b56b92893d7bde3ce8012,1,1,150.00,1,1,4867209cb29b56b92893d7bde3ce8012,4.00
48e5ee06fb2dc74df1c711a9b6dfac2a,1,3,57.00,3,3,48e5ee06fb2dc74df1c711a9b6dfac2a,5.00
4965a7002cca77301c82d3f91b82e1a9,1,1,8.49,1,1,4965a7002cca77301c82d3f91b82e1a9,5.00
497709c2976a8fa308730a2dec5b0726,1,2,76.00,2,2,497709c2976a8fa308730a2dec5b0726,5.00
499185655c29ecfdbfe776ef7cf875b5,1,1,89.00,1,1,499185655c29ecfdbfe776ef7cf875b5,4.00
49f8d2ea7b718d0ce587d34207caf2b4,1,1,149.90,1,1,49f8d2ea7b718d0ce587d34207caf2b4,5.00
4a5b36211b1f51bf7eaa5c10a57fa483,1,1,139.19,1,1,4a5b36211b1f51bf7eaa5c10a57fa483,5.00
4aba6a02a788d3ec81c03137144d9a80,1,1,89.90,1,1,4aba6a02a788d3ec81c03137144d9a80,5.00
4b90495391ac0bd181a80a459df1e718,1,1,248.00,1,1,4b90495391ac0bd181a80a459df1e718,4.00
4bc3d93e4a5f88a598d3d8ce4ae510b3,1,1,169.00,0,0,4bc3d93e4a5f88a598d3d8ce4ae510b3,1.00
4be2e7f96b4fd749d52dff41f80e39dd,1,1,267.00,0,0,4be2e7f96b4fd749d52dff41f80e39dd,1.00
4be9ae93c4fc0f41713d71a4194ee1b3,1,1,109.90,1,1,4be9ae93c4fc0f41713d71a4194ee1b3,5.00
4cc43a222a0f94910728b62b97a8c5f8,1,1,108.50,1,1,4cc43a222a0f94910728b62b97a8c5f8,3.00
4cc4fd4fdd406a85bbdc1f824b731bd7,1,2,539.98,2,2,4cc4fd4fdd406a85bbdc1f824b731bd7,5.00
4ce6e5f6c52515177e18c1c9361d8677,1,1,226.60,0,0,4ce6e5f6c52515177e18c1c9361d8677,3.00
4d8809767a5bafe22909c77951fb6b41,1,1,50.00,0,0,4d8809767a5bafe22909c77951fb6b41,5.00
4dab98ca6cd6d3df586203cefd28a042,1,1,154.90,1,1,4dab98ca6cd6d3df586203cefd28a042,5.00
4dc2e811a1760953cb7c6a590b498943,1,1,175.00,1,1,4dc2e811a1760953cb7c6a590b498943,5.00
4ddeb3e828550cddc8d45c8bc36ab2d1,1,1,152.00,1,1,4ddeb3e828550cddc8d45c8bc36ab2d1,5.00
4e480be820e37de1444325ff358c9296,1,2,430.30,2,2,4e480be820e37de1444325ff358c9296,5.00
4e92348462c75b6c842b994ce84a0ed4,1,1,69.90,1,1,4e92348462c75b6c842b994ce84a0ed4,5.00
4f40d2ed38d1cc945364a7cd202a82c7,1,1,319.90,0,0,4f40d2ed38d1cc945364a7cd202a82c7,1.00
4fae87d32467e18eb46e4a76a0a0b9ce,1,1,100.90,1,1,4fae87d32467e18eb46e4a76a0a0b9ce,5.00
50a7e551a7b3f8d37cd6e32d8bfbe5ea,1,1,140.00,1,1,50a7e551a7b3f8d37cd6e32d8bfbe5ea,5.00
50bf89f1349bc0409a268c3a49678009,1,1,179.90,1,1,50bf89f1349bc0409a268c3a49678009,5.00
50c361bcf670d16f6df4d52de3dff924,1,1,35.00,0,0,50c361bcf670d16f6df4d52de3dff924,1.00
51a04a8a6bdcb23deccc82b0b80742cf,1,1,167.99,1,0,51a04a8a6bdcb23deccc82b0b80742cf,1.00
51e0557bc7b86de13e946c60ee91ce39,1,1,45.80,1,1,51e0557bc7b86de13e946c60ee91ce39,5.00
5206cc4bc2297c833e6061c49bf9c43f,1,1,35.00,0,0,5206cc4bc2297c833e6061c49bf9c43f,1.00
52831e5990d0771cb4951d6f12928167,1,1,65.00,1,1,52831e5990d0771cb4951d6f12928167,3.00
52b53f7061969fe471d119b6195da864,1,1,90.00,1,1,52b53f7061969fe471d119b6195da864,5.00
52f6f9f13ba19504c02781132a049e75,1,1,199.00,1,1,52f6f9f13ba19504c02781132a049e75,2.00
5305693ffae2d3463377b1f6fe67b15a,1,1,93.56,1,1,5305693ffae2d3463377b1f6fe67b15a,5.00
53336f97ddbe53e2a617d07b17447b95,1,1,599.50,1,1,53336f97ddbe53e2a617d07b17447b95,5.00
535bf14f36346c7f59d87cece104d70c,1,1,50.00,1,0,535bf14f36346c7f59d87cece104d70c,4.00
5415337f1863452476d42d9f14a16a61,1,1,44.90,1,1,5415337f1863452476d42d9f14a16a61,3.00
5444b12c82f21c923f2639ebc722c1ea,1,1,169.90,0,0,5444b12c82f21c923f2639ebc722c1ea,4.00
544863df86ed3b78a04e0820d41430ee,1,1,23.90,1,1,544863df86ed3b78a04e0820d41430ee,5.00
56a8b450e802502ba53a9885ee38e29f,1,1,62.45,0,0,56a8b450e802502ba53a9885ee38e29f,1.00
578460d8319c51dab351cd9db95eadfe,1,1,235.00,0,0,578460d8319c51dab351cd9db95eadfe,3.00
57a834594e1e9e9219603bfec184eadc,1,1,139.00,1,1,57a834594e1e9e9219603bfec184eadc,5.00
585175ec331ea177fa47199e39a6170a,1,1,3549.00,1,1,585175ec331ea177fa47199e39a6170a,5.00
586a871d4f1221763fddb6ceefdeb95e,1,2,198.00,2,0,586a871d4f1221763fddb6ceefdeb95e,1.00
5882f40daf39bc2a465e0cb453ddc222,1,1,640.00,0,0,5882f40daf39bc2a465e0cb453ddc222,2.00
58b98ccb79873e04eac4357cacc590d9,1,1,23.00,0,0,58b98ccb79873e04eac4357cacc590d9,1.00
5996cddab893a4652a15592fb58ab8db,1,1,810.00,1,1,5996cddab893a4652a15592fb58ab8db,5.00
59de1d4c8c057c2a53acd4ca66531af2,1,1,135.00,1,1,59de1d4c8c057c2a53acd4ca66531af2,5.00
5a4236931428800e9d9cc04af0987118,1,3,44.97,3,3,5a4236931428800e9d9cc04af0987118,5.00
5a9b3bcab695173c820e53934574ae80,1,1,139.00,1,1,5a9b3bcab695173c820e53934574ae80,5.00
5aaa890629f83706d8d9bfecd8377c1c,1,1,48.90,0,0,5aaa890629f83706d8d9bfecd8377c1c,1.00
5b92bfa4120daa27c574daa2e386c693,1,1,14.00,1,1,5b92bfa4120daa27c574daa2e386c693,3.00
5bba18b40e8c973b0f32e748004775b0,1,1,739.98,1,1,5bba18b40e8c973b0f32e748004775b0,5.00
5d043cd5512d4bd2f88e5ccdd5736c38,1,1,650.00,1,1,5d043cd5512d4bd2f88e5ccdd5736c38,2.00
5d9f3746e112e696f98ea22c56b3e912,1,1,1322.64,1,1,5d9f3746e112e696f98ea22c56b3e912,5.00
5db42a6cd9bf1bf0d3aab9582767f168,1,1,200.00,1,1,5db42a6cd9bf1bf0d3aab9582767f168,5.00
5dc4bdaf869e8c77c648078cbe8d59c2,1,1,292.99,0,0,5dc4bdaf869e8c77c648078cbe8d59c2,1.00
5e063e85d44b0f5c3e6ec3131103a57e,1,1,22.90,1,1,5e063e85d44b0f5c3e6ec3131103a57e,5.00
5e106d93b717c2682b9383da480364a1,1,1,445.90,1,1,5e106d93b717c2682b9383da480364a1,5.00
5e25c632f9db6cfb8bc100421c2737b6,1,1,259.00,1,1,5e25c632f9db6cfb8bc100421c2737b6,5.00
5f57db27027655e6c6a391601daa0258,1,1,98.00,1,1,5f57db27027655e6c6a391601daa0258,5.00
61b893c57e33626afb104d4112b1be76,1,1,74.99,0,0,61b893c57e33626afb104d4112b1be76,1.00
61c36f0fc4a47f9532e5512b66668e62,1,1,750.00,1,1,61c36f0fc4a47f9532e5512b66668e62,1.00
6235903333ba7de1928c869e268e5964,1,1,94.06,1,1,6235903333ba7de1928c869e268e5964,5.00
623ad9d0c1e14bb5464a8c72bff7b4af,1,1,95.00,1,1,623ad9d0c1e14bb5464a8c72bff7b4af,4.00
62de60d81c55c29d76a6bce418b31cef,1,1,103.00,1,1,62de60d81c55c29d76a6bce418b31cef,4.00
63191ead8d3b2f937cd1996fdcbbad20,1,1,367.00,1,1,63191ead8d3b2f937cd1996fdcbbad20,5.00
63704069d9bd3a75c1cf59babe56004a,1,1,59.30,1,0,63704069d9bd3a75c1cf59babe56004a,1.00
63bc58679c44e8a998792119fd7ad23e,1,1,19.90,0,0,63bc58679c44e8a998792119fd7ad23e,1.00
64c9a1db4e73e19aaafd3286dc448c96,1,1,439.00,1,1,64c9a1db4e73e19aaafd3286dc448c96,5.00
651530bf5c607240ccdd89a30c9c9712,1,1,199.90,1,1,651530bf5c607240ccdd89a30c9c9712,4.00
6524b847b982cd56bb5d4b02b776ee42,1,2,779.80,2,0,6524b847b982cd56bb5d4b02b776ee42,4.00
6561d6bf844e464b4019442692b40e02,1,1,41.90,1,1,6561d6bf844e464b4019442692b40e02,5.00
6576fd3e23c88f0e5d4d23f39bba0542,1,1,14.50,0,0,6576fd3e23c88f0e5d4d23f39bba0542,1.00
6614814a00d344b846ae209f95ee7e3f,1,1,13.00,1,1,6614814a00d344b846ae209f95ee7e3f,1.00
6624bc09786f0e41ae48dfc5eeb1a9e2,1,1,89.54,1,1,6624bc09786f0e41ae48dfc5eeb1a9e2,5.00
666658b8da8370f30e1f89893b1de5e6,1,2,298.00,0,0,666658b8da8370f30e1f89893b1de5e6,5.00
668bf321538e5072858eaef6087ce027,1,1,19.90,1,1,668bf321538e5072858eaef6087ce027,5.00
66d5ae34537110d3affc56174dad2b2f,1,3,33.81,0,0,66d5ae34537110d3affc56174dad2b2f,1.00
674207551483fec113276b67b0d871ff,1,1,119.90,1,1,674207551483fec113276b67b0d871ff,5.00
686886775c8f6b1191c7b953fb52708c,1,1,189.00,1,1,686886775c8f6b1191c7b953fb52708c,5.00
695051e2981c8b19e77cafe450d5bdf3,1,1,169.76,1,1,695051e2981c8b19e77cafe450d5bdf3,5.00
698624c6632eeba1774924dbea24c700,1,1,19.90,1,1,698624c6632eeba1774924dbea24c700,5.00
6a3139c7bf09ece22a4713d956acbe5e,1,1,61.90,1,1,6a3139c7bf09ece22a4713d956acbe5e,5.00
6b1c4d4d9ccf0be3d8544eb0e71e5318,1,1,1699.00,1,1,6b1c4d4d9ccf0be3d8544eb0e71e5318,5.00
6b2612338467c08c9b25f0cc55b1578d,1,1,92.90,1,1,6b2612338467c08c9b25f0cc55b1578d,4.00
6c6cc59a5c00cacc5054ca06d65cc282,1,1,1107.00,1,1,6c6cc59a5c00cacc5054ca06d65cc282,5.00
6c77cd583b36a13aacccf2b3ee23e233,1,1,18.90,1,1,6c77cd583b36a13aacccf2b3ee23e233,5.00
6d04126aba80df143fd038e711b8fd96,1,1,89.99,1,0,6d04126aba80df143fd038e711b8fd96,1.00
6dd7dce75cd55c1ce255dc38d9f0cd46,1,1,75.00,1,1,6dd7dce75cd55c1ce255dc38d9f0cd46,4.00
6e2d3e2dc84fb30f6078f39dd3bddd6f,1,1,219.00,0,0,6e2d3e2dc84fb30f6078f39dd3bddd6f,1.00
6e85dc5ecd97a61094b89b046a509d8e,1,1,169.90,0,0,6e85dc5ecd97a61094b89b046a509d8e,1.00
6ebf4eceee4dd9847201c82e77ef8123,1,1,59.90,1,1,6ebf4eceee4dd9847201c82e77ef8123,5.00
702835e4b785b67a084280efca355756,1,1,7.60,1,1,702835e4b785b67a084280efca355756,5.00
70c0fda4c313d87115644d39e62eec60,1,1,25.99,1,1,70c0fda4c313d87115644d39e62eec60,5.00
70ee69419916dc13e3aed619061f996c,1,1,45.00,1,1,70ee69419916dc13e3aed619061f996c,3.00
70f7e8018e3d46c748c92f026aa2585a,1,2,239.80,2,2,70f7e8018e3d46c748c92f026aa2585a,5.00
712efd3b68f9686dc856b84abd0f21ae,1,1,139.00,1,1,712efd3b68f9686dc856b84abd0f21ae,4.00
7178e1eaa97257d8b6d4b80efd77a025,1,1,167.90,1,1,7178e1eaa97257d8b6d4b80efd77a025,5.00
720e6cf846ea7572cbb66b743fb91e6c,1,1,54.00,1,1,720e6cf846ea7572cbb66b743fb91e6c,5.00
723a46b89fd5c3ed78ccdf039e33ac63,1,1,66.64,1,1,723a46b89fd5c3ed78ccdf039e33ac63,4.00
72431a818f97fe6ab9c81eee3e297e54,1,1,229.90,1,1,72431a818f97fe6ab9c81eee3e297e54,5.00
72c73be2b085b9d57650dd53eb2004c9,1,1,29.40,1,1,72c73be2b085b9d57650dd53eb2004c9,5.00
740205fedfe4e90ca6857bc77db0f2b4,1,1,229.90,1,1,740205fedfe4e90ca6857bc77db0f2b4,5.00
7494d0dcba8551df6cf37f1b905dc2f7,1,1,45.90,1,1,7494d0dcba8551df6cf37f1b905dc2f7,3.00
749e7cdabbaf72f16677859e27874ba5,1,1,41.90,1,1,749e7cdabbaf72f16677859e27874ba5,1.00
751e274377499a8503fd6243ad9c56f6,1,2,218.00,2,2,751e274377499a8503fd6243ad9c56f6,5.00
75fdd0a732287f9497b179f6bd445d32,1,1,59.90,1,1,75fdd0a732287f9497b179f6bd445d32,5.00
77128dec4bec4878c37ab7d6169d6f26,1,1,6.50,1,1,77128dec4bec4878c37ab7d6169d6f26,5.00
7816cd9c5b1238e320545f5bf7eb80e8,1,1,489.00,1,1,7816cd9c5b1238e320545f5bf7eb80e8,4.00
781a66c0d89e30814d49fe8b5e14cd07,1,1,115.00,1,0,781a66c0d89e30814d49fe8b5e14cd07,1.00
78813699ffac347fe27dba345a5f1551,1,1,152.42,1,1,78813699ffac347fe27dba345a5f1551,5.00
7957cac1a02f45d0a4a7e45626382ec2,1,1,343.00,1,1,7957cac1a02f45d0a4a7e45626382ec2,4.00
7963e546f34e098b578f9ad102494601,1,1,60.99,1,1,7963e546f34e098b578f9ad102494601,5.00
79b93a308a97792cf53ac75f46da00b5,1,1,99.90,1,1,79b93a308a97792cf53ac75f46da00b5,5.00
7a073a40a9d3f1fee8bc45670ea1e909,1,1,95.00,0,0,7a073a40a9d3f1fee8bc45670ea1e909,1.00
7a188843479798ca813108fa7b959286,1,3,149.70,0,0,7a188843479798ca813108fa7b959286,1.00
7a704e63bb29c446869efde5d57524c8,1,1,94.49,1,1,7a704e63bb29c446869efde5d57524c8,5.00
7ab0dd5487bab2dc835337b244f689fb,1,1,12.50,1,1,7ab0dd5487bab2dc835337b244f689fb,5.00
7b3447b497e55af8c15fc7bd89d7b81a,1,1,49.90,1,1,7b3447b497e55af8c15fc7bd89d7b81a,5.00
7b3f6ce5c6c22e9b96e7581ebf0df6e1,1,1,29.80,1,1,7b3f6ce5c6c22e9b96e7581ebf0df6e1,3.00
7bb8fac2913a6064ec412e583c6d8b4d,1,1,109.00,1,1,7bb8fac2913a6064ec412e583c6d8b4d,5.00
7c4402417d51474d4d0cda9557340e40,1,1,119.90,1,1,7c4402417d51474d4d0cda9557340e40,5.00
7c462184585ae80bd6e5774c62ce50f2,1,2,60.00,2,0,7c462184585ae80bd6e5774c62ce50f2,3.00
7cb946b1ad19faebe28c3e86c2794ec3,1,1,25.00,1,1,7cb946b1ad19faebe28c3e86c2794ec3,5.00
7cf4ea70955b00d6b3c22542598e2715,1,1,189.90,1,1,7cf4ea70955b00d6b3c22542598e2715,5.00
7d81e74a4755b552267cd5e081563028,1,1,32.50,1,1,7d81e74a4755b552267cd5e081563028,4.00
7dc9a3355bae96dd82008b313d3a456c,1,1,899.00,1,1,7dc9a3355bae96dd82008b313d3a456c,5.00
7e3dde9ffba72d5340f9aaf09b4424be,1,1,220.00,0,0,7e3dde9ffba72d5340f9aaf09b4424be,1.00
80146bc52c4f6af5239b23de2a20262b,1,2,27.10,0,0,80146bc52c4f6af5239b23de2a20262b,3.00
804287717b9156fb7a787acd9af4fac1,1,1,18.80,1,1,804287717b9156fb7a787acd9af4fac1,5.00
80ceebb4ee9b31afb6c6a916a574a1e2,1,1,6729.00,1,0,NULL,NULL
80cfd480be3eb6d6267139f5cb793555,1,1,99.90,1,1,80cfd480be3eb6d6267139f5cb793555,4.00
820c7c9eaf76d2b226b6c242bcf3f34d,1,1,559.00,1,1,820c7c9eaf76d2b226b6c242bcf3f34d,4.00
82921991ff5b557b045605b8bbf08d49,1,1,18.90,1,1,82921991ff5b557b045605b8bbf08d49,5.00
83d458c0d6d4f94295d63f091460bd60,1,1,89.90,0,0,83d458c0d6d4f94295d63f091460bd60,5.00
8501d82f68d23148b6d78bb7c4a42037,1,1,19.70,0,0,8501d82f68d23148b6d78bb7c4a42037,1.00
850857dfac77488c307e2b1cbd84ab5a,1,1,1599.00,1,1,850857dfac77488c307e2b1cbd84ab5a,5.00
8629a7efec1aab257e58cda559f03ba7,1,1,45.22,1,0,8629a7efec1aab257e58cda559f03ba7,1.00
86649b1632b1c0e6c0bcb2c90a8b75d8,1,1,59.99,0,0,86649b1632b1c0e6c0bcb2c90a8b75d8,1.00
87b4428a334b8f676fd9a7f3bf544fb5,1,1,29.99,1,1,87b4428a334b8f676fd9a7f3bf544fb5,5.00
87d73636a3acf123e842bb890a4db036,1,1,269.90,1,1,87d73636a3acf123e842bb890a4db036,5.00
880ce4951cf857ab1d9e0b75c1d856f4,1,1,178.90,1,1,880ce4951cf857ab1d9e0b75c1d856f4,5.00
880eda903e719a5f179f7e9fceb3a69d,1,1,249.00,0,0,880eda903e719a5f179f7e9fceb3a69d,1.00
889009a0ed0bb52c87819941192931b8,1,1,89.90,1,1,889009a0ed0bb52c87819941192931b8,4.00
88af55b4a7ca402b27df16f7c7c9b5d2,1,1,130.00,0,0,88af55b4a7ca402b27df16f7c7c9b5d2,1.00
88cd3681e0a2ba85e190f7d817629c4c,1,1,180.00,1,1,88cd3681e0a2ba85e190f7d817629c4c,4.00
8936ba0de1073ee888cb3185ae5dc661,1,1,389.99,1,1,8936ba0de1073ee888cb3185ae5dc661,5.00
8b11118053756a9a2932f447e11fc1b5,1,1,79.99,1,1,8b11118053756a9a2932f447e11fc1b5,3.00
8b181ee5518df84f18f4e1a43fe07923,1,1,27.90,1,1,8b181ee5518df84f18f4e1a43fe07923,5.00
8dd386be0767c330276ea6a3f96532d3,1,2,89.98,2,2,8dd386be0767c330276ea6a3f96532d3,5.00
8de8fe3af4449ed695d2434c933ed73e,1,1,2090.00,1,1,8de8fe3af4449ed695d2434c933ed73e,5.00
8e670472e453ba34a379331513d6aab1,1,1,975.00,1,0,8e670472e453ba34a379331513d6aab1,1.00
8ec76bb0965af3f007692b26fa9d6623,1,1,1999.00,1,1,8ec76bb0965af3f007692b26fa9d6623,5.00
8fb67a334bacec338885b4e9e1708073,1,1,59.90,1,1,8fb67a334bacec338885b4e9e1708073,5.00
8fd3b4468f6425810648177996c14cbd,1,1,354.90,1,1,8fd3b4468f6425810648177996c14cbd,5.00
913fd0ebba70bb919f7254a02239173c,1,1,159.90,1,1,913fd0ebba70bb919f7254a02239173c,1.00
9140ef75cc8211c4035935e80e567204,1,1,49.90,1,1,9140ef75cc8211c4035935e80e567204,5.00
9200e6ce317b67196b6b0bad4d4bd567,1,1,36.90,1,1,9200e6ce317b67196b6b0bad4d4bd567,3.00
92992bec39dde5766f590d3b1f46d465,1,1,109.00,0,0,92992bec39dde5766f590d3b1f46d465,1.00
9315e491484b1b0081ca166fc164108d,1,1,29.99,1,1,9315e491484b1b0081ca166fc164108d,3.00
934ed5cd1b9c1c7382d0a94a94b9e639,1,1,125.85,1,1,934ed5cd1b9c1c7382d0a94a94b9e639,5.00
93bef6edaa84956e8e575016449b6351,1,1,115.00,1,1,93bef6edaa84956e8e575016449b6351,5.00
94165aea8a35c3c21499cbcae239b16c,1,1,180.00,1,1,94165aea8a35c3c21499cbcae239b16c,2.00
94d76e96eedd976258cd3278ce56d5f2,1,1,385.61,1,1,94d76e96eedd976258cd3278ce56d5f2,5.00
9523fb39dd240aa958e040f8183d64f3,1,1,146.99,1,1,9523fb39dd240aa958e040f8183d64f3,1.00
9591fc341b1bfb7ef561e2968ec6e011,1,1,79.90,0,0,9591fc341b1bfb7ef561e2968ec6e011,1.00
9599519be538b98748162a2b48248960,1,3,570.00,3,3,9599519be538b98748162a2b48248960,1.00
95cca791657aabeff15a07eb152d7841,1,1,9.99,1,1,95cca791657aabeff15a07eb152d7841,5.00
964ff64dc05b13811c6d0f41e0aa5f6b,1,1,180.00,1,1,964ff64dc05b13811c6d0f41e0aa5f6b,5.00
96f7c797de9ca20efbe14545bed63eec,1,3,138.60,3,3,96f7c797de9ca20efbe14545bed63eec,1.00
97e50a621f8e801f4baf69e08687c192,1,1,89.90,1,1,97e50a621f8e801f4baf69e08687c192,5.00
984c273121e743dd14767befe6cb17f5,1,1,259.60,1,0,984c273121e743dd14767befe6cb17f5,1.00
98f52e1020fe788c10c0418de4393fec,1,1,21.60,1,1,98f52e1020fe788c10c0418de4393fec,4.00
99a25c39b28a74d1151c35c18d178292,1,6,173.94,6,6,99a25c39b28a74d1151c35c18d178292,5.00
9a208dee8f95cfdf00760c4d627828ec,1,1,269.90,0,0,9a208dee8f95cfdf00760c4d627828ec,1.00
9ac75591b69c3402684b6ce0310f22ee,1,1,60.50,1,0,9ac75591b69c3402684b6ce0310f22ee,5.00
9b00cad94ef3078faf6fba2e792c158f,1,1,354.90,1,1,9b00cad94ef3078faf6fba2e792c158f,5.00
9bf11dfc0bec77e5a23028043c3c5a8f,1,1,115.00,1,0,9bf11dfc0bec77e5a23028043c3c5a8f,1.00
9c351405b754cc5ce3e2ecf277bb034a,1,1,45.00,0,0,9c351405b754cc5ce3e2ecf277bb034a,1.00
9c3a1c416c765687bc79a04113269929,1,1,74.90,1,1,9c3a1c416c765687bc79a04113269929,1.00
9c57bc60cfad5ee62d35d3f1ce4593a1,1,1,180.00,1,0,9c57bc60cfad5ee62d35d3f1ce4593a1,1.00
9d69ba0a7a626a64dc5db08e529559cf,1,1,19.30,1,1,9d69ba0a7a626a64dc5db08e529559cf,5.00
9da15f4a4ea758d9eeb49000dbe57e22,1,1,196.90,1,0,9da15f4a4ea758d9eeb49000dbe57e22,2.00
9e25199f6ef7e7c347120ff175652c3b,1,1,12.50,1,1,9e25199f6ef7e7c347120ff175652c3b,4.00
9e94fa26a70ede4d26226e918e8706a2,1,1,62.80,1,1,9e94fa26a70ede4d26226e918e8706a2,5.00
9ef932e837d8b7f392c0bfee9d359dc2,1,1,59.90,1,0,9ef932e837d8b7f392c0bfee9d359dc2,3.00
9fbd5666d8618fa571c4230fafa09bd6,1,1,79.90,1,1,9fbd5666d8618fa571c4230fafa09bd6,5.00
9fe7c6641c79970ab48185498f547c09,1,1,130.00,1,1,9fe7c6641c79970ab48185498f547c09,5.00
a09a13f18ed27932d08438aa6f12756e,1,1,29.90,1,1,a09a13f18ed27932d08438aa6f12756e,3.00
a1040efe9ff4a6f93c28b0499eada8f5,1,1,1658.83,1,1,a1040efe9ff4a6f93c28b0499eada8f5,5.00
a150c540f572d0fb53992264bc5c10b5,1,1,119.90,1,1,a150c540f572d0fb53992264bc5c10b5,4.00
a1bea9970d8f65b240555f99c2214f7f,1,1,75.00,1,1,a1bea9970d8f65b240555f99c2214f7f,3.00
a1ed30492b3b798bc121845bc4aa7366,1,2,41.80,0,0,a1ed30492b3b798bc121845bc4aa7366,3.00
a213f1bd6458f4a158f3746cb2514559,1,1,41.52,1,1,a213f1bd6458f4a158f3746cb2514559,5.00
a2b911e9ad40dc7d61c142a4683e2d85,1,1,85.90,1,1,a2b911e9ad40dc7d61c142a4683e2d85,5.00
a353b1083c9863d756d9404695016d64,1,1,120.00,1,1,a353b1083c9863d756d9404695016d64,5.00
a3b42d266fa8afc874b909422ce88582,1,6,839.40,6,6,a3b42d266fa8afc874b909422ce88582,5.00
a3fa18b3f688ec0fca3eb8bfcbd2d5b3,1,2,47.80,2,2,a3fa18b3f688ec0fca3eb8bfcbd2d5b3,5.00
a45765f8afb1e594b22bf9e974b46765,1,1,79.99,1,1,a45765f8afb1e594b22bf9e974b46765,4.00
a4b8d97cd5d3674eeff96abc99d8ed67,1,1,214.08,1,1,a4b8d97cd5d3674eeff96abc99d8ed67,1.00
a4fc6eadaff1576af888509a53420f6a,1,1,100.86,1,1,a4fc6eadaff1576af888509a53420f6a,3.00
a56a8043ebf66e42119618fb8cf232c6,1,1,83.00,1,1,a56a8043ebf66e42119618fb8cf232c6,5.00
a61cc04793308395a840807104365121,1,1,14.63,1,1,a61cc04793308395a840807104365121,5.00
a663d9c3797e90eac99ff60939416a56,1,1,235.00,1,1,a663d9c3797e90eac99ff60939416a56,5.00
a72f15980dc3e9bfd1a49ac9b2f3af65,1,1,89.90,1,1,a72f15980dc3e9bfd1a49ac9b2f3af65,4.00
a7c53f6b3b61adbdaa99dda97e8cbd56,1,1,99.00,1,1,a7c53f6b3b61adbdaa99dda97e8cbd56,4.00
a7ecf689b40a44361e259b28939023e4,1,1,389.00,1,1,a7ecf689b40a44361e259b28939023e4,5.00
a9415cf907dfa12f9ed18693244f5329,1,2,210.00,2,2,a9415cf907dfa12f9ed18693244f5329,5.00
a99504ac23ed125aaf5302af6cc30af9,1,1,978.00,1,1,a99504ac23ed125aaf5302af6cc30af9,5.00
a9ae440659f48b7849df83e82734150b,1,1,285.00,1,1,a9ae440659f48b7849df83e82734150b,5.00
aa2640d851ec322526f1295bbeb20092,1,2,159.98,2,2,aa2640d851ec322526f1295bbeb20092,3.00
aa8af66c623d7d544dfe4bb85b5ebe3b,1,1,99.00,1,1,aa8af66c623d7d544dfe4bb85b5ebe3b,5.00
aadfe0417e61315688b6bd7043361e25,1,1,289.90,1,1,aadfe0417e61315688b6bd7043361e25,4.00
ac137bac82ffa8548e62bd9d01d2a14f,1,1,49.60,0,0,ac137bac82ffa8548e62bd9d01d2a14f,1.00
ac1ed5fc15901fbc92920361eb4ab350,1,1,110.25,0,0,ac1ed5fc15901fbc92920361eb4ab350,1.00
ac9b01377919cdbd2a1bbb8d5837c70b,1,1,55.90,1,1,ac9b01377919cdbd2a1bbb8d5837c70b,3.00
ace601496e211a664100321f038f50af,1,1,165.00,0,0,ace601496e211a664100321f038f50af,2.00
ad14615bdd492b01b0d97922e87cb87f,1,1,8.25,1,1,ad14615bdd492b01b0d97922e87cb87f,5.00
ad738d3fcf42655ed15c4960b7b6c601,1,1,65.00,0,0,ad738d3fcf42655ed15c4960b7b6c601,1.00
ad8ada0ffa993cb1197d102d9ab21a3e,1,2,599.80,0,0,ad8ada0ffa993cb1197d102d9ab21a3e,1.00
ae45ad30c2d2e5913094769690a239d2,1,2,251.80,2,2,ae45ad30c2d2e5913094769690a239d2,5.00
ae9690c6e8fee182c28c9ff8e11ca52c,1,1,47.40,1,1,ae9690c6e8fee182c28c9ff8e11ca52c,5.00
aec99834ab5d38ead22766ada8497e87,1,1,459.00,1,1,aec99834ab5d38ead22766ada8497e87,5.00
afac9f6b0c4e5f0a7ee87e922cd0f873,1,1,20.99,0,0,afac9f6b0c4e5f0a7ee87e922cd0f873,1.00
b00af24704019bd2e1b335e70ad11f7c,1,1,189.00,1,1,b00af24704019bd2e1b335e70ad11f7c,5.00
b026643914f651e8371425e5b8a1e780,1,1,27.90,1,1,b026643914f651e8371425e5b8a1e780,5.00
b19c48688808720822399ffa9f2dbe2f,1,1,959.99,1,1,b19c48688808720822399ffa9f2dbe2f,5.00
b2bdc5e7940a7d7ca8c4a37953b27a42,1,1,250.00,0,0,b2bdc5e7940a7d7ca8c4a37953b27a42,4.50
b2f4d63c7203f539a78252565ca32257,1,1,14.90,1,1,b2f4d63c7203f539a78252565ca32257,5.00
b3809b8d4394588a47c8470ea331e135,1,1,89.00,1,1,b3809b8d4394588a47c8470ea331e135,4.00
b57e8460909fa137df7951b4a3b5ea84,1,2,198.00,0,0,b57e8460909fa137df7951b4a3b5ea84,2.00
b5b800c4065bebf4d3442311c9857344,1,1,79.90,1,1,b5b800c4065bebf4d3442311c9857344,5.00
b5d034ac251546e25afe9067f05c1539,1,1,69.90,1,1,b5d034ac251546e25afe9067f05c1539,5.00
b5dd7151a92ccaaa282cbe9681a05f44,1,1,85.00,1,1,b5dd7151a92ccaaa282cbe9681a05f44,5.00
b5f0712d22a873b6797ab6cc65c3fcba,1,1,12.99,1,1,b5f0712d22a873b6797ab6cc65c3fcba,4.00
b5f49fe968dff6b112861e6cd8e192ef,1,2,194.70,2,2,b5f49fe968dff6b112861e6cd8e192ef,5.00
b6c6854d4d92a5f6f46be8869da3fa1a,1,1,69.90,0,0,b6c6854d4d92a5f6f46be8869da3fa1a,1.00
b6f52e346160519c24a23af05410ad32,1,1,129.90,1,1,b6f52e346160519c24a23af05410ad32,4.00
b76f4d90e85657a240495c876313adc5,1,1,299.00,1,1,b76f4d90e85657a240495c876313adc5,5.00
b86a47b3366e3b5424a7b225781f4908,1,1,86.50,1,1,b86a47b3366e3b5424a7b225781f4908,3.00
b9de031b671cd48b28fae9d828cbf2b4,1,1,155.32,1,1,b9de031b671cd48b28fae9d828cbf2b4,5.00
ba8e85df286308fe68a2ce83a8f8b2d6,1,1,80.90,1,1,ba8e85df286308fe68a2ce83a8f8b2d6,5.00
bab0a8cd684e41ba6e2637dca0979d3b,1,1,269.90,1,1,bab0a8cd684e41ba6e2637dca0979d3b,5.00
babcc0ab201e4c60188427cae51a5b8b,1,1,79.00,1,1,babcc0ab201e4c60188427cae51a5b8b,5.00
bac44fa8e13424950488659b5f765c41,1,1,19.90,1,1,bac44fa8e13424950488659b5f765c41,5.00
bac692d6c0ed08467878018e6cc9c26c,1,3,477.00,3,3,bac692d6c0ed08467878018e6cc9c26c,4.00
baeda7047354773262ba2405f97038ba,1,1,35.00,1,1,baeda7047354773262ba2405f97038ba,5.00
baf15155e37ef5492731459bdc05be8a,1,1,47.00,1,1,baf15155e37ef5492731459bdc05be8a,5.00
bba8d0c234a52b87b3957037a215d1a4,1,1,120.00,1,1,bba8d0c234a52b87b3957037a215d1a4,5.00
bbf4a892cac7b82422baa711dffb8997,1,1,70.00,1,1,bbf4a892cac7b82422baa711dffb8997,5.00
bc8c8d665ec4664d286be0d521722b19,1,1,22.50,1,0,bc8c8d665ec4664d286be0d521722b19,2.00
bcd2d7510d58e293f20fad6438c1b314,1,1,23.90,1,0,NULL,NULL
bcf5566870987da7bc811fbc8c5b9fd9,1,4,96.00,0,0,bcf5566870987da7bc811fbc8c5b9fd9,1.00
bd43e172d599bed47a85da877172ca8c,1,1,23.92,1,1,bd43e172d599bed47a85da877172ca8c,5.00
bd65d163ded559eb90a10cd09fec178f,1,2,19.80,2,2,bd65d163ded559eb90a10cd09fec178f,4.00
be67f78487e2cecb0d55bc769709e4f5,1,1,102.00,1,1,be67f78487e2cecb0d55bc769709e4f5,5.00
be7a093e5b4d147b36b72bb1f9e415e5,1,1,60.90,1,1,be7a093e5b4d147b36b72bb1f9e415e5,5.00
bf0d50a6410d487dc97d2baac0a8c0be,1,1,27.90,0,0,bf0d50a6410d487dc97d2baac0a8c0be,2.00
c00396cbdd2e088fe4281baa5920aef1,1,3,832.41,3,3,c00396cbdd2e088fe4281baa5920aef1,5.00
c026ef0d72e9132d9fa112308090c8dc,1,1,520.00,1,1,c026ef0d72e9132d9fa112308090c8dc,4.00
c092292535a57dacd95a8765f5518f87,1,1,125.00,1,1,c092292535a57dacd95a8765f5518f87,5.00
c0e0b73d039eb9a99b6ce4cb7a429cd3,1,1,29.88,1,1,c0e0b73d039eb9a99b6ce4cb7a429cd3,5.00
c0f3eea2e14555b6faeea3dd58c1b1c3,1,1,79.99,1,1,c0f3eea2e14555b6faeea3dd58c1b1c3,5.00
c12d7463a579237ffb9248bd7cff378b,1,1,25.90,1,1,c12d7463a579237ffb9248bd7cff378b,4.00
c13ef0cfbe42f190780f621ce81f2234,1,1,390.00,1,0,c13ef0cfbe42f190780f621ce81f2234,3.00
c18309219e789960add0b2255ca4b091,1,1,9.90,1,1,c18309219e789960add0b2255ca4b091,5.00
c1dde11f12d05c478f5de2d7319ad3b2,1,1,12.50,1,1,c1dde11f12d05c478f5de2d7319ad3b2,1.00
c200c73f9d7e5a08ca439d6a0803da7c,1,2,40.00,0,0,c200c73f9d7e5a08ca439d6a0803da7c,1.00
c240c4061717ac1806ae6ee72be3533b,1,1,59.90,1,1,c240c4061717ac1806ae6ee72be3533b,4.00
c360e4787614ed31ac7a2f95d3b22dc6,1,1,188.90,1,1,c360e4787614ed31ac7a2f95d3b22dc6,2.00
c3e2398fcc7e581cda2e546557bf6968,1,1,14.90,1,1,c3e2398fcc7e581cda2e546557bf6968,5.00
c43d924a0f1688ee9fae0efcd6f539d4,1,1,29.90,1,1,c43d924a0f1688ee9fae0efcd6f539d4,4.00
c52c644cc0dc85121207a27013efc6af,1,2,397.80,2,2,c52c644cc0dc85121207a27013efc6af,5.00
c542f5a8c64d973f30e9df8d06f70b4a,1,1,81.00,0,0,c542f5a8c64d973f30e9df8d06f70b4a,1.00
c611f4ce9ce875bcc063fa97fd4d7d12,1,1,319.00,1,0,c611f4ce9ce875bcc063fa97fd4d7d12,4.00
c716e0b86ed568878475b60fbb6323ad,1,1,35.00,1,1,c716e0b86ed568878475b60fbb6323ad,5.00
c7246702dc991a06d788120dc7544391,1,1,54.86,1,1,c7246702dc991a06d788120dc7544391,5.00
c747d5b92c7648417faea95d36d763e8,1,1,139.00,1,1,c747d5b92c7648417faea95d36d763e8,5.00
c74f14c1e26cf1bd5bd34b6a1e274426,1,1,39.00,1,1,c74f14c1e26cf1bd5bd34b6a1e274426,5.00
c7b7db6c8f3c64a7cc1afa634db21d50,1,1,1489.00,1,0,c7b7db6c8f3c64a7cc1afa634db21d50,1.00
c8143b3069f6746a77421b5ce30a450c,1,1,142.47,1,1,c8143b3069f6746a77421b5ce30a450c,5.00
c85d7b477a709c85a1e8b8f25aa1b270,1,2,75.00,0,0,c85d7b477a709c85a1e8b8f25aa1b270,1.00
c8665a4dd081a2c436b1cd921079d0d9,1,1,79.39,1,1,c8665a4dd081a2c436b1cd921079d0d9,5.00
c8771b1a10bb99bb34d3c459c5cffb53,1,1,64.90,1,1,c8771b1a10bb99bb34d3c459c5cffb53,5.00
c87abc38c8ed3240861729e1aeadf221,1,1,133.00,1,1,c87abc38c8ed3240861729e1aeadf221,1.00
c88f62b4c386a59281014d677864d016,1,1,1099.00,0,0,c88f62b4c386a59281014d677864d016,1.00
c963a25b8671419c6ce9eebe8fd03218,1,1,49.00,1,1,c963a25b8671419c6ce9eebe8fd03218,5.00
c97aa4ee7420f937da13b7f9e2228b99,1,1,29.90,1,1,c97aa4ee7420f937da13b7f9e2228b99,1.00
c9d2ba8dde44a275ae06475ed1d2fafc,1,1,28.79,1,1,c9d2ba8dde44a275ae06475ed1d2fafc,5.00
ca5832c6960267b71041f74bb39e8b12,1,1,79.90,1,0,ca5832c6960267b71041f74bb39e8b12,1.00
cad10cc982ab6a391570c211b995c17c,1,1,47.40,1,1,cad10cc982ab6a391570c211b995c17c,5.00
cb162c8eef257253782d245c08d9097c,1,1,34.99,1,1,cb162c8eef257253782d245c08d9097c,5.00
cb4a705d00e100b9732d0ca34817d441,1,2,998.00,2,2,cb4a705d00e100b9732d0ca34817d441,1.00
cb810bd318f51b3dc3c753944d61a1fa,1,1,1750.00,1,1,cb810bd318f51b3dc3c753944d61a1fa,4.00
cc1f04647be106ba74e62b21f358af25,1,1,11.90,1,1,cc1f04647be106ba74e62b21f358af25,1.00
